position,examination
0,0.0
1,0.94662184
2,0.48203236
3,-0.55002636
4,-0.6044976
5,-0.09101567
6,-0.5255334
7,-1.6995912
8,-0.07870093
9,2.0022774
