feature,relevance
0,3.2423272
1,-0.9476032
