feature,relevance
0,5.7953877
1,-4.9119773
