feature,relevance
0,3.0929046
1,0.061363548
