feature,relevance
0,6.0924497
1,-3.9539962
