feature,relevance
0,4.911334
1,-2.9519975
