feature,relevance
0,3.2589104
1,1.0930188
