feature,relevance
0,3.7542834
1,-1.9491175
