feature,relevance
0,3.621664
1,-1.6626279
