position,examination
0,-0.50262356
1,1.0407618
2,0.6006327
3,0.33800188
4,0.08287444
5,-0.06426092
6,-0.21340694
7,-0.33302218
8,-0.45946497
9,-0.49883598
