position,examination
0,3.4973764
1,0.78552556
2,0.33157083
3,0.05407623
4,-0.19894536
5,-0.34708866
6,-0.50024885
7,-0.6256313
8,-0.7467434
9,-0.7830784
