position,examination
0,1.4973764
1,0.8470951
2,0.36193106
3,0.16479701
4,-0.16267939
5,-0.30389434
6,-0.42409083
7,-0.49186
8,-0.6800102
9,-0.79548675
