position,examination
0,4.4973764
1,0.7289006
2,0.2744833
3,-0.0028386966
4,-0.25611687
5,-0.40422767
6,-0.5574225
7,-0.6829628
8,-0.8040146
9,-0.84047604
