position,examination
0,-1.5026236
1,1.0892931
2,0.6402285
3,0.36566907
4,0.113158554
5,-0.035273768
6,-0.18718676
7,-0.31196702
8,-0.43384978
9,-0.4704624
