position,examination
0,2.4973764
1,0.7888754
2,0.33401477
3,0.056577064
4,-0.1973333
5,-0.34573844
6,-0.4989916
7,-0.6236138
8,-0.74553686
9,-0.78176594
