position,examination
0,-1.7696898
1,0.855762
2,0.49973488
3,-0.020205906
4,-0.019820465
5,0.03505822
6,0.10845189
7,0.030520735
8,0.12117691
9,0.13716094
