position,examination
0,1.2303102
1,0.54772305
2,0.18212321
3,-0.36322936
4,-0.36177087
5,-0.29583558
6,-0.22523756
7,-0.31278807
8,-0.20523776
9,-0.19452633
