position,examination
0,0.2303102
1,0.514742
2,0.18502118
3,-0.1271366
4,-0.1339349
5,-0.19155058
6,-0.111907445
7,-0.12581852
8,-0.14981946
9,-0.09806869
