position,examination
0,0.0
1,-0.72083163
2,-1.1001991
3,-1.3654567
4,-1.5858775
5,-1.7817271
6,-1.9095405
7,-2.0452533
8,-2.141228
9,-2.273169
