feature,relevance
0,-1.0455786
1,-2.1241941
