feature,relevance
0,-0.90708673
1,-1.880615
