feature,relevance
0,-0.7327408
1,-1.7497423
