feature,relevance
0,-0.98641056
1,-1.9853406
