feature,relevance
0,-2.6386175
1,-3.826932
