feature,relevance
0,-1.3877969
1,-2.539449
