feature,relevance
0,-1.6854832
1,-3.3087406
