feature,relevance
0,-2.2233133
1,-3.9474378
