position,examination
0,3.4640777
1,0.43423936
2,0.026062319
3,-0.7867244
4,-0.87624687
5,-0.5614836
6,-1.07992
7,-1.6670151
8,0.03467551
9,1.035729
