position,examination
0,1.4640777
1,0.57606465
2,0.121678405
3,-0.47788653
4,-0.69197655
5,-0.4194494
6,-0.8669735
7,-1.1988544
8,0.42784753
9,1.0727903
