position,examination
0,-0.5359222
1,0.8325683
2,0.43596733
3,-0.33305266
4,-0.4293773
5,-0.13204956
6,-0.64441967
7,-1.1957189
8,0.49804717
9,1.4478152
