position,examination
0,0.46407777
1,0.75630707
2,0.35980657
3,-0.4633939
4,-0.54084396
5,-0.22621855
6,-0.74979115
7,-1.3534245
8,0.35050875
9,1.4020007
