position,examination
0,-2.5359223
1,1.0671111
2,0.6645647
3,-0.11259727
4,-0.2003327
5,0.09167092
6,-0.4508195
7,-0.9741558
8,0.7285729
9,1.687677
