position,examination
0,4.515188
1,0.5893187
2,0.20600395
3,-0.11774464
4,-0.33393985
5,-0.49030164
6,-0.63843685
7,-0.87254506
8,-0.85986066
9,-0.9109088
