position,examination
0,1.5151885
1,0.80820626
2,0.4128607
3,0.08831321
4,-0.11463013
5,-0.28187478
6,-0.4262082
7,-0.6319069
8,-0.62758124
9,-0.69353926
