position,examination
0,-0.48481154
1,0.90527534
2,0.5289467
3,0.20793493
4,-0.007385046
5,-0.16347562
6,-0.310114
7,-0.5437024
8,-0.5309168
9,-0.5818232
