position,examination
0,2.5151885
1,0.80746716
2,0.34838974
3,-0.015546152
4,-0.23181939
5,-0.39751405
6,-0.55199456
7,-0.7907105
8,-0.7744414
9,-0.84524965
