position,examination
0,3.5151885
1,0.6263967
2,0.23289223
3,-0.09464697
4,-0.3114466
5,-0.46935582
6,-0.6170155
7,-0.8519202
8,-0.83973193
9,-0.8910764
