position,examination
0,-1.4848115
1,0.9122149
2,0.5335236
3,0.21139024
4,-0.0044172206
5,-0.16038541
6,-0.3079823
7,-0.54159635
8,-0.52867794
9,-0.5796578
