position,examination
0,0.51518846
1,0.8728514
2,0.5046542
3,0.18965027
4,-0.022503464
5,-0.17929204
6,-0.31980762
7,-0.55237323
8,-0.5403065
9,-0.5912187
