position,examination
0,1.6963122
1,1.8253341
2,0.47648573
3,0.13265023
4,-0.12201618
5,-0.45504707
6,-0.63573796
7,-0.90324324
8,-1.0203037
9,-0.9442852
