position,examination
0,0.0
1,-0.70259404
2,-1.0942197
3,-1.4206403
4,-1.6084311
5,-1.8299732
6,-1.9214238
7,-2.0057025
8,-2.223265
9,-2.1297178
