feature,relevance
0,3.5910141
1,-3.6570117
