position,examination
0,0.0
1,-0.70487785
2,-1.0707667
3,-1.3675542
4,-1.5552536
5,-1.750215
6,-1.9384093
7,-2.0267735
8,-2.1723964
9,-2.2588732
