feature,relevance
0,0.43366617
1,0.29895267
