feature,relevance
0,0.32167554
1,0.324801
