feature,relevance
0,0.49681368
1,0.36401322
