feature,relevance
0,-0.030482277
1,0.29805207
