feature,relevance
0,0.092044204
1,0.33229586
