feature,relevance
0,-0.8107445
1,-1.4820684
