feature,relevance
0,0.52957743
1,0.28642672
