feature,relevance
0,0.7157922
1,0.29761612
