position,examination
0,0.0
1,-0.7021438
2,-1.1261549
3,-1.4076908
4,-1.6353858
5,-1.7838973
6,-1.9370085
7,-2.0635352
8,-2.1607342
9,-2.237915
