feature,relevance
0,0.77599525
1,0.30388698
