feature,relevance
0,0.015601952
1,0.31604084
