feature,relevance
0,-0.30883196
1,0.34860185
