feature,relevance
0,0.64935404
1,0.3169168
