position,examination
0,0.15109505
1,0.25007993
2,-0.011893246
3,0.7405388
4,0.13024412
5,0.31502855
6,-0.18950693
7,-0.24829492
8,-0.6867843
9,-0.80761045
