position,examination
0,4.351307
1,-0.77635187
2,-1.0981078
3,0.22416766
4,-0.741886
5,0.15162002
6,-3.008739
7,0.50836366
8,0.65333986
9,0.7188218
