position,examination
0,2.315728
1,-1.1788154
2,2.3274336
3,-0.40249383
4,-3.9257932
5,-1.0903367
6,0.1633804
7,-1.1707144
8,-1.1899202
9,0.6335708
