position,examination
0,4.493147
1,0.74456334
2,0.30367553
3,0.057165686
4,-0.1410019
5,-0.36929703
6,-0.5081416
7,-0.7046449
8,-0.7542827
9,-0.65805054
