position,examination
0,-1.506853
1,0.91669834
2,0.47899863
3,0.23262471
4,0.034878172
5,-0.19308731
6,-0.3316567
7,-0.52816945
8,-0.5779239
9,-0.4815607
