position,examination
0,1.493147
1,0.8033764
2,0.3636673
3,0.092473775
4,-0.10624152
5,-0.3019106
6,-0.43692812
7,-0.62489605
8,-0.7221408
9,-0.5862777
