position,examination
0,0.0
1,-0.77317715
2,-1.259093
3,-1.6392074
4,-1.9620042
5,-2.1791592
6,-2.432918
7,-2.6323822
8,-2.842386
9,-3.0185645
10,-3.1699495
11,-3.3311048
12,-3.489287
13,-3.6234028
14,-3.7505739
15,-3.8710408
16,-4.0343447
17,-4.1206026
18,-4.285266
19,-4.4062104
20,-4.54541
21,-4.704161
22,-4.8762245
23,-5.110658
24,-5.3904295
