position,examination
0,0.0
1,2.195252
2,1.8058845
3,1.5824066
4,1.2862465
5,1.0987756
6,1.361907
7,1.878702
8,2.466731
9,2.6450443
