position,examination
0,0.0
1,-0.80474806
2,-1.1941155
3,-1.4175934
4,-1.7137535
5,-1.9012244
6,-1.638093
7,-1.121298
8,-0.53326905
9,-0.3549556
