position,examination
0,0.0
1,-2.804748
2,-3.1941156
3,-3.4175935
4,-3.7137535
5,-3.9012244
6,-3.638093
7,-3.1212978
8,-2.533269
9,-2.3549557
