position,examination
0,0.0
1,-1.804748
2,-2.1941156
3,-2.4175935
4,-2.7137535
5,-2.9012244
6,-2.638093
7,-2.1212978
8,-1.533269
9,-1.3549557
