position,examination
0,0.0
1,1.195252
2,0.8058845
3,0.58240664
4,0.28624654
5,0.098775625
6,0.361907
7,0.87870204
8,1.466731
9,1.6450443
