position,examination
0,0.0
1,0.19525194
2,-0.19411552
3,-0.41759336
4,-0.71375346
5,-0.9012244
6,-0.638093
7,-0.121297956
8,0.46673095
9,0.6450444
