position,examination
0,0.0
1,-3.804748
2,-4.1941156
3,-4.4175935
4,-4.7137537
5,-4.901224
6,-4.638093
7,-4.121298
8,-3.533269
9,-3.3549557
