feature,relevance
0,3.090756
1,-4.7277236
