feature,relevance
0,-2.8714042
1,-3.5607672
