feature,relevance
0,-2.973333
1,-3.679731
