feature,relevance
0,2.9599686
1,-3.730537
