feature,relevance
0,6.81559
1,-3.5963974
