feature,relevance
0,10.655706
1,-3.5849557
