feature,relevance
0,7.0082393
1,-3.6628838
