feature,relevance
0,-2.7577817
1,-3.837424
