position,examination
0,0.91058004
1,0.6380438
2,0.18850131
3,-0.44718882
4,-0.48327547
5,-0.46612546
6,-0.9448944
7,-0.90138054
8,0.57821
9,0.9279102
