position,examination
0,4.3204956
1,2.4752793
2,1.0633699
3,0.33120993
4,-0.5952869
5,-1.1318208
6,-1.3199375
7,-1.5992334
8,-1.7474471
9,-1.7798809
