position,examination
0,3.3204956
1,1.2446293
2,0.27126902
3,-0.02824869
4,-0.39746267
5,-0.6345572
6,-0.70473665
7,-0.94842446
8,-1.0385652
9,-1.0665296
