position,examination
0,1.3204957
1,0.6595857
2,0.19060856
3,0.06865399
4,-0.15666853
5,-0.3375484
6,-0.30058292
7,-0.44069856
8,-0.4940345
9,-0.52414274
