position,examination
0,-1.6795043
1,0.52695334
2,0.3072494
3,0.19008116
4,0.06260291
5,0.044339854
6,0.18909672
7,0.13284077
8,0.11086359
9,0.09105384
