position,examination
0,2.3204956
1,1.0714545
2,0.45907816
3,0.23613939
4,-0.18569037
5,-0.5057533
6,-0.6077531
7,-0.8489553
8,-0.92987794
9,-1.014516
