position,examination
0,0.0
1,0.19649291
2,-0.10849023
3,-0.64901197
4,-0.8312962
5,-0.7111174
6,-0.7629713
7,-0.38860023
8,0.54386395
9,0.8831241
