position,examination
0,0.0
1,-1.8034295
2,-2.1083813
3,-2.6488957
4,-2.8312187
5,-2.7110293
6,-2.7629018
7,-2.3884604
8,-1.4559722
9,-1.1167886
