position,examination
0,0.0
1,-2.8034296
2,-3.1083813
3,-3.6488957
4,-3.8312187
5,-3.7110293
6,-3.7629018
7,-3.3884604
8,-2.4559722
9,-2.1167886
