position,examination
0,0.0
1,-3.8034296
2,-4.1083813
3,-4.6488957
4,-4.8312187
5,-4.711029
6,-4.762902
7,-4.38846
8,-3.4559722
9,-3.1167886
