position,examination
0,0.0
1,-0.8035071
2,-1.1084902
3,-1.649012
4,-1.8312962
5,-1.7111174
6,-1.7629713
7,-1.3886002
8,-0.45613605
9,-0.11687589
