position,examination
0,0.0
1,-0.8031126
2,-1.1078137
3,-1.6484146
4,-1.8310024
5,-1.7106664
6,-1.7626176
7,-1.3877723
8,-0.45528322
9,-0.116128325
