position,examination
0,0.0
1,-0.8034295
2,-1.1083812
3,-1.6488957
4,-1.8312187
5,-1.7110293
6,-1.7629018
7,-1.3884604
8,-0.4559722
9,-0.116788685
