position,examination
0,0.0
1,1.1964929
2,0.8915098
3,0.35098803
4,0.1687038
5,0.2888826
6,0.23702872
7,0.61139977
8,1.543864
9,1.8831241
