position,examination
0,0.0
1,2.196493
2,1.8915098
3,1.350988
4,1.1687038
5,1.2888826
6,1.2370287
7,1.6113998
8,2.543864
9,2.883124
