feature,relevance
0,-4.0654616
1,-3.8127043
