feature,relevance
0,1.380382
1,-4.099038
