feature,relevance
0,-3.1963372
1,-3.7880166
