feature,relevance
0,10.547132
1,-3.9792676
