feature,relevance
0,5.77956
1,-4.664288
