feature,relevance
0,5.7784796
1,-4.663971
