feature,relevance
0,18.289213
1,-4.1522236
