feature,relevance
0,19.541609
1,-3.9833999
