feature,relevance
0,5.812482
1,-4.6640377
