feature,relevance
0,-4.263501
1,-3.655884
