position,examination
0,0.0
1,-0.6854559
2,-1.0933139
3,-1.3824718
4,-1.6140074
5,-1.7984903
6,-1.9190699
7,-2.0643003
8,-2.197113
9,-2.1671424
