position,examination
0,0.13972473
1,0.12630269
2,-0.09537043
3,-0.36790448
4,-0.61628133
5,-0.6057918
6,-0.32226864
7,0.33176437
8,0.6854981
9,0.7296019
