position,examination
0,1.1397247
1,0.29735935
2,-0.08219063
3,-0.30280527
4,-0.5711324
5,-0.5709203
6,-0.49322015
7,-0.0987985
8,0.28666112
9,0.401774
