position,examination
0,3.1397247
1,0.87999845
2,0.23375086
3,-0.1749903
4,-0.66818535
5,-0.6117845
6,-0.9098621
7,-0.8077873
8,-0.57504004
9,-0.48310706
