position,examination
0,2.1397247
1,0.78147066
2,0.37496674
3,0.077613965
4,-0.36114717
5,-0.35505992
6,-0.68213934
7,-0.7254197
8,-0.6457847
9,-0.5871309
