position,examination
0,4.1397247
1,2.2782032
2,1.1367929
3,0.21025696
4,-0.64767605
5,-0.9007143
6,-1.6880832
7,-1.6310229
8,-1.4495918
9,-1.4448702
