position,examination
0,-0.86027527
1,-0.14401309
2,-0.15290254
3,-0.38653153
4,-0.52460927
5,-0.42817464
6,-0.09368594
7,0.63155586
8,0.96979374
9,0.97247297
