position,examination
0,-1.8602753
1,0.47641218
2,0.27052638
3,-0.034452736
4,-0.26413682
5,-0.20525041
6,-0.23558511
7,0.22594233
8,0.7576339
9,0.84844375
