position,examination
0,1.1397247
1,0.33802426
2,0.042675488
3,-0.33108908
4,-0.58720326
5,-0.4818559
6,-0.5802742
7,-0.26646492
8,0.2803603
9,0.44901702
