position,examination
0,0.0
1,-0.69659126
2,-1.0957634
3,-1.3497481
4,-1.6006275
5,-1.7793638
6,-1.9188458
7,-2.090932
8,-2.183435
9,-2.2817826
