position,examination
0,2.2510576
1,0.41247156
2,0.094908975
3,-0.40973788
4,-0.4681534
5,-0.40618178
6,-0.41556096
7,-0.43907148
8,-0.33251572
9,-0.3929792
