position,examination
0,-0.7489424
1,0.69333696
2,0.38084787
3,-0.122169495
4,-0.17772137
5,-0.11814919
6,-0.13066854
7,-0.15718783
8,-0.05152252
9,-0.11266379
