position,examination
0,1.2510576
1,0.53717047
2,0.2125805
3,-0.27155465
4,-0.3273785
5,-0.28407493
6,-0.27308282
7,-0.31463024
8,-0.22204353
9,-0.27015108
