position,examination
0,1.2510576
1,0.5342476
2,0.2191663
3,-0.28433624
4,-0.3398756
5,-0.28043213
6,-0.29328933
7,-0.32031626
8,-0.21254486
9,-0.2739295
