position,examination
0,4.2510576
1,0.36560798
2,0.050421923
3,-0.45333123
4,-0.5091084
5,-0.44939497
6,-0.46228167
7,-0.489425
8,-0.38238686
9,-0.4438748
