position,examination
0,0.0
1,-3.9543848
2,-4.387095
3,-4.6663814
4,-4.9089375
5,-5.0647593
6,-4.6539316
7,-4.194232
8,-3.3490996
9,-3.3950422
