position,examination
0,0.0
1,-1.9543849
2,-2.387095
3,-2.6663814
4,-2.9089372
5,-3.0647595
6,-2.6539319
7,-2.194232
8,-1.3490995
9,-1.3950422
