position,examination
0,0.0
1,0.045615077
2,-0.38709497
3,-0.66638136
4,-0.9089372
5,-1.0647595
6,-0.65393186
7,-0.19423199
8,0.6509005
9,0.6049579
