position,examination
0,0.0
1,-2.9543848
2,-3.387095
3,-3.6663814
4,-3.9089372
5,-4.0647593
6,-3.6539319
7,-3.194232
8,-2.3490996
9,-2.3950422
