position,examination
0,0.0
1,1.0456151
2,0.612905
3,0.33361864
4,0.091062784
5,-0.06475949
6,0.34606814
7,0.805768
8,1.6509005
9,1.6049578
