position,examination
0,0.0
1,-0.9543849
2,-1.387095
3,-1.6663814
4,-1.9089372
5,-2.0647595
6,-1.6539319
7,-1.194232
8,-0.34909952
9,-0.39504212
