position,examination
0,0.0
1,2.0456152
2,1.612905
3,1.3336186
4,1.0910628
5,0.9352405
6,1.3460681
7,1.805768
8,2.6509004
9,2.6049578
