feature,relevance
0,-2.8839989
1,-3.931538
