feature,relevance
0,-2.8721986
1,-3.964435
