feature,relevance
0,-2.3613288
1,-3.8500571
