feature,relevance
0,-2.9398024
1,-3.6825154
