feature,relevance
0,-3.0774546
1,-3.9917705
