feature,relevance
0,-3.0273495
1,-4.1096854
