feature,relevance
0,-3.045713
1,-4.7278757
