feature,relevance
0,-2.7712846
1,-3.7455661
