position,examination
0,-1.4937232
1,0.91412055
2,0.5634212
3,0.34564376
4,0.18070081
5,0.07136854
6,-0.049150743
7,-0.15709616
8,-0.21111196
9,-0.24934684
