position,examination
0,1.5062768
1,0.8150706
2,0.39790237
3,0.101288736
4,-0.12011608
5,-0.26211214
6,-0.43989986
7,-0.6796177
8,-0.6787143
9,-0.6454312
