position,examination
0,0.50627685
1,0.7645761
2,0.4289802
3,0.16894883
4,-0.015896171
5,-0.17460673
6,-0.30587253
7,-0.41945428
8,-0.4821122
9,-0.531357
