position,examination
0,3.5062768
1,1.3858762
2,0.7735293
3,0.22113918
4,-0.22075239
5,-0.5298179
6,-0.9056818
7,-1.3466448
8,-1.3949876
9,-1.380949
