position,examination
0,3.800709
1,0.3783998
2,0.09553922
3,-0.56206334
4,-0.6799256
5,-0.5348594
6,-1.0572917
7,-1.2297306
8,0.49445984
9,0.7711743
