position,examination
0,0.800709
1,0.5474581
2,0.26449922
3,-0.39299387
4,-0.5107073
5,-0.36594898
6,-0.888346
7,-1.0611871
8,0.66292936
9,0.94126254
