position,examination
0,-0.19929099
1,0.60226476
2,0.34491998
3,-0.3049333
4,-0.39615923
5,-0.28676182
6,-0.8050462
7,-0.97585857
8,0.69226784
9,0.97913814
