position,examination
0,-2.199291
1,0.72149307
2,0.45254165
3,-0.18948206
4,-0.30631927
5,-0.17369822
6,-0.6736375
7,-0.84901065
8,0.82581115
9,1.114187
