position,examination
0,0.0
1,0.1875068
2,-0.21826816
3,-0.40001893
4,-0.68336976
5,-0.9594197
6,-0.7750859
7,-0.5286304
8,-0.060560107
9,0.09308195
