position,examination
0,0.0
1,-0.8124932
2,-1.2182682
3,-1.4000189
4,-1.6833698
5,-1.9594197
6,-1.7750859
7,-1.5286304
8,-1.0605601
9,-0.90691805
