position,examination
0,0.0
1,-3.8124933
2,-4.2182684
3,-4.4000187
4,-4.6833696
5,-4.9594197
6,-4.775086
7,-4.5286303
8,-4.06056
9,-3.906918
