position,examination
0,0.0
1,1.1875068
2,0.78173184
3,0.59998107
4,0.31663024
5,0.040580273
6,0.22491407
7,0.47136962
8,0.9394399
9,1.093082
