position,examination
0,0.0
1,-1.8124932
2,-2.2182682
3,-2.400019
4,-2.6833696
5,-2.9594197
6,-2.775086
7,-2.5286303
8,-2.0605602
9,-1.906918
