position,examination
0,0.0
1,-2.8124933
2,-3.2182682
3,-3.400019
4,-3.6833696
5,-3.9594197
6,-3.775086
7,-3.5286303
8,-3.0605602
9,-2.906918
