position,examination
0,0.0
1,2.1875067
2,1.7817318
3,1.5999811
4,1.3166302
5,1.0405803
6,1.2249141
7,1.4713696
8,1.9394399
9,2.093082
