feature,relevance
0,-1.3217032
1,-3.1215436
