feature,relevance
0,-1.364615
1,-3.0244834
