feature,relevance
0,-1.395513
1,-2.9668303
