feature,relevance
0,-2.5517154
1,-4.5106235
