feature,relevance
0,-1.2798767
1,-3.695342
