feature,relevance
0,-1.257658
1,-3.519115
