feature,relevance
0,-1.3865383
1,-2.9833336
