feature,relevance
0,-1.2826558
1,-3.3088238
