position,examination
0,0.0
1,0.24655801
2,-0.19433343
3,-0.36602628
4,-0.67677474
5,-0.9572023
6,-0.7347517
7,-0.60617375
8,-0.3565743
9,-0.23076606
