position,examination
0,0.0
1,1.246558
2,0.80566657
3,0.6339737
4,0.32322526
5,0.042797685
6,0.2652483
7,0.39382625
8,0.6434257
9,0.76923394
