position,examination
0,0.0
1,-2.753442
2,-3.1943336
3,-3.3660264
4,-3.6767747
5,-3.9572024
6,-3.7347517
7,-3.6061738
8,-3.3565743
9,-3.230766
