position,examination
0,0.0
1,-3.753442
2,-4.1943336
3,-4.3660264
4,-4.676775
5,-4.9572024
6,-4.7347517
7,-4.6061735
8,-4.356574
9,-4.2307663
