position,examination
0,0.0
1,2.246558
2,1.8056666
3,1.6339737
4,1.3232253
5,1.0427977
6,1.2652483
7,1.3938262
8,1.6434257
9,1.769234
