position,examination
0,0.0
1,-1.753442
2,-2.1943336
3,-2.3660264
4,-2.6767747
5,-2.9572024
6,-2.7347517
7,-2.6061738
8,-2.3565743
9,-2.230766
