position,examination
0,0.0
1,-0.753442
2,-1.1943334
3,-1.3660263
4,-1.6767747
5,-1.9572023
6,-1.7347517
7,-1.6061738
8,-1.3565743
9,-1.230766
