feature,relevance
0,-1.0127902
1,-2.975859
