feature,relevance
0,-2.0407197
1,-2.951017
