feature,relevance
0,-1.0511162
1,-3.1717484
