feature,relevance
0,-1.0498093
1,-2.7922692
