feature,relevance
0,-1.0090419
1,-2.838905
