feature,relevance
0,-1.0739166
1,-2.7656035
