feature,relevance
0,-2.3967378
1,-4.466318
