feature,relevance
0,-1.0837553
1,-2.7540164
