position,examination
0,0.013340831
1,0.6167409
2,0.2660784
3,-0.2924694
4,-0.4264624
5,-0.1581572
6,-0.24818765
7,-0.41845962
8,0.15315096
9,0.42701453
