position,examination
0,-1.9866592
1,0.6520101
2,0.3028083
3,-0.25350222
4,-0.38737518
5,-0.11932638
6,-0.20712584
7,-0.37946182
8,0.19339894
9,0.4689913
