position,examination
0,1.0133408
1,0.48800704
2,0.14116307
3,-0.40361822
4,-0.53458196
5,-0.2614358
6,-0.35508335
7,-0.51842594
8,0.058836013
9,0.33873147
