position,examination
0,0.27669835
1,0.5887892
2,0.23632464
3,-0.040376306
4,-0.15904537
5,-0.20991287
6,-0.20284757
7,-0.15659364
8,-0.1683941
9,-0.18345751
