position,examination
0,3.2766984
1,0.40263274
2,-0.0487004
3,-0.5346601
4,-0.5463844
5,-0.58391577
6,-0.47477493
7,-0.56293714
8,-0.43115532
9,-0.46937406
