position,examination
0,0.0
1,-0.69241023
2,-1.094022
3,-1.4034442
4,-1.6281477
5,-1.7952621
6,-1.9615803
7,-2.0983553
8,-2.2007132
9,-2.3192549
