feature,relevance
0,0.28837526
1,0.49438977
