feature,relevance
0,-0.19300912
1,0.2007579
