position,examination
0,0.0
1,-0.5698838
2,-0.8405869
3,-1.6478072
4,-1.8259124
5,-1.2700878
6,-2.0016215
7,-2.152818
8,-2.1961374
9,-1.8434815
