position,examination
0,4.5380106
1,0.6062751
2,0.2063848
3,-0.10811056
4,-0.28736746
5,-0.48987892
6,-0.6549209
7,-0.80907035
8,-0.938719
9,-0.9673109
