position,examination
0,-1.4619896
1,1.0259143
2,0.6310883
3,0.3184218
4,0.1402804
5,-0.061699733
6,-0.2263087
7,-0.3798812
8,-0.5093703
9,-0.5379291
