position,examination
0,0.53801036
1,0.88943356
2,0.5058381
3,0.20065217
4,0.024766095
5,-0.17406943
6,-0.33644456
7,-0.48954487
8,-0.6184654
9,-0.6476621
