position,examination
0,2.082714
1,0.5570653
2,0.029989282
3,-0.24002841
4,-0.59029317
5,-0.79441106
6,-0.56502265
7,-0.33098346
8,-0.103113316
9,-0.039477423
