position,examination
0,-1.9172859
1,0.5861503
2,0.34113213
3,-0.028144028
4,-0.2370156
5,-0.23815873
6,-0.28709504
7,0.06778227
8,0.7761073
9,0.9100798
