position,examination
0,1.0827141
1,0.3167366
2,-0.04581351
3,-0.25577545
4,-0.521606
5,-0.75983053
6,-0.47604063
7,-0.028958358
8,0.3254907
9,0.35823432
