position,examination
0,-0.46879864
1,0.80480313
2,0.4413754
3,0.12392534
4,-0.058630638
5,-0.28234372
6,-0.42361176
7,-0.60787547
8,-0.69232595
9,-0.6262061
