position,examination
0,2.5312014
1,0.75464493
2,0.38992855
3,0.07086109
4,-0.11203558
5,-0.33586633
6,-0.4770596
7,-0.66135603
8,-0.74589396
9,-0.6797682
