position,examination
0,1.5312014
1,0.79184955
2,0.44433287
3,0.0850068
4,-0.106694035
5,-0.3344077
6,-0.4203001
7,-0.66038626
8,-0.70352757
9,-0.6778047
