position,examination
0,-1.4687986
1,0.8064086
2,0.44197497
3,0.12428677
4,-0.058416948
5,-0.28218877
6,-0.42347193
7,-0.60768336
8,-0.6922139
9,-0.62607473
