position,examination
0,4.5312014
1,0.7778449
2,0.41263166
3,0.09464247
4,-0.08818663
5,-0.3120199
6,-0.4532956
7,-0.63749593
8,-0.7220752
9,-0.6559312
