position,examination
0,3.5312014
1,0.7482068
2,0.38297588
3,0.064827375
4,-0.118025064
5,-0.3418638
6,-0.48310745
7,-0.6673453
8,-0.7519079
9,-0.6857731
