position,examination
0,0.53120136
1,0.79824936
2,0.4351453
3,0.11765281
4,-0.0648501
5,-0.28847814
6,-0.4296719
7,-0.6141614
8,-0.6983952
9,-0.63231117
