position,examination
0,0.0
1,-0.69803226
2,-1.0534978
3,-1.37955
4,-1.5949045
5,-1.8005766
6,-1.9753644
7,-2.1249368
8,-2.2397437
9,-2.2749777
