feature,relevance
0,-1.1877728
1,-3.96045
