position,examination
0,0.006557107
1,0.6341077
2,0.20380634
3,-0.34349242
4,-0.37443745
5,-0.2321459
6,-0.2898365
7,-0.3639599
8,0.060367413
9,0.2220941
