position,examination
0,-1.9934429
1,0.63579917
2,0.20521267
3,-0.34220564
4,-0.37249514
5,-0.2307339
6,-0.28841624
7,-0.36299917
8,0.061405364
9,0.22474577
