position,examination
0,1.0065571
1,0.5763538
2,0.14561333
3,-0.4018146
4,-0.43195912
5,-0.2903277
6,-0.34807906
7,-0.42273366
8,0.0016749025
9,0.16500999
