position,examination
0,2.006557
1,0.452858
2,0.0202826
3,-0.5263018
4,-0.5596061
5,-0.41576093
6,-0.4700949
7,-0.5408364
8,-0.114086546
9,0.05000159
