position,examination
0,0.0
1,-0.6342802
2,-1.0084932
3,-1.267775
4,-1.4757099
5,-1.6452165
6,-1.7765957
7,-1.914408
8,-2.0149336
9,-2.1194222
10,-2.1876986
11,-2.2616606
12,-2.3718402
13,-2.4302218
14,-2.4925468
15,-2.5898066
16,-2.6180823
17,-2.6615214
18,-2.7091506
19,-2.722373
20,-2.8169894
21,-2.894563
22,-2.8778436
23,-2.910065
24,-2.9947214
