position,examination
0,1.33997
1,0.5642567
2,0.27847493
3,-0.051998843
4,-0.1581394
5,-0.36689517
6,-0.31276712
7,-0.35664704
8,-0.45015585
9,-0.48636454
