position,examination
0,0.11755884
1,0.51765686
2,0.2883723
3,-0.0926987
4,-0.18068981
5,-0.228509
6,-0.16673882
7,-0.13670586
8,-0.08121311
9,-0.052227065
