position,examination
0,2.117559
1,0.8005969
2,0.39690182
3,0.0025295345
4,-0.1883216
5,-0.4549561
6,-0.5047214
7,-0.6235252
8,-0.7504728
9,-0.7879365
