position,examination
0,-1.8824412
1,0.39049187
2,0.3590361
3,0.08959812
4,0.09249353
5,0.040453374
6,0.2315579
7,0.2694615
8,0.20096631
9,0.18867642
