position,examination
0,1.1175588
1,0.49049288
2,0.20858386
3,-0.3349778
4,-0.42748
5,-0.31813526
6,-0.2893478
7,-0.34963623
8,-0.08259387
9,-0.013246736
