position,examination
0,3.117559
1,1.3570716
2,0.645955
3,0.114792004
4,-0.2824335
5,-0.68403536
6,-0.8692886
7,-1.0277424
8,-1.1422905
9,-1.2095733
