position,examination
0,4.117559
1,0.954643
2,0.25955507
3,-0.39935043
4,-0.6080122
5,-0.75295043
6,-0.750895
7,-0.8343445
8,-0.95038337
9,-1.0169247
