position,examination
0,-0.88244116
1,0.61452574
2,0.39303243
3,-0.015689615
4,-0.10144156
5,-0.10638303
6,-0.052188132
7,-0.028076222
8,0.05768629
9,0.10007429
