position,examination
0,1.5083294
1,0.7897893
2,0.41740885
3,0.0637343
4,-0.13485079
5,-0.30972457
6,-0.4484068
7,-0.70062906
8,-0.59671956
9,-0.5703593
