position,examination
0,1.5079851
1,0.7792259
2,0.42014343
3,0.11286098
4,-0.1150172
5,-0.3077079
6,-0.4014787
7,-0.56094706
8,-0.6834546
9,-0.74227285
