position,examination
0,1.5079851
1,0.8096456
2,0.40737897
3,0.0646357
4,-0.20136203
5,-0.25705558
6,-0.4594871
7,-0.8718713
8,-0.5973892
9,-0.40052575
