position,examination
0,-1.4920149
1,0.9996985
2,0.671613
3,0.3835006
4,0.1554301
5,0.071611494
6,-0.08847004
7,-0.43432656
8,-0.24440219
9,-0.117868304
