position,examination
0,4.507985
1,1.5318488
2,0.7221443
3,0.025132773
4,-0.5109666
5,-0.77599084
6,-1.0331643
7,-1.5386238
8,-1.4215016
9,-1.3488907
