position,examination
0,0.5079851
1,0.761925
2,0.43262815
3,0.1648389
4,-0.035457116
5,-0.17470072
6,-0.27150854
7,-0.48840603
8,-0.4718475
9,-0.4746632
