position,examination
0,-0.48577273
1,0.9180107
2,0.5666359
3,0.28610575
4,0.10175803
5,-0.008849897
6,-0.2307103
7,-0.41374046
8,-0.4390977
9,-0.37788337
