position,examination
0,4.5142274
1,2.14241
2,1.4832425
3,0.73146653
4,0.05978359
5,-0.4917904
6,-1.4330908
7,-1.9765677
8,-2.3757098
9,-2.5244164
