position,examination
0,2.5142274
1,0.9117887
2,0.42003596
3,0.037799444
4,-0.20810714
5,-0.35693103
6,-0.641344
7,-0.8406468
8,-0.9057104
9,-0.86750954
