position,examination
0,3.5142274
1,1.3825147
2,0.7887359
3,0.22703575
4,-0.19724688
5,-0.48079285
6,-0.96289426
7,-1.2607987
8,-1.4320751
9,-1.4592477
