position,examination
0,-1.4857727
1,0.9001168
2,0.56855637
3,0.3365805
4,0.18383929
5,0.08811741
6,-0.068014845
7,-0.14402942
8,-0.21351613
9,-0.25333914
