position,examination
0,1.5281487
1,0.8170129
2,0.40875918
3,0.10571376
4,-0.10589819
5,-0.23382445
6,-0.46662465
7,-0.5875639
8,-0.69792986
9,-0.7588398
