position,examination
0,0.5142273
1,0.7714834
2,0.40033883
3,0.15444168
4,-0.016139518
5,-0.1374396
6,-0.323173
7,-0.39653283
8,-0.46522126
9,-0.5598017
