position,examination
0,1.5142273
1,0.81034267
2,0.41345817
3,0.088233076
4,-0.11304193
5,-0.24012354
6,-0.47570688
7,-0.6938016
8,-0.6973007
9,-0.6067312
