position,examination
0,1.5380104
1,0.8046389
2,0.41269514
3,0.07723232
4,-0.09825931
5,-0.30762947
6,-0.43731865
7,-0.629876
8,-0.7144526
9,-0.7841325
