position,examination
0,-0.46198964
1,0.8289337
2,0.43363968
3,0.120213315
4,-0.057055645
5,-0.25906566
6,-0.42385122
7,-0.57810044
8,-0.707119
9,-0.7349387
