position,examination
0,-1.4619896
1,0.830862
2,0.4343462
3,0.1209378
4,-0.056696963
5,-0.258723
6,-0.42365468
7,-0.5778819
8,-0.7069787
9,-0.7347963
