position,examination
0,4.5380106
1,0.8021101
2,0.40487868
3,0.091391414
4,-0.0864332
5,-0.2884877
6,-0.45347673
7,-0.6077171
8,-0.73684204
9,-0.76467586
