position,examination
0,0.53801036
1,0.820973
2,0.42923582
3,0.11446706
4,-0.06005401
5,-0.26248384
6,-0.42522955
7,-0.5803786
8,-0.70805544
9,-0.7362299
