position,examination
0,2.5380104
1,0.77958626
2,0.3819176
3,0.067713186
4,-0.11013341
5,-0.31225955
6,-0.47707114
7,-0.63147587
8,-0.7604356
9,-0.7884257
