position,examination
0,3.5380104
1,0.80216104
2,0.40492
3,0.09140292
4,-0.086423285
5,-0.28848088
6,-0.4534664
7,-0.60771036
8,-0.7368341
9,-0.76467085
