position,examination
0,0.0
1,-2.6533217
2,-2.9371867
3,-3.3090365
4,-3.5193367
5,-3.689423
6,-4.0854278
7,-4.1797934
8,-4.135308
9,-4.0642543
