position,examination
0,0.0
1,-3.6533217
2,-3.9371867
3,-4.3090363
4,-4.5193367
5,-4.689423
6,-5.0854278
7,-5.1797934
8,-5.135308
9,-5.0642543
