position,examination
0,0.0
1,1.3466784
2,1.0628132
3,0.6909635
4,0.48066318
5,0.3105768
6,-0.08542776
7,-0.17979336
8,-0.13530779
9,-0.064254284
