position,examination
0,0.0
1,-0.6533216
2,-0.93718684
3,-1.3090365
4,-1.5193368
5,-1.6894232
6,-2.0854278
7,-2.1797934
8,-2.1353078
9,-2.0642543
