position,examination
0,0.0
1,-1.6533216
2,-1.9371868
3,-2.3090365
4,-2.5193367
5,-2.689423
6,-3.0854278
7,-3.1797934
8,-3.1353078
9,-3.0642543
