position,examination
0,0.0
1,2.3466783
2,2.0628133
3,1.6909635
4,1.4806632
5,1.3105768
6,0.91457224
7,0.82020664
8,0.8646922
9,0.9357457
