position,examination
0,0.0
1,0.34667838
2,0.06281316
3,-0.3090365
4,-0.5193368
5,-0.6894232
6,-1.0854278
7,-1.1797934
8,-1.1353078
9,-1.0642543
