feature,relevance
0,-2.239125
1,-4.330637
