feature,relevance
0,-0.510044
1,-2.050639
