feature,relevance
0,-0.8623734
1,-2.5078824
