feature,relevance
0,-0.6374236
1,-2.068625
