feature,relevance
0,-1.7058029
1,-3.1558568
