feature,relevance
0,-1.450769
1,-2.9066854
