feature,relevance
0,-0.7293263
1,-2.226747
