feature,relevance
0,-0.586644
1,-1.9950277
