position,examination
0,-1.488878
1,0.8662615
2,0.56159425
3,0.36549836
4,0.16643742
5,0.051805146
6,-0.07132822
7,-0.11195554
8,-0.19631496
9,-0.26218817
