position,examination
0,4.5111217
1,2.3959568
2,1.869648
3,1.4709008
4,0.91404897
5,0.48063725
6,0.06482153
7,-0.96533084
8,-2.979433
9,-7.664616
