position,examination
0,3.511122
1,1.5029463
2,0.9757769
3,0.5827314
4,0.22113688
5,-0.20113772
6,-0.5523979
7,-1.0734189
8,-1.6299176
9,-3.2278144
