position,examination
0,1.511122
1,0.7833769
2,0.4103905
3,0.16332442
4,-0.11931449
5,-0.28421137
6,-0.45360538
7,-0.5464901
8,-0.675023
9,-0.8059948
