position,examination
0,2.511122
1,1.0333314
2,0.56482434
3,0.21031795
4,-0.08863878
5,-0.38911533
6,-0.62436926
7,-0.83882457
8,-1.0400772
9,-1.2775422
