position,examination
0,0.511122
1,0.76322144
2,0.4146726
3,0.1508771
4,-0.019865751
5,-0.16686955
6,-0.29335982
7,-0.393067
8,-0.46183667
9,-0.5530234
