position,examination
0,-0.488878
1,0.78591925
2,0.4695148
3,0.2710483
4,0.057225484
5,-0.061361365
6,-0.17736356
7,-0.23475832
8,-0.3185894
9,-0.39341283
