position,examination
0,0.0
1,-3.6890028
2,-4.0643053
3,-4.3676624
4,-4.5776725
5,-4.808524
6,-4.879346
7,-5.1031313
8,-5.155185
9,-5.3177433
