position,examination
0,0.0
1,2.3109972
2,1.9356945
3,1.6323378
4,1.4223276
5,1.1914757
6,1.1206543
7,0.89686847
8,0.8448148
9,0.6822567
