position,examination
0,0.0
1,-1.6890028
2,-2.0643055
3,-2.3676622
4,-2.5776725
5,-2.8085241
6,-2.8793457
7,-3.1031315
8,-3.1551852
9,-3.3177433
