position,examination
0,0.0
1,-0.68900275
2,-1.0643055
3,-1.3676622
4,-1.5776724
5,-1.8085243
6,-1.8793457
7,-2.1031315
8,-2.1551852
9,-2.3177433
