position,examination
0,0.0
1,1.3109972
2,0.93569446
3,0.6323378
4,0.42232764
5,0.19147575
6,0.120654345
7,-0.10313153
8,-0.15518522
9,-0.3177433
