position,examination
0,0.0
1,-2.6890028
2,-3.0643055
3,-3.3676622
4,-3.5776725
5,-3.8085241
6,-3.8793457
7,-4.1031313
8,-4.155185
9,-4.3177433
