position,examination
0,0.0
1,0.31099725
2,-0.064305544
3,-0.3676622
4,-0.57767236
5,-0.80852425
6,-0.87934566
7,-1.1031315
8,-1.1551852
9,-1.3177433
