feature,relevance
0,-2.2898934
1,-4.15495
