feature,relevance
0,-2.4741216
1,-3.8218007
