feature,relevance
0,-1.3098598
1,-2.590469
