feature,relevance
0,-0.79399276
1,-1.9281399
