feature,relevance
0,-0.7958977
1,-2.0302324
