feature,relevance
0,-1.047247
1,-2.2379656
