feature,relevance
0,-1.8863062
1,-3.1238065
