position,examination
0,0.53120136
1,0.8454653
2,0.49382034
3,0.19234887
4,0.01204153
5,-0.20631179
6,-0.34302682
7,-0.5244847
8,-0.6096788
9,-0.5455281
