position,examination
0,-0.46879864
1,0.8849882
2,0.52706385
3,0.21314065
4,0.03110281
5,-0.19188403
6,-0.3325923
7,-0.51602703
8,-0.6009895
9,-0.5352608
