position,examination
0,0.0
1,-0.7214391
2,-1.1491749
3,-1.3889711
4,-1.6124843
5,-1.8361539
6,-1.9506241
7,-2.1117477
8,-2.216447
9,-2.3334475
