feature,relevance
0,0.9163195
1,0.36377913
