feature,relevance
0,1.9434991
1,0.097230494
