feature,relevance
0,0.059460036
1,0.22726046
