feature,relevance
0,1.0818746
1,0.21110052
