feature,relevance
0,0.55737793
1,0.32145417
