feature,relevance
0,0.20254761
1,0.36059284
