feature,relevance
0,0.32593146
1,0.21139868
