feature,relevance
0,-1.0362856
1,-1.6773291
