position,examination
0,0.0
1,-0.60742974
2,-0.9681607
3,-1.2268075
4,-1.4442104
5,-1.6181024
6,-1.7337173
7,-1.8854979
8,-1.969016
9,-2.0745978
10,-2.168417
11,-2.281043
12,-2.348532
13,-2.3744426
14,-2.4554653
15,-2.52331
16,-2.5921533
17,-2.6463041
18,-2.6917925
19,-2.7509654
20,-2.789081
21,-2.817023
22,-2.912436
23,-2.9236174
24,-2.9548333
