position,examination
0,4.1354055
1,0.21192542
2,-0.19626558
3,-0.6053425
4,-0.83100104
5,-0.9542206
6,-0.84198284
7,-0.6660786
8,-0.18587424
9,-0.043564536
