position,examination
0,1.1859105
1,0.3259304
2,0.015531228
3,-0.25650913
4,-0.46518874
5,-0.73271906
6,-0.39516366
7,-0.15224156
8,0.18387002
9,0.2882943
