position,examination
0,-1.8645942
1,-0.8070051
2,-0.17910448
3,-0.30568853
4,-0.23143016
5,-0.27042753
6,0.36518025
7,0.923945
8,1.1727216
9,1.1817131
