position,examination
0,0.13540578
1,0.32981622
2,0.07265635
3,-0.20311853
4,-0.38326713
5,-0.50147516
6,-0.34257555
7,-0.12715805
8,0.402658
9,0.60482466
