position,examination
0,3.1354058
1,0.39496934
2,-0.058054965
3,-0.45961732
4,-0.7038225
5,-0.85703224
6,-0.6741725
7,-0.56232345
8,-0.17449547
9,-0.021202194
