position,examination
0,2.1354058
1,0.7560907
2,0.28711736
3,-0.033009212
4,-0.3512248
5,-0.7931806
6,-0.40319493
7,-0.5337473
8,-0.55268824
9,-0.50306684
