position,examination
0,-0.8645942
1,-0.5834043
2,-0.39287204
3,-0.49093738
4,-0.41476628
5,-0.38242665
6,0.30426735
7,0.8113709
8,0.9975749
9,0.997779
