position,examination
0,1.1354058
1,0.352513
2,0.051705185
3,-0.33585
4,-0.52326417
5,-0.60551417
6,-0.5071469
7,-0.30518392
8,0.29482096
9,0.44005662
