position,examination
0,-0.49875283
1,0.8263428
2,0.5031319
3,0.1423127
4,-0.07781287
5,-0.2999972
6,-0.47327477
7,-0.7726646
8,-0.6128631
9,-0.35514534
