position,examination
0,3.5012472
1,0.7149473
2,0.39064208
3,0.029835628
4,-0.19016854
5,-0.41254768
6,-0.58585536
7,-0.8851456
8,-0.72531176
9,-0.46759084
