position,examination
0,-1.4987528
1,0.81436795
2,0.49123853
3,0.13041565
4,-0.089745834
5,-0.31187156
6,-0.4851373
7,-0.7845625
8,-0.6247711
9,-0.3670529
