position,examination
0,2.5012472
1,0.73419803
2,0.4089273
3,0.048136547
4,-0.17177369
5,-0.39435416
6,-0.5677077
7,-0.8668907
8,-0.707017
9,-0.4492579
