position,examination
0,0.50124717
1,0.81959546
2,0.49710107
3,0.13628343
4,-0.08381263
5,-0.30604598
6,-0.4793381
7,-0.77868915
8,-0.61887896
9,-0.3611666
