position,examination
0,4.5012474
1,0.7024654
2,0.37853014
3,0.01771885
4,-0.20232457
5,-0.42462918
6,-0.59792167
7,-0.89725083
8,-0.73743105
9,-0.47971967
