position,examination
0,1.5012472
1,0.76417303
2,0.46671578
3,0.10483107
4,-0.12594672
5,-0.32898903
6,-0.49719256
7,-0.8106459
8,-0.6540498
9,-0.39569965
