position,examination
0,0.0
1,-0.63441324
2,-1.005643
3,-1.2741106
4,-1.4393461
5,-1.5856395
6,-1.7069284
7,-1.7681022
8,-1.9418736
9,-1.9813248
10,-2.052399
11,-2.0710075
12,-2.1048706
13,-2.1528907
14,-2.1739802
15,-2.1448224
16,-2.1949573
17,-2.1462488
18,-2.1690798
19,-2.0835395
20,-2.0251577
21,-1.9713131
22,-1.8238348
23,-1.7031206
24,-1.5202079
