feature,relevance
0,0.00393603
1,0.596228
