feature,relevance
0,-1.9699141
1,-1.2325274
