position,examination
0,-1.488878
1,0.8767252
2,0.5770457
3,0.32293808
4,0.17076717
5,0.081762716
6,-0.03743345
7,-0.15714972
8,-0.16513199
9,-0.2614553
