position,examination
0,-0.488878
1,0.78505725
2,0.48527125
3,0.2201321
4,0.06768677
5,-0.036781367
6,-0.15041398
7,-0.2722101
8,-0.2848043
9,-0.3871024
