position,examination
0,4.5111217
1,1.9623406
2,1.238252
3,0.35844624
4,-0.28595078
5,-0.6294673
6,-1.2477114
7,-1.8235898
8,-1.8037475
9,-2.1363044
