position,examination
0,2.511122
1,1.0031118
2,0.58376676
3,0.16797848
4,-0.10776805
5,-0.30916741
6,-0.5800384
7,-0.91188514
8,-0.95406973
9,-1.3328557
