position,examination
0,3.511122
1,1.4460315
2,0.9406635
3,0.39740133
4,-0.038213298
5,-0.33652794
6,-0.85942215
7,-1.4735502
8,-1.4976296
9,-1.9801058
