position,examination
0,0.511122
1,0.75697017
2,0.4303846
3,0.12662894
4,-0.02766253
5,-0.13416243
6,-0.28735274
7,-0.42310902
8,-0.4295907
9,-0.57564574
