position,examination
0,1.511122
1,0.80401003
2,0.44052315
3,0.08659793
4,-0.09793173
5,-0.23359822
6,-0.43438217
7,-0.6152068
8,-0.62239015
9,-0.841089
