position,examination
0,0.0
1,-5.7145023
2,-6.1111884
3,-6.3992147
4,-6.63093
5,-6.7950335
6,-6.9692545
7,-7.1213164
8,-7.257159
9,-7.0688314
