position,examination
0,0.0
1,2.2854996
2,1.8888152
3,1.6007898
4,1.3690736
5,1.2049695
6,1.0307543
7,0.87868595
8,0.7428458
9,0.9311485
