position,examination
0,0.0
1,-4.7145023
2,-5.1111884
3,-5.3992147
4,-5.63093
5,-5.7950335
6,-5.9692545
7,-6.1213164
8,-6.257159
9,-6.0688314
