position,examination
0,0.0
1,4.2854977
2,3.8888116
3,3.6007853
4,3.36907
5,3.2049668
6,3.0307453
7,2.8786836
8,2.7428405
9,2.9311686
