position,examination
0,0.0
1,7.2854977
2,6.8888116
3,6.6007853
4,6.36907
5,6.2049665
6,6.0307455
7,5.8786836
8,5.742841
9,5.9311686
