position,examination
0,0.0
1,-7.7145023
2,-8.111189
3,-8.399215
4,-8.63093
5,-8.795033
6,-8.9692545
7,-9.121317
8,-9.257159
9,-9.068831
