position,examination
0,0.0
1,1.2854996
2,0.88881516
3,0.6007898
4,0.36907363
5,0.20496953
6,0.030754328
7,-0.12131405
8,-0.25715423
9,-0.06885147
