position,examination
0,0.0
1,-6.7145023
2,-7.1111884
3,-7.3992147
4,-7.63093
5,-7.7950335
6,-7.9692545
7,-8.121317
8,-8.257159
9,-8.068831
