position,examination
0,0.0
1,-3.7145004
2,-4.111185
3,-4.39921
4,-4.630926
5,-4.7950306
6,-4.969246
7,-5.121314
8,-5.2571545
9,-5.0688515
