position,examination
0,0.0
1,0.28549963
2,-0.111184835
3,-0.3992102
4,-0.6309264
5,-0.7950305
6,-0.9692457
7,-1.121314
8,-1.2571542
9,-1.0688515
