position,examination
0,0.0
1,-1.7145004
2,-2.1111848
3,-2.3992102
4,-2.6309264
5,-2.7950306
6,-2.9692457
7,-3.121314
8,-3.2571542
9,-3.0688515
