position,examination
0,0.0
1,3.2854974
2,2.8888116
3,2.6007853
4,2.36907
5,2.2049668
6,2.0307453
7,1.8786836
8,1.7428405
9,1.9311686
