position,examination
0,0.0
1,-0.7145026
2,-1.1111884
3,-1.3992149
4,-1.6309298
5,-1.7950332
6,-1.9692547
7,-2.1213164
8,-2.2571595
9,-2.0688317
