position,examination
0,0.0
1,5.2854977
2,4.8888116
3,4.6007853
4,4.36907
5,4.2049665
6,4.0307455
7,3.8786836
8,3.7428405
9,3.9311686
