position,examination
0,0.0
1,-2.7145004
2,-3.1111848
3,-3.3992102
4,-3.6309264
5,-3.7950306
6,-3.9692457
7,-4.121314
8,-4.2571545
9,-4.0688515
