position,examination
0,0.0
1,-8.714502
2,-9.111189
3,-9.399215
4,-9.63093
5,-9.795033
6,-9.9692545
7,-10.121317
8,-10.257159
9,-10.068831
