position,examination
0,0.0
1,6.2854977
2,5.8888116
3,5.6007853
4,5.36907
5,5.2049665
6,5.0307455
7,4.8786836
8,4.742841
9,4.9311686
