position,examination
0,0.0
1,-0.71450037
2,-1.1111848
3,-1.3992102
4,-1.6309264
5,-1.7950305
6,-1.9692457
7,-2.121314
8,-2.2571542
9,-2.0688515
