feature,relevance
0,-1.1666496
1,-2.3877192
