feature,relevance
0,-1.164702
1,-2.3738806
