feature,relevance
0,-0.92560273
1,-1.8462745
