feature,relevance
0,-5.6864557
1,-7.892303
