feature,relevance
0,-0.58525246
1,-1.7754432
