feature,relevance
0,-2.4547238
1,-3.835422
