feature,relevance
0,-0.7842906
1,-1.9950914
