feature,relevance
0,-4.521517
1,-6.8134885
