feature,relevance
0,-3.8535676
1,-5.9395094
