feature,relevance
0,-0.7540943
1,-1.8625007
