feature,relevance
0,-0.7681387
1,-1.9284194
