feature,relevance
0,-6.7847686
1,-8.881634
