feature,relevance
0,-0.6126712
1,-1.7672068
