feature,relevance
0,-1.5085473
1,-3.9458492
