feature,relevance
0,-2.4546883
1,-3.8348567
