feature,relevance
0,-2.4546893
1,-3.8348567
