feature,relevance
0,-5.7419477
1,-5.0229826
