feature,relevance
0,-2.0786347
1,-3.191249
