feature,relevance
0,-0.86185527
1,-2.0982013
