feature,relevance
0,-1.2391882
1,-2.7325573
