feature,relevance
0,-0.5952977
1,-1.7762818
