position,examination
0,0.0
1,-0.6318375
2,-1.0154173
3,-1.2421182
4,-1.4724619
5,-1.6526803
6,-1.7889624
7,-1.8992044
8,-2.007902
9,-2.09976
10,-2.2135544
11,-2.276474
12,-2.3733833
13,-2.4284024
14,-2.5312326
15,-2.5407076
16,-2.5799658
17,-2.6659052
18,-2.7519865
19,-2.7647839
20,-2.8231947
21,-2.8615496
22,-2.8904655
23,-2.9190848
24,-2.969646
