position,examination
0,3.5312014
1,0.6042449
2,0.23337832
3,-0.08816667
4,-0.27535856
5,-0.49972358
6,-0.64081377
7,-0.8244901
8,-0.9106831
9,-0.8457502
