position,examination
0,2.5312014
1,0.78023887
2,0.37559035
3,0.034218315
4,-0.2108293
5,-0.43575668
6,-0.569382
7,-0.7659555
8,-0.87485635
9,-0.80045587
