position,examination
0,-1.4687986
1,0.9931654
2,0.6318803
3,0.31575406
4,0.13263847
5,-0.09089053
6,-0.2317297
7,-0.41499218
8,-0.5002748
9,-0.434899
