position,examination
0,4.5312014
1,0.57605606
2,0.20888396
3,-0.11094745
4,-0.29540983
5,-0.51961356
6,-0.66097176
7,-0.8447999
8,-0.93011624
9,-0.864593
