position,examination
0,1.5312014
1,0.7838453
2,0.41863188
3,0.10064249
4,-0.08218672
5,-0.30602014
6,-0.4472959
7,-0.63149637
8,-0.7160757
9,-0.6499316
