position,examination
0,1.5312014
1,0.8070178
2,0.4303003
3,0.12067067
4,-0.106037624
5,-0.31697214
6,-0.43819356
7,-0.6367646
8,-0.7273256
9,-0.64901906
