position,examination
0,4.1576777
1,0.2989296
2,0.0030542228
3,-0.45504603
4,-0.659166
5,-0.5803654
6,-0.6872277
7,-0.45152205
8,0.41587853
9,0.5284155
