position,examination
0,1.1576777
1,0.3248865
2,0.04831236
3,-0.4067155
4,-0.5867073
5,-0.54359776
6,-0.6315161
7,-0.42852777
8,0.45018125
9,0.57368994
