position,examination
0,0.15767765
1,0.38181418
2,0.08596101
3,-0.37184405
4,-0.5758031
5,-0.49690872
6,-0.60419
7,-0.36944425
8,0.48908448
9,0.6065054
