position,examination
0,-0.84232235
1,0.39426118
2,0.09837942
3,-0.35964575
4,-0.5637289
5,-0.48490974
6,-0.5918531
7,-0.35623488
8,0.5095191
9,0.6228554
