position,examination
0,3.1576777
1,0.29908183
2,0.0031826815
3,-0.4549218
4,-0.6590261
5,-0.58022094
6,-0.6870999
7,-0.45137945
8,0.41608915
9,0.5287309
