position,examination
0,0.0
1,-0.72047424
2,-1.1084262
3,-1.3728102
4,-1.5806856
5,-1.7839539
6,-1.9064944
7,-2.0543895
8,-2.1521904
9,-2.2862291
