feature,relevance
0,-2.56298
1,-3.8791578
