position,examination
0,0.0
1,-0.6699052
2,-1.0528266
3,-1.340097
4,-1.6043645
5,-1.7787691
6,-1.9366778
7,-2.0613797
8,-2.188441
9,-2.2497485
