feature,relevance
0,0.016433783
1,0.25925606
