feature,relevance
0,0.13150543
1,0.39900434
