feature,relevance
0,-1.584326
1,-1.4732913
