feature,relevance
0,-0.24481256
1,0.021473333
