position,examination
0,0.0
1,0.331905
2,-0.07020736
3,-0.3202759
4,-0.60510373
5,-0.79138577
6,-0.9023713
7,-1.1007202
8,-1.1193349
9,-1.2567391
