position,examination
0,0.0
1,-1.668095
2,-2.0702074
3,-2.3202758
4,-2.6051037
5,-2.7913857
6,-2.9023714
7,-3.1007202
8,-3.119335
9,-3.2567391
