position,examination
0,0.0
1,2.331905
2,1.9297926
3,1.6797241
4,1.3948963
5,1.2086142
6,1.0976287
7,0.89927983
8,0.88066506
9,0.74326086
