position,examination
0,0.0
1,-3.668095
2,-4.0702076
3,-4.320276
4,-4.6051035
5,-4.7913857
6,-4.9023714
7,-5.1007204
8,-5.119335
9,-5.256739
