position,examination
0,0.0
1,-0.668095
2,-1.0702074
3,-1.3202759
4,-1.6051037
5,-1.7913858
6,-1.9023713
7,-2.1007202
8,-2.119335
9,-2.2567391
