position,examination
0,0.0
1,-2.668095
2,-3.0702074
3,-3.3202758
4,-3.6051037
5,-3.7913857
6,-3.9023714
7,-4.1007204
8,-4.119335
9,-4.256739
