position,examination
0,0.0
1,1.331905
2,0.92979264
3,0.6797241
4,0.39489627
5,0.20861423
6,0.09762871
7,-0.10072017
8,-0.119334936
9,-0.25673914
