feature,relevance
0,0.031157665
1,-2.9377508
