feature,relevance
0,-0.5421568
1,-1.7364235
