feature,relevance
0,-1.6014398
1,-3.974511
