feature,relevance
0,0.25066262
1,-3.6423125
