feature,relevance
0,-0.24949592
1,-2.0530071
