feature,relevance
0,-0.15815502
1,-1.6790606
