feature,relevance
0,-1.0111475
1,-2.344442
