feature,relevance
0,-0.59455854
1,-1.8179094
