position,examination
0,0.5281663
1,0.847241
2,0.4739915
3,0.17151693
4,-0.035099093
5,-0.3028639
6,-0.4327557
7,-0.54127413
8,-0.7150471
9,-0.61166567
