position,examination
0,-1.4718337
1,0.8389728
2,0.4621338
3,0.15599585
4,-0.055848602
5,-0.32559726
6,-0.4548264
7,-0.5630718
8,-0.7377675
9,-0.63367593
