position,examination
0,2.5281663
1,0.8041914
2,0.4268745
3,0.12045707
4,-0.091509335
5,-0.36133707
6,-0.49064597
7,-0.5989107
8,-0.7736384
9,-0.66952366
