position,examination
0,1.5281663
1,0.805164
2,0.4405864
3,0.12187928
4,-0.07736143
5,-0.36049545
6,-0.47725257
7,-0.58533895
8,-0.77224267
9,-0.6555788
