position,examination
0,3.5281663
1,0.78032386
2,0.40307504
3,0.09662922
4,-0.115357354
5,-0.3851934
6,-0.5144895
7,-0.6227613
8,-0.7974842
9,-0.6933749
