position,examination
0,0.0
1,-0.6771103
2,-1.0697374
3,-1.3666847
4,-1.6670938
5,-1.855139
6,-2.0128074
7,-2.0287542
8,-2.1870902
9,-2.0339634
