feature,relevance
0,-0.20549613
1,-3.9808166
