position,examination
0,0.0
1,-0.69883776
2,-1.1352599
3,-1.4124763
4,-1.615093
5,-1.7955536
6,-1.855443
7,-2.0028794
8,-2.0993478
9,-2.1311245
