position,examination
0,0.0
1,-0.6983773
2,-1.1348972
3,-1.4122622
4,-1.6146765
5,-1.7940899
6,-1.8532239
7,-2.0003207
8,-2.097001
9,-2.1301937
