feature,relevance
0,-1.1443491
1,-2.600832
