feature,relevance
0,-2.404169
1,-2.3349943
