feature,relevance
0,-1.1457804
1,-2.5966403
