feature,relevance
0,-2.9126983
1,-4.0938745
