feature,relevance
0,-1.0924878
1,-2.4990702
