feature,relevance
0,-1.1210444
1,-2.2339725
