feature,relevance
0,-2.9761636
1,-4.0795913
