feature,relevance
0,-1.1381606
1,-2.4310405
