feature,relevance
0,-1.1571311
1,-2.5162253
