position,examination
0,1.0065571
1,0.5027844
2,0.08573763
3,-0.3486383
4,-0.41863292
5,-0.3191682
6,-0.31622386
7,-0.3254498
8,-0.0060910196
9,0.13185741
