position,examination
0,3.006557
1,0.41598892
2,-0.015194994
3,-0.5625478
4,-0.5935986
5,-0.45114538
6,-0.5085581
7,-0.5827485
8,-0.15937594
9,0.0034678795
