position,examination
0,-0.9934429
1,0.63514966
2,0.2048194
3,-0.3425279
4,-0.37290463
5,-0.23108238
6,-0.28870976
7,-0.36324894
8,0.06103341
9,0.22429706
