position,examination
0,4.006557
1,0.27733633
2,-0.15529938
3,-0.702899
4,-0.7337323
5,-0.5920209
6,-0.64892733
7,-0.72365403
8,-0.3053203
9,-0.14811073
