position,examination
0,0.25105762
1,0.632466
2,0.31281367
3,-0.16379714
4,-0.23504223
5,-0.17690064
6,-0.1582137
7,-0.18542089
8,-0.11252917
9,-0.17291112
