position,examination
0,-1.7489424
1,0.7035853
2,0.38922352
3,-0.11431597
4,-0.16988675
5,-0.1102172
6,-0.122918904
7,-0.14963274
8,-0.042858437
9,-0.10430266
