position,examination
0,3.2510576
1,0.374192
2,0.058756102
3,-0.44516644
4,-0.5012564
5,-0.4412495
6,-0.45387843
7,-0.4808826
8,-0.37410218
9,-0.4352115
