position,examination
0,0.0
1,-0.47807893
2,-0.5323244
3,-1.393414
4,-1.484241
5,-1.1706681
6,-1.4088616
7,-1.3499026
8,-0.08201432
9,0.44630867
