feature,relevance
0,3.1818347
1,-4.6320715
