position,examination
0,1.5056987
1,0.825334
2,0.40144566
3,0.09803187
4,-0.118676476
5,-0.32292655
6,-0.46754333
7,-0.79242134
8,-0.7018145
9,-0.42203113
