position,examination
0,-0.49430132
1,0.837284
2,0.4946883
3,0.2658537
4,0.10954502
5,-0.076308176
6,-0.17531887
7,-0.36388978
8,-0.3866719
9,-0.30634788
