position,examination
0,-1.4943013
1,0.909541
2,0.56696504
3,0.3319307
4,0.18481103
5,0.04121011
6,-0.04312773
7,-0.15436554
8,-0.22087516
9,-0.24284245
