position,examination
0,3.0541484
1,3.825334
2,1.6181228
3,1.1797256
4,0.75205743
5,0.16259177
6,-0.44942456
7,-1.9742208
8,-3.8108275
9,-4.2199297
