position,examination
0,1.5368325
1,0.81212705
2,0.39447474
3,0.14493804
4,-0.056909967
5,-0.2698383
6,-0.41883343
7,-0.61512715
8,-0.7303595
9,-0.7986038
