position,examination
0,1.4874945
1,-0.17466599
2,0.45140234
3,0.20151833
4,0.03340177
5,-0.20120119
6,-0.30158782
7,-0.45873174
8,-0.5477806
9,-0.53287894
