position,examination
0,1.5669435
1,-1.1746659
2,0.5306684
3,0.29364368
4,0.12036614
5,-0.06714167
6,-0.17733404
7,-0.35233274
8,-0.40536872
9,-0.3837567
