position,examination
0,0.0
1,-0.6965897
2,-1.0957637
3,-1.3497487
4,-1.6006299
5,-1.7793626
6,-1.9188441
7,-2.0909367
8,-2.183435
9,-2.281782
