position,examination
0,1.1354058
1,0.3341581
2,0.042936638
3,-0.35336557
4,-0.4913505
5,-0.57995737
6,-0.5247118
7,-0.29684618
8,0.26700732
9,0.45921698
