position,examination
0,0.13540578
1,0.4209294
2,0.120130435
3,-0.26696563
4,-0.45407397
5,-0.53642035
6,-0.43808466
7,-0.23701356
8,0.3625779
9,0.5089941
