position,examination
0,2.1354058
1,0.2943983
2,-0.006561134
3,-0.39392525
4,-0.58109605
5,-0.6636725
6,-0.5652909
7,-0.36330193
8,0.23655394
9,0.3831363
