position,examination
0,-1.8645942
1,0.4121144
2,0.11130372
3,-0.27618423
4,-0.46359894
5,-0.5458823
6,-0.4475048
7,-0.24566434
8,0.35434026
9,0.4996666
