position,examination
0,4.1354055
1,0.22507788
2,-0.07586447
3,-0.4633973
4,-0.6506901
5,-0.7330272
6,-0.63471633
7,-0.43286198
8,0.16652636
9,0.3120984
