position,examination
0,3.1354058
1,0.3049406
2,0.004082676
3,-0.38341793
4,-0.5708358
5,-0.65313476
6,-0.55473846
7,-0.3528553
8,0.24712984
9,0.39266145
