position,examination
0,-0.8645942
1,0.41181672
2,0.11101154
3,-0.27641356
4,-0.4638171
5,-0.5461274
6,-0.4477394
7,-0.24601275
8,0.35397136
9,0.49940094
