position,examination
0,0.0
1,0.9467985
2,0.48220903
3,-0.5498497
4,-0.60432094
5,-0.09083901
6,-0.5253567
7,-1.6994145
8,-0.07852428
9,2.002454
