feature,relevance
0,3.7515264
1,-1.9491197
