feature,relevance
0,3.237058
1,-0.9471195
