feature,relevance
0,5.4093995
1,-4.899842
