feature,relevance
0,5.9068537
1,-3.9513767
