feature,relevance
0,3.0132043
1,0.06319161
