feature,relevance
0,3.597535
1,-1.6664677
