feature,relevance
0,4.930125
1,-2.9521585
