feature,relevance
0,3.1436427
1,1.0924778
