position,examination
0,0.0
1,-0.71043134
2,-1.0968184
3,-1.384199
4,-1.5947251
5,-1.7749096
6,-1.937237
7,-2.0771255
8,-2.1764789
9,-2.2409048
