feature,relevance
0,0.47553733
1,0.26270795
