position,examination
0,1.2258807
1,0.432323
2,0.10636381
3,-0.24435383
4,-0.40466878
5,-0.29937634
6,-0.3843115
7,-0.21956028
8,-0.25686482
9,0.043580648
