position,examination
0,1.1397192
1,0.4658407
2,0.17245506
3,-0.38271242
4,-0.51287776
5,-0.24203318
6,-0.48959857
7,-0.36438444
8,-0.11811871
9,0.33360493
