position,examination
0,4.139719
1,2.3379633
2,1.6631074
3,0.13158034
4,-0.4560861
5,-1.051082
6,-1.4605874
7,-1.7034831
8,-1.7932544
9,-1.8015263
