position,examination
0,3.1397192
1,0.6940616
2,0.16353975
3,-0.45307344
4,-0.6299435
5,-0.4665258
6,-0.6985777
7,-0.6066972
8,-0.6470134
9,-0.47209287
