position,examination
0,2.1397192
1,0.8711086
2,0.43116608
3,-0.03390849
4,-0.23465176
5,-0.3968559
6,-0.54052067
7,-0.6951945
8,-0.78654814
9,-0.75988793
