position,examination
0,-0.86028075
1,-0.36925977
2,-0.29806057
3,-0.19557613
4,-0.23733476
5,0.24124636
6,0.36644763
7,0.4518956
8,0.3759291
9,0.51798224
