position,examination
0,0.13971925
1,0.4510361
2,0.19412734
3,-0.18691966
4,-0.321175
5,-0.15884116
6,-0.2817585
7,-0.10206016
8,-0.07015463
9,0.32452312
