position,examination
0,-1.8602808
1,-0.61248773
2,-0.19091517
3,0.011764143
4,-0.07764306
5,0.37840378
6,0.49910864
7,0.59877247
8,0.5349676
9,0.69857883
