position,examination
0,0.0
1,-0.7297305
2,-1.0823476
3,-1.4862103
4,-1.6610732
5,-1.7832332
6,-1.6800823
7,-1.1994145
8,-0.48562664
9,-0.11628789
