feature,relevance
0,6.262079
1,-4.7234507
