position,examination
0,0.0
1,-2.6898327
2,-3.1073227
3,-3.3745227
4,-3.6296396
5,-3.8106346
6,-4.0233974
7,-4.091522
8,-4.1842723
9,-4.293433
