position,examination
0,0.0
1,1.3101673
2,0.8926773
3,0.6254773
4,0.37036026
5,0.18936527
6,-0.023397684
7,-0.091522455
8,-0.18427229
9,-0.29343295
