position,examination
0,0.0
1,2.3101673
2,1.8926773
3,1.6254773
4,1.3703603
5,1.1893653
6,0.9766023
7,0.90847754
8,0.8157277
9,0.70656705
