position,examination
0,0.0
1,0.3101673
2,-0.10732269
3,-0.3745227
4,-0.62963974
5,-0.81063473
6,-1.0233977
7,-1.0915225
8,-1.1842723
9,-1.293433
