position,examination
0,0.0
1,-0.6898327
2,-1.1073227
3,-1.3745227
4,-1.6296397
5,-1.8106347
6,-2.0233977
7,-2.0915225
8,-2.1842723
9,-2.293433
