position,examination
0,0.0
1,-1.6898327
2,-2.1073227
3,-2.3745227
4,-2.6296396
5,-2.8106346
6,-3.0233977
7,-3.0915225
8,-3.1842723
9,-3.293433
