position,examination
0,0.0
1,-3.6898327
2,-4.1073227
3,-4.3745227
4,-4.6296396
5,-4.8106346
6,-5.0233974
7,-5.091522
8,-5.1842723
9,-5.293433
