feature,relevance
0,-0.6765844
1,-1.7792616
