feature,relevance
0,-0.72571826
1,-1.82156
