feature,relevance
0,-1.3716322
1,-2.5938618
