feature,relevance
0,-1.0671695
1,-2.2628186
