feature,relevance
0,-2.7165248
1,-3.9392023
