feature,relevance
0,-0.8263954
1,-1.9286538
