feature,relevance
0,-2.2937455
1,-3.9932818
