feature,relevance
0,-1.7496804
1,-3.1414561
