position,examination
0,1.4664903
1,0.84101325
2,-0.55093133
3,0.21089853
4,0.010646124
5,-0.19843009
6,-0.33241764
7,-0.42948502
8,-0.54568243
9,-0.49807438
