position,examination
0,-0.51208663
1,0.7285023
2,0.41237426
3,0.21164621
4,0.05582746
5,-0.07226569
6,-0.15591016
7,-0.26846117
8,-0.293905
9,-0.23572968
