position,examination
0,2.0712094
1,1.2748214
2,2.4490685
3,0.49146762
4,0.084164456
5,-0.4857811
6,-0.8549745
7,-0.80849683
8,-1.8284755
9,-2.3168206
