position,examination
0,1.4786376
1,0.8313964
2,0.45410493
3,0.16174078
4,-0.06565446
5,-0.32925883
6,-0.49122852
7,-0.5694502
8,-0.758418
9,-0.71506286
