position,examination
0,1.6785575
1,0.9966345
2,-2.6271467
3,0.3677074
4,0.21818537
5,0.05875948
6,-0.071094714
7,-0.12989652
8,-0.27523884
9,-0.26309347
