position,examination
0,2.0725942
1,1.2509617
2,2.3728533
3,0.47915837
4,0.04516282
5,-0.17333663
6,-0.67249835
7,-1.1239645
8,-1.6048646
9,-2.5538464
