position,examination
0,0.48791337
1,0.7377723
2,0.39686128
3,0.15056609
4,-0.023014583
5,-0.19828175
6,-0.31144124
7,-0.41097394
8,-0.47972527
9,-0.41928777
