position,examination
0,2.9122386
1,2.1664128
2,3.4490685
3,1.2538794
4,0.8868574
5,0.2100433
6,-0.20968005
7,-0.10411106
8,-2.5915623
9,-7.874184
