position,examination
0,1.5160562
1,-1.2370883
2,0.49403566
3,0.23476024
4,0.09374606
5,-0.06273841
6,-0.17273496
7,-0.21217826
8,-0.36355263
9,-0.3491749
