position,examination
0,4.498427
1,2.7020159
2,2.2146423
3,1.8771583
4,1.3878909
5,1.1243387
6,0.47911826
7,-1.0140172
8,-4.1642923
9,-9.017227
