position,examination
0,2.6195486
1,1.7358296
2,3.3728533
3,0.920967
4,0.1710649
5,-0.13977729
6,-1.2486721
7,-2.1497016
8,-2.526973
9,-2.615231
