position,examination
0,3.0290484
1,3.8134415
2,1.7891136
3,1.3685527
4,0.9083946
5,0.17951539
6,-0.4974369
7,-0.24367572
8,-4.153767
9,-6.082641
