position,examination
0,4.487913
1,2.7550318
2,2.283143
3,1.8269086
4,1.4498678
5,0.778058
6,0.34432372
7,0.43103534
8,-4.175958
9,-10.086181
