position,examination
0,1.574813
1,-2.1865585
2,0.63827187
3,0.38983536
4,0.21424392
5,0.047867104
6,-0.07672326
7,-0.18071909
8,-0.27517554
9,-0.22052696
