position,examination
0,1.4341228
1,-0.18655843
2,0.46071142
3,0.19635943
4,0.0041030156
5,-0.19635153
6,-0.32742792
7,-0.4238385
8,-0.52635837
9,-0.47580233
