position,examination
0,2.2263076
1,2.7629118
2,0.91933715
3,0.61835766
4,0.14649431
5,-0.06153449
6,-0.6099879
7,-1.1831003
8,-1.8367137
9,-2.8903675
