position,examination
0,1.4984268
1,0.7629117
2,0.37285337
3,0.08703683
4,-0.14378215
5,-0.30020997
6,-0.52090186
7,-0.7954957
8,-0.74028635
9,-0.21143802
