position,examination
0,1.5283295
1,0.7861456
2,0.4007894
3,0.15317143
4,-0.06795943
5,-0.26033002
6,-0.47861403
7,-0.55925804
8,-0.7055514
9,-0.7991742
