position,examination
0,2.4879134
1,1.1001345
2,0.67546546
3,0.30673403
4,-0.020845676
5,-0.4576055
6,-0.72245824
7,-0.7598853
8,-1.2343415
9,-1.3238441
