position,examination
0,1.6548011
1,0.9139408
2,1.4490687
3,0.19728224
4,-0.09569888
5,-0.45988393
6,-0.66929424
7,-0.7387747
8,-1.085033
9,-1.1359408
