position,examination
0,3.4879134
1,1.6951776
2,1.2938582
3,0.8526411
4,0.45488748
5,-0.17116967
6,-0.6628528
7,-0.58636004
8,-2.4818313
9,-3.797829
