position,examination
0,2.498427
1,1.108784
2,0.6431185
3,0.34290746
4,-0.013318433
5,-0.2353565
6,-0.59448874
7,-0.88648903
8,-1.2339995
9,-1.5618854
