position,examination
0,1.5944844
1,0.8997972
2,-1.6271466
3,0.27799264
4,0.12000479
5,-0.04855581
6,-0.21492857
7,-0.3438929
8,-0.4205941
9,-0.2835763
