position,examination
0,1.4879134
1,0.8134416
2,0.44906867
3,0.14356717
4,-0.09968366
5,-0.33057612
6,-0.48519894
7,-0.5859285
8,-0.74558556
9,-0.6431924
