position,examination
0,-1.5120866
1,0.80241555
2,0.50298053
3,0.30155265
4,0.1594366
5,0.047831006
6,-0.031946387
7,-0.14151211
8,-0.17024119
9,-0.11523945
