position,examination
0,-0.5015732
1,0.7107274
2,0.40560228
3,0.16539724
4,0.073714465
5,-0.06852621
6,-0.17181651
7,-0.23053387
8,-0.30160013
9,-0.2158499
