position,examination
0,3.1113715
1,3.7629118
2,1.7714753
3,1.4565463
4,0.95018476
5,0.71083343
6,0.07712536
7,-0.904259
8,-3.0708075
9,-7.7731543
