position,examination
0,1.4793499
1,-1.1865585
2,0.52982634
3,0.2748633
4,0.09758884
5,-0.07103467
6,-0.1905563
7,-0.29531845
8,-0.37566978
9,-0.3296893
