position,examination
0,1.598979
1,-2.2370882
2,0.5947165
3,0.33189753
4,0.2029554
5,0.05085461
6,-0.059370648
7,-0.10328101
8,-0.23442674
9,-0.21731642
