position,examination
0,1.5255002
1,0.80889344
2,-0.6271466
3,0.19358222
4,0.017955737
5,-0.16049421
6,-0.331474
7,-0.39844802
8,-0.5253531
9,-0.54036295
