position,examination
0,1.6800162
1,1.8134415
2,0.5741542
3,0.225956
4,-0.075074255
5,-0.46004272
6,-0.6874734
7,-0.7366134
8,-1.1201826
9,-1.1729181
