position,examination
0,-1.5015732
1,0.8062978
2,0.5181712
3,0.27310112
4,0.18658966
5,0.048272766
6,-0.06937093
7,-0.17961869
8,-0.2176152
9,-0.031437032
