position,examination
0,2.1326947
1,2.8134415
2,0.89985
3,0.46679237
4,0.017332383
5,-0.647651
6,-1.0303447
7,-0.98661274
8,-1.7094258
9,-1.8524001
