position,examination
0,1.6439844
1,0.86455196
2,1.3728534
3,0.17214614
4,-0.14146458
5,-0.34616897
6,-0.65562624
7,-0.85439146
8,-1.020405
9,-1.0010012
