position,examination
0,0.4984268
1,0.68732023
2,0.35431305
3,0.11840352
4,-0.0184042
5,-0.17850561
6,-0.30797806
7,-0.33631057
8,-0.44036996
9,-0.44840458
