position,examination
0,1.6352128
1,1.0129665
2,-2.5509315
3,0.41525427
4,0.22499663
5,0.04392243
6,-0.08578225
7,-0.19152053
8,-0.3033929
9,-0.2473907
