position,examination
0,1.5311652
1,0.9094971
2,-1.5509313
3,0.2984903
4,0.10868652
5,-0.073321015
6,-0.19756053
7,-0.30391362
8,-0.40304807
9,-0.3577133
