position,examination
0,1.708775
1,1.7629117
2,0.48179385
3,0.21290635
4,-0.118775666
5,-0.33068287
6,-0.6648812
7,-0.8915446
8,-1.0653988
9,-1.0390584
