position,examination
0,3.498427
1,1.7943262
2,1.2817546
3,0.96877915
4,0.51904905
5,0.26216525
6,-0.33954206
7,-1.10355
8,-2.155994
9,-4.618015
