position,examination
0,1.4772894
1,-0.23708832
2,0.4157648
3,0.17002887
4,0.008663687
5,-0.1658112
6,-0.32299978
7,-0.37803084
8,-0.49628806
9,-0.5101752
