position,examination
0,0.0
1,2.150866
2,1.7592281
3,1.4986084
4,1.3243048
5,1.1100686
6,1.4895836
7,1.882966
8,2.1888082
9,2.2040415
