position,examination
0,0.0
1,1.1508662
2,0.7592281
3,0.49860835
4,0.32430482
5,0.11006856
6,0.4895836
7,0.88296604
8,1.1888082
9,1.2040414
