position,examination
0,0.0
1,-1.8491338
2,-2.2407718
3,-2.5013916
4,-2.6756952
5,-2.8899314
6,-2.5104165
7,-2.117034
8,-1.8111918
9,-1.7959586
