position,examination
0,0.0
1,0.15086615
2,-0.24077189
3,-0.50139165
4,-0.6756952
5,-0.88993144
6,-0.5104164
7,-0.11703396
8,0.1888082
9,0.20404136
