position,examination
0,0.0
1,-0.84913385
2,-1.2407719
3,-1.5013916
4,-1.6756952
5,-1.8899314
6,-1.5104164
7,-1.117034
8,-0.8111918
9,-0.79595864
