position,examination
0,0.0
1,-3.849134
2,-4.240772
3,-4.5013914
4,-4.6756954
5,-4.8899317
6,-4.5104165
7,-4.117034
8,-3.8111918
9,-3.7959585
