position,examination
0,0.0
1,-2.849134
2,-3.2407718
3,-3.5013916
4,-3.6756952
5,-3.8899314
6,-3.5104165
7,-3.117034
8,-2.8111918
9,-2.7959585
