feature,relevance
0,-2.2108285
1,-3.5488675
