feature,relevance
0,-2.5764222
1,-3.608353
