feature,relevance
0,-2.6260014
1,-3.3998342
