feature,relevance
0,-2.7037396
1,-3.5404367
