feature,relevance
0,-2.4493124
1,-3.5466967
