feature,relevance
0,-2.6004739
1,-3.5638988
