feature,relevance
0,6.1214085
1,-3.6151996
