feature,relevance
0,0.20224698
1,-4.7645483
