position,examination
0,0.0
1,-0.73464894
2,-1.0957417
3,-1.3821092
4,-1.6114674
5,-1.8927335
6,-2.0315137
7,-2.1074064
8,-2.3115685
9,-1.8565415
