feature,relevance
0,-2.3758287
1,-3.8548393
