position,examination
0,0.0
1,-0.7298864
2,-1.1083255
3,-1.3778621
4,-1.6383172
5,-1.7846344
6,-1.9393077
7,-2.0593855
8,-2.153006
9,-2.0531416
