feature,relevance
0,1.4915539
1,0.30137518
