feature,relevance
0,1.1646875
1,0.26367208
