feature,relevance
0,1.1475531
1,0.3387479
