feature,relevance
0,1.7268243
1,0.28907764
