position,examination
0,4.42941
1,0.6561494
2,0.22776057
3,-0.16583547
4,-0.39982364
5,-0.4262928
6,-0.628355
7,-1.1651998
8,-0.67908597
9,-0.34756538
