position,examination
0,-1.57059
1,1.0381441
2,0.63901836
3,0.27039966
4,0.046496276
5,0.019292202
6,-0.17781764
7,-0.7043301
8,-0.22897929
9,0.08817354
