position,examination
0,-0.57059
1,0.96287715
2,0.56656194
3,0.22779346
4,0.0043599154
5,-0.026590383
6,-0.2173727
7,-0.7182118
8,-0.27052167
9,0.012477167
