position,examination
0,0.0
1,1.1159632
2,0.6705601
3,0.53499854
4,0.24052191
5,0.02731657
6,0.31464088
7,0.7084813
8,1.2038163
9,1.4531876
