position,examination
0,0.0
1,-3.8840368
2,-4.32944
3,-4.4650016
4,-4.759478
5,-4.9726834
6,-4.685359
7,-4.2915187
8,-3.7961836
9,-3.5468125
