position,examination
0,0.0
1,-0.8840362
2,-1.3294393
3,-1.4650011
4,-1.7594779
5,-1.9726839
6,-1.6853619
7,-1.2915229
8,-0.79618925
9,-0.5468177
