position,examination
0,0.0
1,-1.8840368
2,-2.3294399
3,-2.4650016
4,-2.759478
5,-2.9726834
6,-2.685359
7,-2.2915187
8,-1.7961837
9,-1.5468124
