position,examination
0,0.0
1,-0.8840367
2,-1.3294399
3,-1.4650015
4,-1.7594781
5,-1.9726834
6,-1.6853591
7,-1.2915187
8,-0.7961837
9,-0.5468124
