position,examination
0,0.0
1,-2.8840368
2,-3.3294399
3,-3.4650016
4,-3.759478
5,-3.9726834
6,-3.685359
7,-3.2915187
8,-2.7961836
9,-2.5468125
