position,examination
0,0.0
1,0.11596328
2,-0.32943988
3,-0.46500146
4,-0.7594781
5,-0.9726834
6,-0.6853591
7,-0.2915187
8,0.2038163
9,0.45318758
