position,examination
0,0.0
1,2.1159632
2,1.6705601
3,1.5349985
4,1.2405219
5,1.0273166
6,1.3146409
7,1.7084813
8,2.2038164
9,2.4531875
