feature,relevance
0,-2.6101735
1,-4.6801314
