feature,relevance
0,-2.610214
1,-4.6801796
