feature,relevance
0,-1.5506685
1,-3.2448354
