feature,relevance
0,-1.5609987
1,-3.2282612
