feature,relevance
0,-1.5244315
1,-3.2883213
