feature,relevance
0,-1.3565729
1,-3.7811844
