feature,relevance
0,-1.3364748
1,-3.9890785
