feature,relevance
0,-1.4012619
1,-3.5748005
