feature,relevance
0,-1.4669847
1,-3.3865013
