position,examination
0,1.4691926
1,0.8013925
2,0.369307
3,0.018304659
4,-0.20477806
5,-0.29716143
6,-0.3967826
7,-0.89395535
8,-0.53500533
9,-0.30756396
