position,examination
0,1.4691926
1,0.79636294
2,0.37173674
3,0.027687034
4,-0.20777321
5,-0.2841197
6,-0.43137506
7,-0.94201547
8,-0.5296223
9,-0.26834092
