position,examination
0,0.0
1,1.2869613
2,0.92701817
3,0.61775565
4,0.4089986
5,0.1284244
6,-0.0325768
7,-0.09567547
8,-0.30353117
9,0.05816281
