position,examination
0,0.0
1,-0.71303755
2,-1.0729823
3,-1.3822424
4,-1.5910006
5,-1.871573
6,-2.0325756
7,-2.0956726
8,-2.3035314
9,-1.9418372
