position,examination
0,0.0
1,-3.7130375
2,-4.0729823
3,-4.382242
4,-4.5910006
5,-4.871573
6,-5.0325756
7,-5.0956726
8,-5.3035316
9,-4.9418373
