position,examination
0,0.0
1,-0.71303874
2,-1.0729818
3,-1.3822443
4,-1.5910014
5,-1.8715756
6,-2.0325768
7,-2.0956755
8,-2.3035312
9,-1.9418372
