position,examination
0,0.0
1,2.2869613
2,1.9270182
3,1.6177557
4,1.4089986
5,1.1284244
6,0.9674232
7,0.90432453
8,0.69646883
9,1.0581628
