position,examination
0,0.0
1,-2.7130375
2,-3.0729823
3,-3.3822424
4,-3.5910006
5,-3.871573
6,-4.0325756
7,-4.0956726
8,-4.3035316
9,-3.9418373
