position,examination
0,0.0
1,0.28696126
2,-0.072981834
3,-0.38224435
4,-0.5910014
5,-0.8715756
6,-1.0325768
7,-1.0956755
8,-1.3035312
9,-0.9418372
