position,examination
0,0.0
1,-0.7130424
2,-1.0729866
3,-1.3822486
4,-1.5910095
5,-1.8715827
6,-2.0325842
7,-2.0956771
8,-2.3035293
9,-1.9418136
