position,examination
0,0.0
1,-1.7130375
2,-2.0729823
3,-2.3822424
4,-2.5910006
5,-2.871573
6,-3.0325756
7,-3.0956726
8,-3.3035314
9,-2.9418373
