feature,relevance
0,-2.8252509
1,-3.911708
