feature,relevance
0,-2.8245695
1,-3.9116771
