feature,relevance
0,-1.0339023
1,-1.9356965
