feature,relevance
0,-1.058643
1,-2.0630915
