feature,relevance
0,-1.6702267
1,-2.2517164
