feature,relevance
0,-1.7561064
1,-2.6592536
