feature,relevance
0,-2.1498644
1,-3.2910159
