feature,relevance
0,-1.0016047
1,-1.9470365
