feature,relevance
0,-2.8244572
1,-3.9113328
