feature,relevance
0,-2.7689314
1,-4.1183743
