position,examination
0,0.0
1,-0.71700627
2,-1.0285946
3,-1.4608351
4,-1.6597567
5,-1.7766786
6,-2.0557911
7,-2.0794785
8,-2.2025986
9,-1.998763
