feature,relevance
0,5.61487
1,-4.004318
