feature,relevance
0,0.4728723
1,0.32481906
