feature,relevance
0,0.24792823
1,0.38472444
