feature,relevance
0,0.4898783
1,0.27718508
