feature,relevance
0,0.073314436
1,0.42137164
