position,examination
0,0.0
1,-0.65156114
2,-1.0255604
3,-1.2702799
4,-1.4889456
5,-1.6545817
6,-1.7990226
7,-1.9433583
8,-2.0327196
9,-2.1378083
10,-2.223035
11,-2.2933326
12,-2.3899891
13,-2.4701834
14,-2.546681
15,-2.579477
16,-2.6474428
17,-2.70892
18,-2.7481222
19,-2.8011556
20,-2.8217905
21,-2.8813367
22,-2.9044657
23,-2.9418328
24,-2.9876127
