position,examination
0,2.3931947
1,1.5036454
2,0.80424166
3,0.54223096
4,0.014258875
5,-3.3091767
6,-0.43046355
7,-0.7269098
8,-0.9474688
9,0.07392324
