position,examination
0,2.4693549
1,1.5556643
2,0.85215384
3,0.6493528
4,0.10883014
5,-0.108639956
6,-0.35182247
7,-0.67269975
8,-4.180434
9,-0.3506348
