position,examination
0,2.4291463
1,1.498488
2,0.79348403
3,0.6183157
4,0.057954088
5,-0.1623687
6,-0.4146272
7,-0.7602582
8,-1.0104791
9,-3.0461645
