position,examination
0,3.1742716
1,2.2690785
2,1.6013687
3,1.4424797
4,0.8633978
5,1.1908233
6,0.35976762
7,-0.019577906
8,-0.29133868
9,-10.573173
