position,examination
0,3.2412863
1,2.325763
2,1.6427221
3,1.4889334
4,1.3908229
5,0.6706847
6,0.4028191
7,0.024221096
8,-0.24592543
9,-10.913611
