position,examination
0,2.178142
1,1.2489502
2,0.553413
3,0.38335884
4,-0.14589545
5,-0.30917668
6,-0.64917326
7,-0.96333414
8,-1.2214051
9,-1.0803577
