position,examination
0,3.401323
1,2.4578795
2,1.792495
3,1.7499771
4,1.1067324
5,0.8259419
6,0.5021299
7,2.1002436
8,-0.40303275
9,-13.421107
