position,examination
0,2.2453904
1,1.3596896
2,0.6643968
3,0.4115044
4,-0.12502168
5,-1.8091767
6,-0.5742177
7,-0.8846063
8,-1.1140556
9,-0.23162353
