position,examination
0,2.2509415
1,1.3461893
2,0.64874077
3,0.43885267
4,-0.12188598
5,-0.3465761
6,-0.59915024
7,-0.94652605
8,-1.1804343
9,-1.4900408
