position,examination
0,5.209428
1,4.2735276
2,3.6483812
3,3.1906326
4,2.6441333
5,2.4250576
6,2.2084885
7,1.877707
8,1.5782007
9,-27.031406
