position,examination
0,2.2412357
1,1.3465667
2,0.6515681
3,0.43833694
4,-0.10917713
5,-0.34589276
6,-0.5989665
7,-0.9456909
8,-1.1968288
9,-1.487907
