position,examination
0,2.2582746
1,1.3557824
2,0.64838123
3,0.4543293
4,-0.10476267
5,-0.32829648
6,-0.58531874
7,-0.9323059
8,-1.1828585
9,-1.5806477
