position,examination
0,3.0492346
1,2.145728
2,1.462479
3,1.9336643
4,0.7676822
5,0.52049094
6,0.26752114
7,-0.16377099
8,-0.48892462
9,-9.451302
