position,examination
0,5.093429
1,4.1573906
2,3.348026
3,3.071567
4,2.890823
5,2.3031712
6,2.0875785
7,1.7539666
8,1.451799
9,-26.138245
