position,examination
0,1.042828
1,-1.6692384
2,-0.32841986
3,0.5711142
4,0.11261841
5,-0.021788288
6,-0.20783795
7,-0.38193038
8,-0.56764394
9,1.2140626
