position,examination
0,2.4065464
1,1.507137
2,0.79700124
3,0.585431
4,0.05277617
5,-0.15835576
6,-3.5827565
7,-0.701443
8,-0.9248062
9,-0.042649902
