position,examination
0,5.154823
1,4.3307614
2,3.4867456
3,3.2298126
4,2.6921678
5,2.4634871
6,2.248455
7,1.9071119
8,1.613768
9,-27.089676
