position,examination
0,2.0902634
1,1.1845767
2,0.489518
3,0.28811115
4,-0.27507406
5,-0.4999197
6,-0.7564288
7,-1.1058898
8,-1.360021
9,-0.046164513
