position,examination
0,3.5559218
1,2.8307614
2,1.924061
3,1.6180788
4,1.033883
5,0.79150635
6,0.5202849
7,0.13166654
8,-0.14212231
9,-12.250116
