position,examination
0,2.224076
1,1.3322641
2,0.64013904
3,0.4400694
4,-0.11913149
5,-0.3422547
6,-0.59148604
7,-0.9408557
8,-1.19071
9,-1.4630333
