position,examination
0,1.5308381
1,-0.16923845
2,0.10873891
3,0.38651186
4,-0.108834274
5,-0.28140444
6,-0.4969198
7,-0.73947227
8,-0.94068086
9,0.5537177
