position,examination
0,2.224076
1,1.3307616
2,0.64838123
3,0.4336643
4,-0.10917713
5,-0.30917668
6,-0.5827564
7,-0.8997563
8,-1.1804343
9,-1.5461645
