position,examination
0,2.9771647
1,2.063947
2,1.3710842
3,1.2156838
4,0.6362413
5,0.4027144
6,0.1391201
7,0.6002437
8,-0.5075355
9,-8.889225
