position,examination
0,2.253749
1,1.3420385
2,0.641288
3,0.45293424
4,-0.10669204
5,-0.33248484
6,-0.58758533
7,-0.93431777
8,-1.1846573
9,-1.5461645
