position,examination
0,2.2384186
1,1.3416333
2,0.62848747
3,0.43425834
4,-0.11718378
5,-0.32728148
6,-0.5827564
7,-0.89505345
8,-1.163584
9,-1.5715668
