position,examination
0,2.2128222
1,1.327365
2,0.6315225
3,0.38611254
4,-1.6091771
5,-0.34825632
6,-0.5827466
7,-0.8838901
8,-1.1099049
9,-0.090012945
