position,examination
0,5.2312083
1,4.2953925
2,3.4863596
3,3.4336643
4,2.6626482
5,2.4428213
6,2.2277527
7,1.8952636
8,1.5941389
9,-27.246948
