position,examination
0,1.8744336
1,0.94165367
2,-0.85161877
3,0.3699106
4,-0.13835418
5,-0.318453
6,-0.5398291
7,-0.8007975
8,-1.0096573
9,0.35692146
