position,examination
0,2.2922575
1,1.4033163
2,0.69923645
3,-2.5663357
4,-0.075356916
5,-0.26144987
6,-0.4793329
7,-0.74076563
8,-0.9418023
9,0.5496032
