position,examination
0,2.3555853
1,1.4746795
2,0.76431334
3,0.5128586
4,-3.109177
5,-0.20808323
6,-0.43945807
7,-0.7256369
8,-0.94034994
9,0.23590797
