position,examination
0,2.1539898
1,1.2763479
2,0.5737343
3,-1.0663357
4,-0.19792108
5,-0.3938463
6,-0.6204412
7,-0.90164953
8,-1.1122459
9,0.19839965
