position,examination
0,-0.77592397
1,-0.28052133
2,-0.54355836
3,0.5918993
4,0.1407635
5,0.03280269
6,-0.14484781
7,-0.2891925
8,-0.4686123
9,1.4482175
