position,examination
0,0.72407603
1,0.50331205
2,0.051818956
3,0.35951573
4,-0.13163038
5,-0.28727394
6,-0.49291047
7,-0.7166437
8,-0.91192824
9,0.7272398
