position,examination
0,2.2669935
1,1.3618383
2,0.66095984
3,0.446754
4,-0.09207502
5,-0.30457678
6,-2.0827565
7,-0.86119
8,-1.0915525
9,-0.35267833
