position,examination
0,2.3054333
1,1.4064807
2,0.70828855
3,0.47040552
4,-0.07467557
5,-0.291521
6,-0.5355276
7,-2.3997564
8,-1.100473
9,-0.53323287
