position,examination
0,2.2498972
1,1.3486618
2,0.6547701
3,0.444435
4,-0.117764935
5,-0.3433114
6,-0.59677774
7,-0.8997563
8,-1.1985606
9,-1.5590997
