position,examination
0,3.1248474
1,2.2208495
2,1.5356083
3,1.3734385
4,0.79437476
5,0.5579964
6,0.9172436
7,-0.08830959
8,-0.35868818
9,-10.049355
