position,examination
0,1.8475062
1,0.9050639
2,-2.3516188
3,0.51356703
4,0.024760416
5,-0.14207993
6,-0.35638216
7,-0.5831158
8,-0.7759304
9,0.7647806
