position,examination
0,5.2240763
1,4.255827
2,3.5069246
3,3.2055652
4,2.6665657
5,2.4329386
6,2.2081387
7,1.8743492
8,1.583142
9,-26.940517
