position,examination
0,4.5249085
1,3.6184988
2,2.9066083
3,2.7245402
4,2.1840944
5,1.95655
6,1.7353686
7,1.4023722
8,1.8195657
9,-22.844109
