position,examination
0,2.2595892
1,1.3525825
2,0.6621637
3,0.4336643
4,-0.10408505
5,-0.32920754
6,-0.5824336
7,-0.92902714
8,-1.1801195
9,-1.5876516
