position,examination
0,2.2484596
1,1.3307616
2,0.6383979
3,0.45226702
4,-0.10685613
5,-0.3314703
6,-0.5849082
7,-0.9334259
8,-1.1842456
9,-1.536775
