position,examination
0,2.3202274
1,1.422371
2,0.72551817
3,0.4948884
4,-0.054267917
5,-0.27187595
6,-0.51684344
7,-0.84725994
8,-2.6804342
9,-0.6126688
