position,examination
0,3.5051959
1,2.6098468
2,2.1483812
3,1.6128513
4,1.0301415
5,0.78831655
6,0.5183641
7,0.128545
8,-0.14620951
9,-12.147597
