position,examination
0,4.7730675
1,3.8666608
2,3.164099
3,2.983204
4,2.441674
5,2.2124176
6,2.4172435
7,1.6560141
8,1.3609241
9,-24.849806
