position,examination
0,2.8906276
1,1.9654733
2,1.2769469
3,1.1372137
4,0.5622256
5,0.32710597
6,0.060172312
7,-0.31537208
8,0.31956565
9,-8.1909
