position,examination
0,2.4525936
1,1.5542665
2,0.86153877
3,0.6195654
4,0.07608442
5,-0.1404537
6,-0.38469458
7,-3.8997564
8,-0.93185353
9,-0.25482562
