position,examination
0,1.9543447
1,1.0465975
2,0.35717744
3,0.15158147
4,-0.4256858
5,-0.6670241
6,-0.93816704
7,-1.3149128
8,-1.583213
9,1.4538355
