position,examination
0,2.667061
1,1.7541103
2,0.9612751
3,0.7201234
4,0.17702472
5,-0.04634031
6,-0.2597915
7,-0.5880941
8,-0.8398886
9,-4.5461645
