position,examination
0,2.2632296
1,1.3545254
2,0.6559322
3,0.44367662
4,-0.11688866
5,-0.33978552
6,-0.5922514
7,-0.93991387
8,-1.190683
9,-1.5447049
