position,examination
0,4.960036
1,4.0140924
2,3.3016813
3,3.108754
4,2.6272533
5,2.6908233
6,2.0788836
7,1.7847023
8,1.4851495
9,-26.03957
