position,examination
0,3.724076
1,2.5486488
2,1.7102631
3,1.3158371
4,0.7173769
5,0.4519457
6,0.19503981
7,-0.2725241
8,-0.6086497
9,-9.703932
