position,examination
0,0.0
1,-0.71101844
2,-1.0441704
3,-1.3803945
4,-1.5934774
5,-1.8589392
6,-2.0195248
7,-2.0846257
8,-2.1279109
9,-2.0822284
