feature,relevance
0,5.5472064
1,-3.749034
