position,examination
0,-0.5359222
1,0.8331679
2,0.4375082
3,-0.38411075
4,-0.46144253
5,-0.1470837
6,-0.66997015
7,-1.2733576
8,0.42673686
9,1.4606715
