position,examination
0,2.4640777
1,0.6970993
2,0.3004949
3,-0.52266544
4,-0.60017455
5,-0.28549522
6,-0.8090188
7,-1.4127518
8,0.29144123
9,1.3444239
