position,examination
0,1.4640777
1,0.73246723
2,0.33587727
3,-0.48723066
4,-0.56469494
5,-0.2501628
6,-0.7736135
7,-1.377367
8,0.32704893
9,1.3802582
