position,examination
0,-1.5359223
1,0.8131154
2,0.41796005
3,-0.40396586
4,-0.48141772
5,-0.16709062
6,-0.6906379
7,-1.2942487
8,0.40080038
9,1.4578179
