position,examination
0,0.46407777
1,0.75132316
2,0.3556256
3,-0.46757868
4,-0.5285141
5,-0.21617664
6,-0.7552299
7,-1.338774
8,0.34836292
9,1.401221
