position,examination
0,-2.5359223
1,0.7614036
2,0.36631337
3,-0.45336547
4,-0.5303719
5,-0.21735382
6,-0.73929304
7,-1.3417075
8,0.36226016
9,1.4139128
