position,examination
0,3.4640777
1,0.72040987
2,0.32388845
3,-0.4992714
4,-0.5767343
5,-0.26211166
6,-0.78564733
7,-1.3893349
8,0.31465513
9,1.3664016
