position,examination
0,2.5104084
1,0.70792925
2,0.32253125
3,-0.0198251
4,-0.20798028
5,-0.44077334
6,-0.55320406
7,-0.772079
8,-0.79404974
9,-0.7752633
