position,examination
0,1.5104083
1,0.80265635
2,0.44145927
3,0.09554816
4,-0.096767455
5,-0.29578972
6,-0.45914206
7,-0.6373608
8,-0.700745
9,-0.68447036
