position,examination
0,-0.48959172
1,0.9528885
2,0.58068454
3,0.23362833
4,0.05966488
5,-0.17946564
6,-0.27744478
7,-0.50129116
8,-0.51748246
9,-0.49868518
