position,examination
0,0.5104083
1,0.8158902
2,0.44167417
3,0.09106077
4,-0.081681505
5,-0.32185742
6,-0.41813165
7,-0.64295846
8,-0.6582519
9,-0.6396612
