position,examination
0,-1.4895917
1,0.9552945
2,0.58013093
3,0.22917473
4,0.056184176
5,-0.18383025
6,-0.2806344
7,-0.5052235
8,-0.52086204
9,-0.50214803
