position,examination
0,4.5104084
1,0.7268505
2,0.35010982
3,-0.0027831106
4,-0.17561847
5,-0.4158269
6,-0.5124358
7,-0.7371638
8,-0.75270504
9,-0.73403704
