position,examination
0,3.5104084
1,0.71771073
2,0.34023106
3,-0.012282735
4,-0.18561316
5,-0.42582464
6,-0.5227085
7,-0.7473928
8,-0.7630579
9,-0.7444053
