position,examination
0,0.0
1,0.8996209
2,0.43125805
3,-0.52288175
4,-0.6404842
5,-0.19843051
6,-0.6186408
7,-1.6271099
8,-0.20483357
9,1.8205256
