feature,relevance
0,0.49102062
1,0.4675724
