feature,relevance
0,0.9745284
1,0.30096787
