feature,relevance
0,0.98963845
1,0.20354646
