feature,relevance
0,0.61579204
1,0.4348399
