feature,relevance
0,1.2111566
1,0.32541636
