feature,relevance
0,0.88409376
1,0.18186104
