position,examination
0,3.117559
1,0.3502669
2,-0.010478719
3,-0.50889415
4,-0.6396387
5,-0.5492558
6,-0.5297404
7,-0.5639895
8,-0.29872766
9,-0.33396664
