position,examination
0,0.117558956
1,0.612877
2,0.30449483
3,-0.1781997
4,-0.29739434
5,-0.20878442
6,-0.19795394
7,-0.23695384
8,0.020196725
9,0.043175668
