position,examination
0,4.117559
1,0.21082608
2,-0.11457853
3,-0.64001966
4,-0.7516435
5,-0.65142345
6,-0.62848395
7,-0.6777118
8,-0.41528854
9,-0.40924576
