position,examination
0,-1.882441
1,0.7069
2,0.42443922
3,-0.118674695
4,-0.2116034
5,-0.10245402
6,-0.07489331
7,-0.13461582
8,0.13031834
9,0.19884442
