position,examination
0,2.117559
1,0.46030158
2,0.076665625
3,-0.37433636
4,-0.5304589
5,-0.45763004
6,-0.43358025
7,-0.4301201
8,-0.15655588
9,-0.2566517
