position,examination
0,1.117559
1,0.49049285
2,0.20858392
3,-0.33497772
4,-0.42747995
5,-0.31813526
6,-0.28934783
7,-0.34963632
8,-0.08259393
9,-0.013246816
