position,examination
0,0.0
1,-0.7632586
2,-1.1866257
3,-1.4997394
4,-1.756127
5,-1.9528838
6,-2.1529026
7,-2.3021755
8,-2.4268308
9,-2.5615342
10,-2.6954033
11,-2.805056
12,-2.9393516
13,-3.0255728
14,-3.101685
15,-3.212733
16,-3.3104477
17,-3.4068284
18,-3.5213032
19,-3.606818
20,-3.7587266
21,-3.889383
22,-3.9802804
23,-4.2158785
24,-4.501646
