position,examination
0,4.0035663
1,0.007273301
2,-0.3286547
3,-0.53227377
4,-0.9015252
5,-1.0392108
6,-0.99097747
7,-0.7414904
8,0.19152783
9,0.33426774
