position,examination
0,2.0035663
1,0.12110809
2,-0.21492553
3,-0.45640418
4,-0.8121048
5,-0.9284518
6,-0.6967409
7,-0.48646814
8,0.6281858
9,0.85048914
