position,examination
0,0.003566265
1,0.42935818
2,0.10557104
3,-0.21815242
4,-0.23775174
5,-0.5098315
6,-1.0035117
7,-0.39616722
8,0.8550263
9,0.9604307
