position,examination
0,-0.99643373
1,0.55136436
2,0.23748094
3,-0.046874084
4,-0.17863739
5,-0.39963755
6,-0.95459694
7,-0.2507392
8,0.9968877
9,1.0401257
