position,examination
0,-1.9964337
1,0.695256
2,0.3833307
3,0.053271417
4,-0.09085567
5,-0.26157776
6,-0.7144495
7,-0.26289937
8,1.045348
9,1.1457506
