position,examination
0,1.0035663
1,0.44663686
2,0.10286362
3,-0.27205536
4,-0.48282325
5,-0.5802331
6,-0.90717036
7,-0.87431455
8,0.7211973
9,0.84022003
