position,examination
0,1.2308971
1,0.058420017
2,-0.21328826
3,-0.33471835
4,-0.7646624
5,-0.9112949
6,-0.3748788
7,-0.07163347
8,0.62908804
9,0.7448023
