position,examination
0,3.0035663
1,0.23067673
2,-0.1178306
3,-0.47686177
4,-0.7136672
5,-0.80996794
6,-1.0894755
7,-1.0513473
8,0.42460102
9,0.61575484
