position,examination
0,2.495487
1,0.7306355
2,0.27512845
3,0.032566816
4,-0.21079196
5,-0.41639963
6,-0.52115357
7,-0.67502236
8,-0.79860693
9,-0.8266243
