position,examination
0,3.495487
1,0.7957978
2,0.3453942
3,0.105938554
4,-0.13744374
5,-0.34486526
6,-0.449322
7,-0.60108906
8,-0.7246106
9,-0.7528978
