position,examination
0,-1.504513
1,1.0148028
2,0.56781304
3,0.327569
4,0.085631266
5,-0.121295534
6,-0.22559927
7,-0.37752956
8,-0.50137377
9,-0.52927727
