position,examination
0,1.495487
1,0.817358
2,0.37298343
3,0.06326884
4,-0.15456013
5,-0.28709254
6,-0.38989827
7,-0.56810963
8,-0.6943914
9,-0.6665019
