position,examination
0,-0.504513
1,0.992176
2,0.55185694
3,0.31036508
4,0.07140494
5,-0.13407244
6,-0.23779091
7,-0.39021382
8,-0.5142007
9,-0.5413505
