position,examination
0,1.495487
1,0.8252333
2,0.37519443
3,0.13569973
4,-0.107668296
5,-0.3150556
6,-0.41961583
7,-0.5711678
8,-0.69473165
9,-0.7230278
