position,examination
0,0.49548697
1,0.87137383
2,0.44159603
3,0.20188862
4,-0.03145099
5,-0.23431087
6,-0.33458626
7,-0.48864612
8,-0.61102897
9,-0.6382246
