position,examination
0,0.0
1,-0.717154
2,-1.0992694
3,-1.3860025
4,-1.6017578
5,-1.7891475
6,-1.9477419
7,-2.101974
8,-2.1968422
9,-2.3086908
