feature,relevance
0,0.8901246
1,0.29803902
