feature,relevance
0,0.6552706
1,0.13550436
