position,examination
0,0.0
1,-0.7214645
2,-1.0754957
3,-1.3901682
4,-1.6069369
5,-1.8470947
6,-2.0167217
7,-2.0508583
8,-2.1597466
9,-2.2584522
