feature,relevance
0,7.9614315
1,-3.8406277
