position,examination
0,0.0
1,-0.7097827
2,-1.090393
3,-1.3843108
4,-1.5870607
5,-1.809613
6,-1.8921866
7,-2.007799
8,-2.1204135
9,-2.1079974
