feature,relevance
0,-1.0912628
1,-3.8683052
