position,examination
0,0.0
1,-0.6993537
2,-1.1144572
3,-1.389889
4,-1.6103109
5,-1.7792944
6,-1.9889663
7,-2.0721786
8,-2.2228105
9,-2.314303
