position,examination
0,0.0
1,-3.0260143
2,-3.4460206
3,-3.6423771
4,-4.045275
5,-4.049347
6,-3.7090917
7,-3.33969
8,-2.637723
9,-2.2111845
