position,examination
0,0.0
1,-1.0260143
2,-1.4460205
3,-1.6423771
4,-2.0452752
5,-2.049347
6,-1.7090917
7,-1.33969
8,-0.637723
9,-0.2111845
