position,examination
0,0.0
1,1.9739857
2,1.5539795
3,1.3576229
4,0.9547248
5,0.9506531
6,1.2909083
7,1.66031
8,2.362277
9,2.7888155
