position,examination
0,0.0
1,-0.026014328
2,-0.44602048
3,-0.64237714
4,-1.0452752
5,-1.0493469
6,-0.70909166
7,-0.33968997
8,0.36227697
9,0.7888155
