position,examination
0,0.0
1,-4.0260143
2,-4.4460206
3,-4.642377
4,-5.045275
5,-5.049347
6,-4.7090917
7,-4.33969
8,-3.637723
9,-3.2111845
