position,examination
0,0.0
1,0.9739857
2,0.5539795
3,0.35762286
4,-0.04527521
5,-0.049346924
6,0.29090834
7,0.66031003
8,1.362277
9,1.7888155
