position,examination
0,0.0
1,-2.0260143
2,-2.4460206
3,-2.6423771
4,-3.0452752
5,-3.049347
6,-2.7090917
7,-2.33969
8,-1.637723
9,-1.2111845
