feature,relevance
0,-1.608809
1,-3.8410165
