feature,relevance
0,-1.8177694
1,-3.7162962
