feature,relevance
0,-1.6603632
1,-3.6177883
