feature,relevance
0,-1.7890049
1,-3.5980802
