feature,relevance
0,-1.7862247
1,-3.7872636
