feature,relevance
0,-2.7189112
1,-4.869632
