feature,relevance
0,-2.4000807
1,-3.653635
