feature,relevance
0,-1.5534014
1,-4.120359
