position,examination
0,0.0
1,-3.7162378
2,-4.105957
3,-4.4066725
4,-4.614544
5,-4.758961
6,-5.001769
7,-5.106744
8,-5.244297
9,-5.1209564
