position,examination
0,0.0
1,1.2837622
2,0.89404297
3,0.59332776
4,0.3854561
5,0.2410388
6,-0.0017688274
7,-0.106743574
8,-0.24429703
9,-0.12095642
