position,examination
0,0.0
1,-2.7162378
2,-3.105957
3,-3.4066722
4,-3.614544
5,-3.7589612
6,-4.001769
7,-4.106744
8,-4.244297
9,-4.1209564
