position,examination
0,0.0
1,-0.7162378
2,-1.105957
3,-1.4066722
4,-1.6145439
5,-1.7589612
6,-2.0017688
7,-2.1067436
8,-2.244297
9,-2.1209564
