position,examination
0,0.0
1,-1.7162378
2,-2.105957
3,-2.4066722
4,-2.614544
5,-2.7589612
6,-3.0017688
7,-3.1067436
8,-3.244297
9,-3.1209564
