position,examination
0,0.0
1,0.28376222
2,-0.10595703
3,-0.40667224
4,-0.6145439
5,-0.7589612
6,-1.0017688
7,-1.1067436
8,-1.244297
9,-1.1209564
