position,examination
0,0.0
1,2.2837622
2,1.894043
3,1.5933278
4,1.3854561
5,1.2410388
6,0.9982312
7,0.8932564
8,0.755703
9,0.8790436
