position,examination
0,0.0
1,-0.7556207
2,-1.1206751
3,-1.4260671
4,-1.6858248
5,-1.8283132
6,-1.9265803
7,-2.1560092
8,-2.2411356
9,-2.3234556
