feature,relevance
0,-1.3634152
1,-1.8839833
