feature,relevance
0,-1.4680986
1,-2.0490205
