feature,relevance
0,-1.4071264
1,-1.9326441
