feature,relevance
0,-1.4364599
1,-2.2940667
