feature,relevance
0,-2.6772275
1,-4.0856175
