feature,relevance
0,-2.1340263
1,-3.3380725
