feature,relevance
0,-2.7353532
1,-3.9272006
