feature,relevance
0,-1.6428812
1,-2.7390428
