feature,relevance
0,-1.4640527
1,-1.6056304
