feature,relevance
0,0.6038674
1,0.28488556
