feature,relevance
0,1.1152256
1,0.25027272
