feature,relevance
0,0.56016725
1,0.34613013
