feature,relevance
0,0.32306978
1,0.40827882
