position,examination
0,1.42941
1,0.81806046
2,0.39337352
3,7.318298e-05
4,-0.23231077
5,-0.25896773
6,-0.46070972
7,-0.997649
8,-0.51136583
9,-0.17952469
