position,examination
0,3.42941
1,0.67683166
2,0.2416594
3,-0.1478302
4,-0.3902529
5,-0.4164266
6,-0.6218131
7,-1.1505799
8,-0.6706699
9,-0.34482166
