position,examination
0,0.42940998
1,0.85926455
2,0.4439215
3,0.12328764
4,-0.10800483
5,-0.14431135
6,-0.33043438
7,-0.78671044
8,-0.38677838
9,-0.14525212
