position,examination
0,1.42941
1,0.82001454
2,0.36139035
3,0.051368095
4,-0.21284455
5,-0.25618824
6,-0.45728764
7,-0.8759394
8,-0.53560066
9,-0.32034272
