position,examination
0,2.42941
1,0.7927964
2,0.29169613
3,-0.02563727
4,-0.33324456
5,-0.37947965
6,-0.58759934
7,-1.0678546
8,-0.6564617
9,-0.40108433
