position,examination
0,0.0
1,-0.5506369
2,-0.87764287
3,-1.0875596
4,-1.2710385
5,-1.4117616
6,-1.519733
7,-1.6344087
8,-1.7256355
9,-1.789584
10,-1.8273374
11,-1.9232998
12,-1.982138
13,-2.0280633
14,-2.0726686
15,-2.116172
16,-2.1455643
17,-2.1659403
18,-2.194422
19,-2.212923
20,-2.239024
21,-2.2542222
22,-2.2868001
23,-2.2868922
24,-2.2877102
