position,examination
0,0.0
1,-3.904746
2,-4.219453
3,-4.688543
4,-4.6718116
5,-4.704894
6,-5.164639
7,-4.4888535
8,-4.0233345
9,-3.9507618
