position,examination
0,0.0
1,-2.904746
2,-3.219453
3,-3.6885428
4,-3.6718116
5,-3.7048938
6,-4.164639
7,-3.4888535
8,-3.0233345
9,-2.9507618
