position,examination
0,0.0
1,0.095253944
2,-0.2194531
3,-0.6885427
4,-0.67181146
5,-0.7048938
6,-1.164639
7,-0.48885345
8,-0.023334622
9,0.049238145
