position,examination
0,0.0
1,2.095254
2,1.7805469
3,1.3114573
4,1.3281885
5,1.2951062
6,0.835361
7,1.5111465
8,1.9766654
9,2.0492382
