position,examination
0,0.0
1,-1.904746
2,-2.219453
3,-2.6885428
4,-2.6718116
5,-2.7048938
6,-3.164639
7,-2.4888535
8,-2.0233345
9,-1.9507618
