position,examination
0,0.0
1,1.095254
2,0.7805469
3,0.31145728
4,0.32818854
5,0.29510617
6,-0.164639
7,0.51114655
8,0.9766654
9,1.0492382
