position,examination
0,0.0
1,-0.90474606
2,-1.2194531
3,-1.6885427
4,-1.6718115
5,-1.7048938
6,-2.164639
7,-1.4888535
8,-1.0233346
9,-0.95076185
