feature,relevance
0,0.2551184
1,-2.8176963
