feature,relevance
0,0.38314933
1,-2.9699726
