feature,relevance
0,-1.0927682
1,-2.928257
