feature,relevance
0,0.85405385
1,-3.3792098
