feature,relevance
0,0.30545676
1,-2.8783116
