feature,relevance
0,0.2698207
1,-2.8350136
