feature,relevance
0,-0.28086627
1,-4.4467373
