feature,relevance
0,0.65008336
1,-3.1875231
