position,examination
0,2.4941607
1,0.7844623
2,0.33276594
3,0.050523818
4,-0.18812445
5,-0.34612247
6,-0.5048583
7,-0.67631865
8,-0.73487234
9,-0.7242333
