position,examination
0,1.4941605
1,0.81343454
2,0.3310411
3,0.18106775
4,-0.10971132
5,-0.3265559
6,-0.43553108
7,-0.58399534
8,-0.6101587
9,-0.7560589
