position,examination
0,0.49416053
1,0.8967235
2,0.4600108
3,0.22841167
4,-0.016867027
5,-0.17727846
6,-0.32532594
7,-0.4868983
8,-0.5444164
9,-0.55777174
