position,examination
0,0.0
1,-1.9316368
2,-2.3171082
3,-2.7562337
4,-2.904534
5,-2.8958998
6,-2.781937
7,-2.4989495
8,-1.599809
9,-1.2830112
