position,examination
0,0.0
1,-3.9316368
2,-4.317108
3,-4.7562337
4,-4.9045343
5,-4.8959
6,-4.7819366
7,-4.4989495
8,-3.5998092
9,-3.2830112
