position,examination
0,0.0
1,-0.93163687
2,-1.3171083
3,-1.7562337
4,-1.9045341
5,-1.8958998
6,-1.7819369
7,-1.4989494
8,-0.59980905
9,-0.28301126
