position,examination
0,0.0
1,-2.9316368
2,-3.3171082
3,-3.7562337
4,-3.904534
5,-3.8958998
6,-3.781937
7,-3.4989495
8,-2.5998092
9,-2.2830112
