feature,relevance
0,-1.8788538
1,-3.4958389
