feature,relevance
0,-2.8546069
1,-4.7439957
