feature,relevance
0,-1.6400187
1,-3.6846702
