feature,relevance
0,-2.1952689
1,-3.4991157
