feature,relevance
0,-1.5502557
1,-3.7872667
