position,examination
0,0.0
1,1.3525624
2,0.9886781
3,0.69623804
4,0.4795797
5,0.16738093
6,0.09344244
7,-0.09840298
8,-0.08760905
9,-0.22009397
