position,examination
0,0.0
1,-1.6474376
2,-2.011322
3,-2.303762
4,-2.5204203
5,-2.8326192
6,-2.9065576
7,-3.098403
8,-3.087609
9,-3.220094
