position,examination
0,0.0
1,-0.6474376
2,-1.0113219
3,-1.303762
4,-1.5204203
5,-1.8326191
6,-1.9065576
7,-2.098403
8,-2.087609
9,-2.220094
