position,examination
0,0.0
1,0.35256243
2,-0.011321902
3,-0.30376196
4,-0.5204203
5,-0.8326191
6,-0.90655756
7,-1.098403
8,-1.087609
9,-1.220094
