position,examination
0,0.0
1,2.3525624
2,1.9886781
3,1.696238
4,1.4795797
5,1.1673809
6,1.0934424
7,0.901597
8,0.91239095
9,0.77990603
