position,examination
0,0.0
1,-3.6474376
2,-4.011322
3,-4.303762
4,-4.52042
5,-4.832619
6,-4.9065576
7,-5.098403
8,-5.0876093
9,-5.2200937
