position,examination
0,0.0
1,-2.6474376
2,-3.011322
3,-3.303762
4,-3.5204203
5,-3.8326192
6,-3.9065576
7,-4.098403
8,-4.0876093
9,-4.2200937
