feature,relevance
0,-1.4846044
1,-2.8320446
