feature,relevance
0,-1.7859794
1,-3.4153953
