feature,relevance
0,-0.43139118
1,-2.0798073
