feature,relevance
0,-0.6740502
1,-2.305719
