feature,relevance
0,-1.0576771
1,-2.5188117
