feature,relevance
0,-2.140256
1,-4.3365235
