feature,relevance
0,-0.4453408
1,-2.1152856
