feature,relevance
0,-0.57887954
1,-2.1594145
