position,examination
0,0.0
1,2.26933
2,1.8983583
3,1.5934497
4,1.3877054
5,1.1071949
6,0.96432614
7,0.88480973
8,0.68002653
9,1.1270086
