position,examination
0,0.0
1,0.26933008
2,-0.101641655
3,-0.4065503
4,-0.61229455
5,-0.8928051
6,-1.0356739
7,-1.1151903
8,-1.3199735
9,-0.87299144
