position,examination
0,0.0
1,-2.7306707
2,-3.1016445
3,-3.4065518
4,-3.6122952
5,-3.892806
6,-4.035676
7,-4.1151924
8,-4.319975
9,-3.8729906
