position,examination
0,0.0
1,1.26933
2,0.89835835
3,0.5934497
4,0.38770545
5,0.1071949
6,-0.035673857
7,-0.11519027
8,-0.31997347
9,0.12700856
