position,examination
0,0.0
1,-0.7306684
2,-1.1016442
3,-1.4065539
4,-1.612302
5,-1.8928111
6,-2.0356815
7,-2.1151972
8,-2.3199637
9,-1.8729589
