position,examination
0,0.0
1,-0.7306699
2,-1.1016417
3,-1.4065503
4,-1.6122946
5,-1.8928051
6,-2.0356739
7,-2.1151903
8,-2.3199735
9,-1.8729914
