position,examination
0,0.0
1,-0.73067063
2,-1.1016444
3,-1.406552
4,-1.6122952
5,-1.892806
6,-2.035676
7,-2.1151922
8,-2.3199747
9,-1.8729906
