position,examination
0,0.0
1,-3.7306707
2,-4.1016445
3,-4.406552
4,-4.612295
5,-4.892806
6,-5.035676
7,-5.1151924
8,-5.319975
9,-4.8729906
