position,examination
0,0.0
1,-1.7306707
2,-2.1016445
3,-2.4065518
4,-2.6122952
5,-2.892806
6,-3.035676
7,-3.1151922
8,-3.3199747
9,-2.8729906
