feature,relevance
0,-2.2810304
1,-3.817562
