feature,relevance
0,-0.7851233
1,-2.002835
