feature,relevance
0,-0.7020175
1,-1.9480096
