feature,relevance
0,-2.5139594
1,-3.8763468
