feature,relevance
0,-1.4661067
1,-2.6673007
