feature,relevance
0,-2.2811432
1,-3.8174744
