feature,relevance
0,-1.1474779
1,-2.2376907
