feature,relevance
0,-1.9163716
1,-3.1571085
