feature,relevance
0,-2.2796495
1,-3.81764
