feature,relevance
0,-0.8545588
1,-2.1059902
