feature,relevance
0,0.6076112
1,0.40715447
