feature,relevance
0,0.7764434
1,0.24784167
