feature,relevance
0,0.5510404
1,0.1476618
