feature,relevance
0,0.81198967
1,0.3235132
