feature,relevance
0,0.5794745
1,0.5179468
