feature,relevance
0,1.1654367
1,0.59103435
