feature,relevance
0,0.5117632
1,0.49235845
