feature,relevance
0,-1.1864578
1,-1.388987
