feature,relevance
0,0.85154593
1,0.58608305
