position,examination
0,1.5014541
1,0.785215
2,0.4213808
3,0.095233776
4,-0.11615729
5,-0.26385766
6,-0.45103276
7,-0.710329
8,-0.65987015
9,-0.6010624
