position,examination
0,4.5014544
1,2.3613987
2,1.8019887
3,1.3475943
4,0.8480797
5,0.40224588
6,-0.13264926
7,-1.2581632
8,-3.4193983
9,-6.334229
