position,examination
0,0.5014541
1,0.7435123
2,0.4376976
3,0.14124253
4,0.08750465
5,-0.18725254
6,-0.3112029
7,-0.39261392
8,-0.47859958
9,-0.58903605
