position,examination
0,-1.4985459
1,0.8915796
2,0.56120765
3,0.3503315
4,0.16227232
5,0.055383112
6,-0.036616985
7,-0.11740205
8,-0.19561933
9,-0.26698625
