feature,relevance
0,1.3530678
1,0.31855112
