feature,relevance
0,1.3449583
1,0.2495096
