feature,relevance
0,0.8596173
1,0.2981338
