position,examination
0,3.5064156
1,1.4651808
2,0.91358894
3,0.4158748
4,0.09552252
5,-0.34287152
6,-0.96773934
7,-1.2824119
8,-1.7553318
9,-1.9379396
