position,examination
0,-0.4935844
1,0.8186329
2,0.47448283
3,0.21924342
4,0.10403162
5,-0.028233709
6,-0.1866169
7,-0.2782179
8,-0.3482541
9,-0.36088818
