position,examination
0,2.5064156
1,1.0679057
2,0.56515115
3,0.16814484
4,-0.07040926
5,-0.30851272
6,-0.66153216
7,-0.81439173
8,-1.1059403
9,-1.2810374
