position,examination
0,2.9815755
1,0.3487709
2,-0.0022636165
3,-0.5401667
4,-0.67513365
5,-0.6833759
6,-1.0286847
7,-1.0505036
8,0.50131947
9,0.69986653
