position,examination
0,3.9815755
1,0.34065863
2,-0.0102604
3,-0.5481304
4,-0.6828272
5,-0.6915187
6,-1.0370417
7,-1.0593096
8,0.49347892
9,0.6908244
