position,examination
0,0.9815756
1,0.48005968
2,0.11836502
3,-0.4043991
4,-0.5378651
5,-0.54819125
6,-0.7974698
7,-0.8509429
8,0.672036
9,0.8934797
