position,examination
0,-1.0184244
1,0.7266023
2,0.37232557
3,-0.17013669
4,-0.28435978
5,-0.28971726
6,-0.67243344
7,-0.6354699
8,0.8527206
9,1.1078377
