position,examination
0,1.9815756
1,0.38460135
2,0.032565154
3,-0.5051535
4,-0.6418509
5,-0.64737314
6,-0.989656
7,-1.0085723
8,0.54121983
9,0.73924017
