position,examination
0,0.9815756
1,0.5095339
2,0.15872136
3,-0.37901312
4,-0.5134539
5,-0.52259
6,-0.8680296
7,-0.89074963
8,0.6629692
9,0.8610315
