position,examination
0,0.0
1,-0.69616663
2,-1.0992097
3,-1.4136649
4,-1.6222456
5,-1.8350787
6,-1.9523476
7,-2.1590946
8,-2.120687
9,-1.4381537
