feature,relevance
0,-1.6865938
1,-3.6183696
