position,examination
0,0.0
1,-0.67409706
2,-1.100657
3,-1.3511045
4,-1.5625863
5,-1.7494453
6,-1.900609
7,-2.0362155
8,-2.1790307
9,-2.2434757
10,-2.3249605
11,-2.44768
12,-2.489299
13,-2.582404
14,-2.6566007
15,-2.6855206
16,-2.7548935
17,-2.805252
18,-2.9013817
19,-2.895934
20,-2.9809442
21,-3.0174112
22,-3.0862937
23,-3.121303
24,-3.157697
