position,examination
0,0.0
1,1.2201096
2,0.6628777
3,0.12369847
4,0.46597242
5,0.12768722
6,-0.19257975
7,0.8898636
8,1.830543
9,1.7350392
