position,examination
0,0.0
1,-0.7798904
2,-1.3371223
3,-1.8763015
4,-1.5340276
5,-1.8723128
6,-2.1925797
7,-1.1101364
8,-0.16945696
9,-0.26496083
