position,examination
0,0.0
1,-2.7798905
2,-3.3371224
3,-3.8763015
4,-3.5340276
5,-3.8723128
6,-4.1925797
7,-3.1101365
8,-2.169457
9,-2.2649608
