position,examination
0,0.0
1,-1.7798904
2,-2.3371224
3,-2.8763015
4,-2.5340276
5,-2.8723128
6,-3.1925797
7,-2.1101365
8,-1.169457
9,-1.2649608
