position,examination
0,0.0
1,2.2201095
2,1.6628777
3,1.1236985
4,1.4659724
5,1.1276872
6,0.80742025
7,1.8898636
8,2.830543
9,2.7350392
