position,examination
0,0.0
1,0.22010958
2,-0.33712232
3,-0.8763015
4,-0.5340276
5,-0.8723128
6,-1.1925797
7,-0.11013639
8,0.83054304
9,0.7350392
