position,examination
0,0.0
1,-3.7798905
2,-4.3371224
3,-4.876302
4,-4.5340276
5,-4.8723125
6,-5.1925797
7,-4.1101365
8,-3.169457
9,-3.2649608
