feature,relevance
0,-0.67271364
1,-3.7702067
