feature,relevance
0,-1.0112898
1,-3.5696812
