feature,relevance
0,0.2957231
1,-3.6007469
