feature,relevance
0,-0.8016664
1,-3.7769709
