feature,relevance
0,-1.1009039
1,-3.6679285
