feature,relevance
0,-0.31051925
1,-3.5833569
