feature,relevance
0,-0.53481376
1,-3.620086
