position,examination
0,0.0
1,1.3009535
2,0.92328894
3,0.60529697
4,0.4191587
5,0.18846905
6,0.112273335
7,-0.026904821
8,-0.18209624
9,-0.30428958
