position,examination
0,0.0
1,-2.6990466
2,-3.0767112
3,-3.394703
4,-3.5808413
5,-3.811531
6,-3.8877268
7,-4.026905
8,-4.1820965
9,-4.30429
