position,examination
0,0.0
1,2.3009534
2,1.923289
3,1.605297
4,1.4191587
5,1.188469
6,1.1122733
7,0.9730952
8,0.81790376
9,0.6957104
