position,examination
0,0.0
1,-3.6990466
2,-4.076711
3,-4.394703
4,-4.580841
5,-4.811531
6,-4.887727
7,-5.026905
8,-5.1820965
9,-5.30429
