position,examination
0,0.0
1,-1.6990465
2,-2.0767112
3,-2.394703
4,-2.5808413
5,-2.811531
6,-2.8877268
7,-3.0269048
8,-3.1820962
9,-3.3042896
