position,examination
0,0.0
1,0.3009535
2,-0.07671106
3,-0.39470303
4,-0.5808413
5,-0.81153095
6,-0.88772666
7,-1.0269048
8,-1.1820962
9,-1.3042896
