position,examination
0,0.0
1,-0.6990465
2,-1.076711
3,-1.394703
4,-1.5808413
5,-1.811531
6,-1.8877267
7,-2.0269048
8,-2.1820962
9,-2.3042896
