feature,relevance
0,-1.0789696
1,-2.9790087
