feature,relevance
0,-1.6174569
1,-2.444951
