feature,relevance
0,-1.1887872
1,-2.0523977
