feature,relevance
0,-0.8843112
1,-3.6731865
