feature,relevance
0,-2.1082528
1,-3.7627833
