feature,relevance
0,-1.1695452
1,-1.8370453
