feature,relevance
0,-1.1489253
1,-1.7348019
