feature,relevance
0,-1.136841
1,-1.6916071
