position,examination
0,2.9866369
1,0.46043396
2,0.20413673
3,-0.43088627
4,-0.56953984
5,-0.4345413
6,-0.9588401
7,-1.0041176
8,0.7137109
9,0.8201823
