position,examination
0,0.9866369
1,0.50464714
2,0.20600405
3,-0.42865363
4,-0.5668205
5,-0.38693053
6,-0.9118228
7,-0.99807554
8,0.72510874
9,0.8431263
