position,examination
0,3.9866369
1,0.4544326
2,0.19813973
3,-0.43687984
4,-0.5755328
5,-0.4405367
6,-0.9648355
7,-1.0101119
8,0.7076991
9,0.8141213
