position,examination
0,-0.013363123
1,0.51978034
2,0.2634824
3,-0.3713572
4,-0.51000595
5,-0.3749225
6,-0.8991659
7,-0.94451815
8,0.7680364
9,0.8756478
