position,examination
0,1.9866369
1,0.460476
2,0.20415482
3,-0.43086112
4,-0.5695127
5,-0.43450022
6,-0.9587807
7,-1.0040809
8,0.7142224
9,0.8214967
