position,examination
0,-1.0133631
1,0.51421416
2,0.25794977
3,-0.3770313
4,-0.5156821
5,-0.38068026
6,-0.9049803
7,-0.95026237
8,0.76738495
9,0.8737472
