position,examination
0,-2.0133631
1,0.4963161
2,0.24004489
3,-0.39495206
4,-0.53360295
5,-0.3986065
6,-0.9229103
7,-0.96818966
8,0.74954534
9,0.85587275
