position,examination
0,0.0
1,-0.7288002
2,-1.129442
3,-1.4342228
4,-1.6339813
5,-1.8220884
6,-1.9502952
7,-2.0992398
8,-2.2020605
9,-2.2653491
