feature,relevance
0,1.1284175
1,0.34910992
