feature,relevance
0,1.0305207
1,0.34221247
