position,examination
0,-1.5359223
1,0.9482531
2,0.5525555
3,-0.2662951
4,-0.34477392
5,-0.031548146
6,-0.5524841
7,-1.1540029
8,0.548897
9,1.5790063
