position,examination
0,0.46407777
1,0.6304931
2,0.2045205
3,-0.35120374
4,-0.5833152
5,-0.32183298
6,-0.71363616
7,-1.152734
8,0.48448324
9,1.3219573
