position,examination
0,2.4640777
1,0.5197453
2,0.071062975
3,-0.5994476
4,-0.78779685
5,-0.48358303
6,-0.9652259
7,-1.4321086
8,0.23550129
9,0.9845938
