position,examination
0,0.0
1,1.3076499
2,0.885605
3,0.63515043
4,0.36817133
5,0.15375447
6,0.048906803
7,-0.10066843
8,-0.1767981
9,0.17121208
