position,examination
0,0.0
1,-0.69235015
2,-1.114395
3,-1.3648496
4,-1.6318287
5,-1.8462455
6,-1.9510932
7,-2.1006684
8,-2.176798
9,-1.8287879
