position,examination
0,0.0
1,-2.6923504
2,-3.1143956
3,-3.36485
4,-3.6318293
5,-3.8462462
6,-3.9510942
7,-4.1006684
8,-4.176799
9,-3.8287888
