position,examination
0,0.0
1,2.3076499
2,1.885605
3,1.6351504
4,1.3681713
5,1.1537545
6,1.0489068
7,0.89933157
8,0.8232019
9,1.1712121
