position,examination
0,0.0
1,-3.6923504
2,-4.1143956
3,-4.36485
4,-4.6318293
5,-4.8462462
6,-4.951094
7,-5.1006684
8,-5.176799
9,-4.8287888
