position,examination
0,0.0
1,-0.69235045
2,-1.1143956
3,-1.36485
4,-1.6318291
5,-1.8462461
6,-1.9510943
7,-2.1006684
8,-2.1767988
9,-1.8287888
