position,examination
0,0.0
1,-1.6923504
2,-2.1143956
3,-2.36485
4,-2.6318293
5,-2.8462462
6,-2.9510942
7,-3.1006684
8,-3.1767988
9,-2.8287888
