position,examination
0,0.0
1,0.30764985
2,-0.11439502
3,-0.36484957
4,-0.63182867
5,-0.8462455
6,-0.9510932
7,-1.1006684
8,-1.1767981
9,-0.8287879
