feature,relevance
0,-1.533638
1,-2.722352
