feature,relevance
0,-1.2094831
1,-2.308554
