feature,relevance
0,-1.9045656
1,-3.920325
