feature,relevance
0,-1.076995
1,-2.081448
