feature,relevance
0,-0.99108917
1,-1.9314985
