feature,relevance
0,-2.3142776
1,-4.0701184
