feature,relevance
0,-1.9046292
1,-3.920287
