feature,relevance
0,-1.8621374
1,-3.310317
