position,examination
0,0.0
1,-0.67759955
2,-1.1082901
3,-1.3732325
4,-1.5942246
5,-1.8127276
6,-1.9419813
7,-2.0780406
8,-2.1986547
9,-2.2729714
