feature,relevance
0,0.46092263
1,0.07124732
