feature,relevance
0,0.16024353
1,0.1766529
