feature,relevance
0,-0.20231976
1,0.34011358
