feature,relevance
0,-0.7280121
1,0.42422146
