feature,relevance
0,-2.2272592
1,-1.7651727
