feature,relevance
0,-0.6838809
1,0.015905738
