feature,relevance
0,-0.16439474
1,0.2734299
