feature,relevance
0,0.522882
1,-0.124029174
