position,examination
0,0.0
1,-4.0496683
2,-4.36699
3,-4.7422094
4,-5.0757504
5,-5.0157285
6,-4.8125362
7,-4.5074444
8,-3.670343
9,-3.1721382
