position,examination
0,0.0
1,-2.0496686
2,-2.36699
3,-2.7422094
4,-3.0757506
5,-3.0157285
6,-2.8125362
7,-2.5074444
8,-1.6703429
9,-1.1721381
