position,examination
0,0.0
1,-3.0496686
2,-3.36699
3,-3.7422094
4,-4.0757504
5,-4.0157285
6,-3.8125362
7,-3.5074444
8,-2.670343
9,-2.1721382
