position,examination
0,0.0
1,-1.0496686
2,-1.3669901
3,-1.7422096
4,-2.0757506
5,-2.0157285
6,-1.8125362
7,-1.5074445
8,-0.6703429
9,-0.1721381
