feature,relevance
0,-1.8755006
1,-3.568597
