feature,relevance
0,-2.0348945
1,-3.7688825
