feature,relevance
0,-3.0381508
1,-4.7946186
