feature,relevance
0,-2.1177478
1,-3.584857
