feature,relevance
0,-2.4105365
1,-3.649648
