position,examination
0,0.0
1,-0.710134
2,-1.0968697
3,-1.3840845
4,-1.615846
5,-1.8009547
6,-1.944242
7,-2.1085362
8,-2.208806
9,-2.3088934
