feature,relevance
0,0.4285108
1,0.47250044
