feature,relevance
0,0.48400587
1,-0.18716472
