feature,relevance
0,-1.5121616
1,-1.6853259
