feature,relevance
0,0.20616138
1,0.16030467
