feature,relevance
0,0.5211289
1,-0.1613926
