feature,relevance
0,0.06302461
1,-0.010967046
