feature,relevance
0,0.38218117
1,0.4162507
