feature,relevance
0,0.3029772
1,0.31134027
