position,examination
0,-1.9888954
1,0.63180655
2,0.4164493
3,-0.0922153
4,-0.116058685
5,-0.08016623
6,-0.71975964
7,-0.15382752
8,1.0050521
9,1.0972724
