position,examination
0,1.0111046
1,0.4492369
2,0.16358213
3,-0.39732218
4,-0.55490136
5,-0.39455363
6,-0.91401285
7,-0.77771777
8,0.61078125
9,0.80214256
