position,examination
0,1.0111046
1,0.14751254
2,-0.1510848
3,-0.4384729
4,-0.70923615
5,-0.6208396
6,-0.5685359
7,-0.11258225
8,0.68836045
9,0.7490905
