position,examination
0,0.011104584
1,0.29744935
2,0.04322284
3,-0.44742408
4,-0.42649364
5,-0.50521284
6,-0.9297016
7,0.07160663
8,0.9185063
9,0.96126455
