position,examination
0,4.0111046
1,0.114587866
2,-0.18597247
3,-0.683316
4,-0.9101093
5,-0.71507996
6,-1.1807632
7,-1.0158806
8,0.22386664
9,0.35024855
