position,examination
0,3.0111046
1,0.18478554
2,-0.12774
3,-0.33474773
4,-0.83805066
5,-0.59225696
6,-1.0474428
7,-0.67418724
8,0.19710675
9,0.23033372
