position,examination
0,-0.9888954
1,0.6553029
2,0.3806313
3,-0.17972498
4,-0.31121555
5,-0.16814835
6,-0.7380288
7,-0.49933583
8,0.8081718
9,1.0274826
