position,examination
0,2.0111046
1,0.15694742
2,-0.16235518
3,-0.3583825
4,-0.8568853
5,-0.6002661
6,-0.42864507
7,-0.33317384
8,0.27420712
9,0.30124947
