position,examination
0,0.0
1,-3.2240238
2,-3.339851
3,-4.2073774
4,-4.3426194
5,-4.074567
6,-4.604331
7,-4.907883
8,-3.658133
9,-1.8866647
