position,examination
0,0.0
1,1.7759689
2,1.6601322
3,0.79260683
4,0.65736127
5,0.9254068
6,0.39571643
7,0.09233928
8,1.341857
9,3.113339
