position,examination
0,0.0
1,-2.2240238
2,-2.339851
3,-3.2073774
4,-3.3426194
5,-3.0745668
6,-3.6043313
7,-3.9078832
8,-2.658133
9,-0.88666475
