position,examination
0,0.0
1,0.7759689
2,0.6601321
3,-0.20739317
4,-0.34263873
5,-0.07459319
6,-0.6042836
7,-0.9076607
8,0.3418569
9,2.113339
