position,examination
0,0.0
1,-1.2240237
2,-1.339851
3,-2.2073774
4,-2.3426194
5,-2.0745668
6,-2.6043313
7,-2.9078832
8,-1.658133
9,0.11333525
