position,examination
0,0.0
1,-0.22486785
2,-0.34060866
3,-1.2083056
4,-1.3432723
5,-1.074794
6,-1.6043091
7,-1.9084897
8,-0.6582463
9,1.1126766
