position,examination
0,0.0
1,-0.2240237
2,-0.33985102
3,-1.2073773
4,-1.3426194
5,-1.0745668
6,-1.6043313
7,-1.9078833
8,-0.6581331
9,1.1133353
