position,examination
0,0.0
1,-0.22403109
2,-0.3398679
3,-1.2073932
4,-1.3426387
5,-1.0745932
6,-1.6042836
7,-1.9076607
8,-0.6581431
9,1.113339
