position,examination
0,0.0
1,2.775969
2,2.6601322
3,1.7926068
4,1.6573613
5,1.9254068
6,1.3957164
7,1.0923393
8,2.341857
9,4.113339
