feature,relevance
0,6.8370605
1,-3.5129697
