feature,relevance
0,-4.226039
1,-2.9956188
