feature,relevance
0,159.72574
1,-2.7814884
