feature,relevance
0,6.852366
1,-3.5125482
