feature,relevance
0,6.853354
1,-3.5119107
