feature,relevance
0,59.639076
1,-3.2937286
