feature,relevance
0,124.140114
1,-3.0188725
