feature,relevance
0,60.98089
1,-2.9137444
