feature,relevance
0,79.54197
1,-3.0200267
