position,examination
0,0.0
1,1.2915866
2,0.91156316
3,0.59163356
4,0.402565
5,0.1707902
6,0.087923765
7,-0.042481422
8,-0.22060418
9,-0.30656242
