position,examination
0,0.0
1,-0.70841324
2,-1.0884395
3,-1.4083694
4,-1.5974383
5,-1.8292129
6,-1.9120789
7,-2.0424852
8,-2.2206073
9,-2.3065674
