position,examination
0,0.0
1,-0.70841336
2,-1.0884368
3,-1.4083664
4,-1.597435
5,-1.8292098
6,-1.9120762
7,-2.0424814
8,-2.2206042
9,-2.3065624
