position,examination
0,0.0
1,-0.7084142
2,-1.0884404
3,-1.408371
4,-1.597443
5,-1.8292149
6,-1.91208
7,-2.0424857
8,-2.2206087
9,-2.3065665
