position,examination
0,0.0
1,-2.7084131
2,-3.0884395
3,-3.4083695
4,-3.5974383
5,-3.829213
6,-3.9120789
7,-4.042485
8,-4.2206073
9,-4.306567
