position,examination
0,0.0
1,-1.7084132
2,-2.0884395
3,-2.4083695
4,-2.5974383
5,-2.829213
6,-2.9120789
7,-3.0424852
8,-3.2206073
9,-3.3065674
