position,examination
0,0.0
1,0.29158664
2,-0.08843684
3,-0.40836644
4,-0.597435
5,-0.8292098
6,-0.91207623
7,-1.0424814
8,-1.2206042
9,-1.3065624
