position,examination
0,0.0
1,2.2915866
2,1.9115632
3,1.5916336
4,1.402565
5,1.1707902
6,1.0879238
7,0.9575186
8,0.7793958
9,0.6934376
