position,examination
0,0.0
1,-3.7084131
2,-4.0884395
3,-4.4083695
4,-4.5974383
5,-4.829213
6,-4.912079
7,-5.042485
8,-5.2206073
9,-5.306567
