feature,relevance
0,8.221698
1,-2.5746953
