feature,relevance
0,9.085799
1,-3.644136
