feature,relevance
0,9.077891
1,-3.6456418
