feature,relevance
0,4.272872
1,-2.0484586
