feature,relevance
0,9.084611
1,-3.6435382
