feature,relevance
0,3.1877146
1,-1.9603951
