feature,relevance
0,10.980517
1,-3.9851658
