feature,relevance
0,2.3001764
1,-1.726062
