feature,relevance
0,2.2271457
1,-1.5558468
