feature,relevance
0,2.2092016
1,-1.604721
