position,examination
0,0.0
1,-0.71991193
2,-1.1229198
3,-1.3764806
4,-1.6106366
5,-1.9293411
6,-1.8799192
7,-2.030104
8,-2.1521168
9,-2.2864456
