feature,relevance
0,0.0011826158
1,-3.7657616
