position,examination
0,0.0
1,-0.70663506
2,-1.1238031
3,-1.4009094
4,-1.6332635
5,-1.8030274
6,-1.9543524
7,-2.101643
8,-2.2052736
9,-2.3125365
