feature,relevance
0,-1.3003243
1,-1.2944506
