feature,relevance
0,0.254214
1,0.7373181
