feature,relevance
0,-0.058202542
1,0.38797262
