feature,relevance
0,0.29306817
1,0.80946296
