position,examination
0,3.0600991
1,1.6910357
2,0.94445777
3,0.2318887
4,-0.25926426
5,-0.6902772
6,-1.0998421
7,-1.1855097
8,-1.287757
9,-1.3919717
