position,examination
0,1.0600991
1,0.49124718
2,0.20965505
3,-0.39416432
4,-0.457407
5,-0.18715453
6,-0.24888764
7,-0.3835615
8,-0.08320415
9,-0.0043835677
