position,examination
0,2.0600991
1,1.0605772
2,0.5736055
3,0.14577629
4,-0.10872985
5,-0.38347557
6,-0.72004086
7,-0.7766898
8,-0.8687767
9,-0.9782589
