position,examination
0,1.0600991
1,0.6632117
2,0.26673552
3,0.021138694
4,-0.12898752
5,-0.3001314
6,-0.2835108
7,-0.390885
8,-0.46653172
9,-0.44731498
