position,examination
0,0.060099125
1,0.25760648
2,0.035617936
3,-0.07168199
4,-0.07271839
5,-0.076931
6,0.054691862
7,-0.011340886
8,-0.09143587
9,-0.09896745
