position,examination
0,-0.9399009
1,-0.41545898
2,-0.32238272
3,-0.14071256
4,0.10521219
5,0.25005907
6,0.43722826
7,0.38034037
8,0.3070086
9,0.32803637
