position,examination
0,-0.72330165
1,0.62435776
2,0.30141494
3,0.07002072
4,-0.056827262
5,-0.10285587
6,-0.08373484
7,0.005384537
8,-0.021640295
9,-0.039477557
