position,examination
0,2.2766984
1,0.9937163
2,0.4216844
3,0.22547331
4,-0.23019274
5,-0.4454715
6,-0.68760365
7,-0.73585457
8,-0.8817915
9,-0.91380656
