position,examination
0,-1.7233016
1,0.7918051
2,0.4444828
3,0.10125632
4,0.030282123
5,-0.009867971
6,0.046881527
7,0.08436399
8,0.11091251
9,0.09972891
