position,examination
0,1.2766984
1,0.561696
2,0.14862996
3,-0.0035480515
4,-0.26727808
5,-0.33487055
6,-0.3603468
7,-0.3109983
8,-0.33871594
9,-0.36541677
