position,examination
0,4.276698
1,0.31403634
2,-0.15088806
3,-0.6389317
4,-0.65614206
5,-0.6939633
6,-0.59127134
7,-0.679575
8,-0.55678785
9,-0.5937104
