position,examination
0,1.2766984
1,0.60614455
2,0.16463545
3,-0.32286373
4,-0.33155283
5,-0.3657179
6,-0.25589588
7,-0.35058975
8,-0.19079062
9,-0.23040374
