feature,relevance
0,0.33211434
1,0.42587918
