feature,relevance
0,0.03379552
1,0.24042107
