feature,relevance
0,-0.11730881
1,0.46047592
