feature,relevance
0,-1.7240092
1,-1.5858148
