feature,relevance
0,-0.10744858
1,0.50000936
