position,examination
0,3.5142274
1,0.7402602
2,0.3429291
3,0.01774676
4,-0.1837155
5,-0.31071568
6,-0.54631263
7,-0.7644072
8,-0.7680091
9,-0.6774704
