position,examination
0,0.5142273
1,0.8453456
2,0.44749826
3,0.12354992
4,-0.077859506
5,-0.20446151
6,-0.4399643
7,-0.65803593
8,-0.6616708
9,-0.5712147
