position,examination
0,4.5142274
1,0.7396027
2,0.34249035
3,0.017211566
4,-0.18416661
5,-0.31121382
6,-0.5468199
7,-0.7649275
8,-0.76847714
9,-0.6779112
