position,examination
0,-1.4857727
1,0.8439723
2,0.44775373
3,0.12337991
4,-0.07791922
5,-0.20451267
6,-0.4399833
7,-0.6580001
8,-0.66156834
9,-0.5710404
