position,examination
0,-0.48577273
1,0.841799
2,0.44592795
3,0.12252329
4,-0.07888887
5,-0.20488814
6,-0.44024116
7,-0.6581913
8,-0.6618451
9,-0.5713512
