position,examination
0,2.5142274
1,0.7648286
2,0.36636966
3,0.041728046
4,-0.16009092
5,-0.28697184
6,-0.52250165
7,-0.7405694
8,-0.7443594
9,-0.6539168
