position,examination
0,1.5142273
1,0.8035775
2,0.41000834
3,0.08296266
4,-0.108211726
5,-0.25334984
6,-0.48278937
7,-0.67161596
8,-0.6897878
9,-0.64020157
