position,examination
0,0.0
1,-0.6963173
2,-1.1093252
3,-1.3936625
4,-1.6301215
5,-1.8019898
6,-1.9419291
7,-2.070773
8,-2.1994772
9,-2.3081455
