feature,relevance
0,-0.24142699
1,0.23687334
