feature,relevance
0,0.076988846
1,0.45967653
