feature,relevance
0,-0.31795883
1,0.14746962
