feature,relevance
0,0.09821158
1,0.4176752
