feature,relevance
0,0.11580393
1,0.062315617
