feature,relevance
0,-1.6317673
1,-1.7184104
