feature,relevance
0,-0.45264098
1,0.074855454
