feature,relevance
0,-0.2078683
1,0.32430995
