position,examination
0,0.0
1,-0.6782336
2,-1.0833392
3,-1.374202
4,-1.5963123
5,-1.7621137
6,-1.9302263
7,-2.040688
8,-2.1879985
9,-2.2843196
10,-2.3804052
11,-2.4582813
12,-2.5335784
13,-2.6297648
14,-2.7222679
15,-2.7258701
16,-2.8094978
17,-2.8701873
18,-2.895269
19,-2.977988
20,-3.0164807
21,-3.0823798
22,-3.1187692
23,-3.1703131
24,-3.2019453
