position,examination
0,0.50627685
1,0.8785855
2,0.48639083
3,0.17883614
4,-0.04261288
5,-0.15302716
6,-0.3521018
7,-0.69806534
8,-0.5519157
9,-0.37455437
