position,examination
0,-1.4937232
1,1.0156119
2,0.6120972
3,0.29525077
4,0.07120032
5,-0.03875658
6,-0.24006978
7,-0.5889105
8,-0.44204208
9,-0.26198912
