position,examination
0,2.5062768
1,0.8928706
2,0.50112796
3,0.053256456
4,-0.1514265
5,-0.4511192
6,-0.6628182
7,-0.9796328
8,-0.8809398
9,-0.76319706
