position,examination
0,3.5062768
1,0.8915325
2,0.4031081
3,-0.07230447
4,-0.31669152
5,-0.5454041
6,-0.7718963
7,-1.1321465
8,-0.9958191
9,-0.8369973
