position,examination
0,4.506277
1,0.695255
2,0.28463113
3,-0.03621703
4,-0.26092297
5,-0.37098724
6,-0.5724673
7,-0.9217309
8,-0.7747565
9,-0.5946957
