position,examination
0,1.5062768
1,0.76848656
2,0.4692267
3,0.110064656
4,-0.050683852
5,-0.32196897
6,-0.48313704
7,-0.7308602
8,-0.6710459
9,-0.59858185
