position,examination
0,-0.49372315
1,0.9083392
2,0.50731933
3,0.19248196
4,-0.03071557
5,-0.14088684
6,-0.34135428
7,-0.6897799
8,-0.54297066
9,-0.36347505
