position,examination
0,0.5083294
1,0.84954345
2,0.48070002
3,0.15971296
4,-0.039186254
5,-0.19631161
6,-0.32598007
7,-0.56463206
8,-0.47243
9,-0.45459825
