position,examination
0,3.5083294
1,0.65302616
2,0.2635952
3,-0.08289191
4,-0.29953817
5,-0.4611995
6,-0.6359528
7,-0.8783721
8,-0.755055
9,-0.74175835
