position,examination
0,1.5083294
1,0.8082181
2,0.42150962
3,0.07625221
4,-0.13949479
5,-0.3015868
6,-0.47451752
7,-0.71873695
8,-0.594683
9,-0.58087325
