position,examination
0,-0.4916706
1,0.9498029
2,0.58564496
3,0.26341555
4,0.052409854
5,-0.10111877
6,-0.26403973
7,-0.50475955
8,-0.38784406
9,-0.37267342
