position,examination
0,2.5083294
1,0.7355708
2,0.32759285
3,-0.034726314
4,-0.25256884
5,-0.42538226
6,-0.5899052
7,-0.8376871
8,-0.723141
9,-0.7093944
