position,examination
0,-1.4916706
1,1.0080665
2,0.6357473
3,0.30344644
4,0.08939807
5,-0.068480484
6,-0.23821029
7,-0.48078248
8,-0.35940072
9,-0.34513628
