position,examination
0,4.5083294
1,0.6421067
2,0.25402278
3,-0.09170118
4,-0.3080066
5,-0.4698119
6,-0.6439439
7,-0.88706183
8,-0.76331246
9,-0.74980885
