position,examination
0,3.3834941
1,0.4809533
2,0.07504937
3,-0.83882546
4,-0.8896201
5,-0.5606922
6,-1.033001
7,-1.6786946
8,0.10302752
9,0.9892111
