position,examination
0,1.3834941
1,0.6876059
2,0.2852813
3,-0.6087706
4,-0.6720608
5,-0.31438053
6,-0.81957185
7,-1.492621
8,0.2490776
9,1.315215
