position,examination
0,2.3834941
1,0.6789119
2,0.2749313
3,-0.5970893
4,-0.6616195
5,-0.30327648
6,-0.8297561
7,-1.5151318
8,0.19418126
9,1.356594
