position,examination
0,0.38349408
1,0.74008095
2,0.3981946
3,-0.4837719
4,-0.49384937
5,-0.23303466
6,-0.72644943
7,-1.2542918
8,0.45267344
9,1.2065748
