position,examination
0,0.38349408
1,0.7937555
2,0.38951537
3,-0.482562
4,-0.54699886
5,-0.18861245
6,-0.71547896
7,-1.4014777
8,0.30650857
9,1.4618431
