position,examination
0,-0.6165059
1,0.7636207
2,0.47969913
3,-0.3832733
4,-0.32136977
5,-0.1823898
6,-0.7024069
7,-1.042694
8,0.6435362
9,1.3381568
