position,examination
0,-1.6165059
1,0.9859404
2,0.58484745
3,-0.2858681
4,-0.3505277
5,0.0067904275
6,-0.5179927
7,-1.2018056
8,0.50362784
9,1.6437105
