position,examination
0,-2.6165059
1,1.0398115
2,0.70290357
3,-0.15136841
4,-0.15416516
5,0.126658
6,-0.46419
7,-0.9722202
8,0.7716434
9,1.6907111
