position,examination
0,0.0
1,2.3089566
2,1.8912346
3,1.6324792
4,1.3654658
5,1.1597863
6,1.0486531
7,0.8977325
8,0.83339906
9,1.0225968
