position,examination
0,0.0
1,-0.6910458
2,-1.108772
3,-1.3675282
4,-1.6345398
5,-1.8402212
6,-1.9513544
7,-2.102272
8,-2.1666026
9,-1.9773741
