position,examination
0,0.0
1,0.30895668
2,-0.10876536
3,-0.3675208
4,-0.63453424
5,-0.84021366
6,-0.9513469
7,-1.1022675
8,-1.166601
9,-0.97740316
