position,examination
0,0.0
1,-0.6910426
2,-1.1087656
3,-1.3675213
4,-1.634535
5,-1.8402143
6,-1.9513475
7,-2.1022687
8,-2.1666007
9,-1.9774045
