position,examination
0,0.0
1,1.3089566
2,0.89123464
3,0.6324792
4,0.36546576
5,0.15978634
6,0.048653126
7,-0.102267504
8,-0.16660094
9,0.022596836
