position,examination
0,0.0
1,-1.6910427
2,-2.1087656
3,-2.3675213
4,-2.6345348
5,-2.8402143
6,-2.9513474
7,-3.1022687
8,-3.1666007
9,-2.9774046
