position,examination
0,0.0
1,-0.6910433
2,-1.1087654
3,-1.3675208
4,-1.6345342
5,-1.8402137
6,-1.9513469
7,-2.1022675
8,-2.166601
9,-1.9774032
