position,examination
0,0.0
1,-3.6910427
2,-4.1087656
3,-4.3675213
4,-4.634535
5,-4.8402143
6,-4.9513474
7,-5.1022687
8,-5.1666007
9,-4.9774046
