position,examination
0,0.0
1,-2.6910427
2,-3.1087656
3,-3.3675213
4,-3.6345348
5,-3.8402143
6,-3.9513474
7,-4.1022687
8,-4.1666007
9,-3.9774046
