feature,relevance
0,-2.001866
1,-3.0977993
