feature,relevance
0,-1.0086553
1,-2.037186
