feature,relevance
0,-2.1943624
1,-4.0054264
