feature,relevance
0,-1.3927542
1,-2.8910525
