feature,relevance
0,-2.661731
1,-3.816919
