feature,relevance
0,-1.2107753
1,-2.301484
