feature,relevance
0,-2.1942508
1,-4.0049686
