feature,relevance
0,-0.9685583
1,-1.9264041
