feature,relevance
0,-2.1941004
1,-4.0049024
