feature,relevance
0,-1.1314123
1,-2.1105216
