position,examination
0,1.4808087
1,0.79607606
2,0.4286863
3,0.08368898
4,-0.091715276
5,-0.24061368
6,-0.47882852
7,-0.75033784
8,-0.66701114
9,-0.5613353
