position,examination
0,4.4808087
1,0.5887801
2,0.21738368
3,-0.12778296
4,-0.3038562
5,-0.45527336
6,-0.6921926
7,-0.96470964
8,-0.88119817
9,-0.77609414
