position,examination
0,3.4808087
1,0.78907025
2,0.31347638
3,-0.05924473
4,-0.29649815
5,-0.48522782
6,-0.7448816
7,-1.008581
8,-0.9706845
9,-0.892113
