position,examination
0,0.48080873
1,0.8310833
2,0.48617947
3,0.19294573
4,0.017788684
5,-0.13568613
6,-0.33993894
7,-0.59266657
8,-0.5362431
9,-0.45709082
