position,examination
0,0.0
1,-0.6707939
2,-1.1117418
3,-1.3841504
4,-1.6217611
5,-1.7974397
6,-1.9470915
7,-2.0898392
8,-2.2004046
9,-2.2720895
