position,examination
0,0.0
1,-0.6707953
2,-1.1117425
3,-1.384151
4,-1.6217593
5,-1.79744
6,-1.9470912
7,-2.0898411
8,-2.200407
9,-2.272092
