feature,relevance
0,0.035583377
1,0.48538387
