feature,relevance
0,-0.30482233
1,0.11999787
