feature,relevance
0,0.11944536
1,0.65484613
