feature,relevance
0,-1.6682029
1,-1.4630743
