feature,relevance
0,-0.4779757
1,0.07553643
