feature,relevance
0,-0.036681898
1,0.3464899
