feature,relevance
0,0.09038474
1,0.5930045
