feature,relevance
0,-0.47861046
1,0.07504926
