feature,relevance
0,-1.6685891
1,-1.4636419
