feature,relevance
0,0.03451726
1,0.48486844
