feature,relevance
0,0.0904377
1,0.5941465
