feature,relevance
0,-0.16233252
1,0.20639412
