feature,relevance
0,-0.036599547
1,0.3465871
