feature,relevance
0,-0.16309878
1,0.20649996
