feature,relevance
0,0.11918478
1,0.6552717
