feature,relevance
0,-0.3053659
1,0.1197194
