position,examination
0,0.0
1,-2.6897407
2,-3.0950873
3,-3.4399362
4,-3.640504
5,-3.7515655
6,-3.8261008
7,-3.9206889
8,-3.9986093
9,-4.061209
