position,examination
0,0.0
1,-3.6897407
2,-4.095087
3,-4.439936
4,-4.640504
5,-4.7515655
6,-4.826101
7,-4.9206886
8,-4.9986095
9,-5.061209
