position,examination
0,0.0
1,-0.68974066
2,-1.0950873
3,-1.4399363
4,-1.6405038
5,-1.7515653
6,-1.826101
7,-1.9206889
8,-1.9986093
9,-2.0612092
