position,examination
0,0.0
1,-1.6897407
2,-2.0950873
3,-2.4399362
4,-2.640504
5,-2.7515655
6,-2.8261008
7,-2.9206889
8,-2.9986093
9,-3.0612092
