position,examination
0,0.0
1,1.3102593
2,0.9049127
3,0.5600637
4,0.35949624
5,0.24843466
6,0.17389905
7,0.07931113
8,0.0013906956
9,-0.0612092
