position,examination
0,0.0
1,0.31025934
2,-0.09508729
3,-0.43993628
4,-0.64050376
5,-0.75156534
6,-0.82610095
7,-0.92068887
8,-0.9986093
9,-1.0612092
