position,examination
0,0.0
1,2.3102593
2,1.9049127
3,1.5600637
4,1.3594962
5,1.2484347
6,1.173899
7,1.0793111
8,1.0013907
9,0.9387908
