feature,relevance
0,-2.3597078
1,-3.935983
