feature,relevance
0,-1.2434111
1,-2.411246
