feature,relevance
0,-6.3494334
1,-2.3353071
