feature,relevance
0,-0.6579944
1,-2.481745
