feature,relevance
0,-1.2184116
1,-2.5441809
