feature,relevance
0,-1.2424307
1,-2.3837035
