feature,relevance
0,-1.1550398
1,-2.503069
