feature,relevance
0,-1.4603671
1,-2.3198855
