position,examination
0,0.0
1,-0.71840274
2,-1.0899482
3,-1.3744702
4,-1.6131161
5,-1.0308528
6,-1.4655161
7,-2.6399233
8,-1.0185381
9,1.0629935
