feature,relevance
0,0.62066674
1,0.1640078
