feature,relevance
0,0.529271
1,0.034206778
