feature,relevance
0,0.5191462
1,0.13487925
