feature,relevance
0,0.6031231
1,0.30805832
