feature,relevance
0,0.30759698
1,0.32336742
