feature,relevance
0,0.07851856
1,-0.5454169
