feature,relevance
0,0.60819566
1,0.25101662
