feature,relevance
0,0.6477669
1,0.08023995
