position,examination
0,0.0
1,-0.6402979
2,-1.0198965
3,-1.284878
4,-1.4961776
5,-1.6752701
6,-1.7954161
7,-1.9128009
8,-2.0144646
9,-2.1391668
10,-2.1988022
11,-2.3078456
12,-2.3745756
13,-2.4136705
14,-2.4899259
15,-2.5689754
16,-2.6338272
17,-2.6689475
18,-2.7095141
19,-2.778988
20,-2.8467298
21,-2.8417196
22,-2.9237232
23,-2.9236999
24,-2.9745667
