position,examination
0,4.1354055
1,0.04568324
2,-0.2626281
3,-0.64926976
4,-0.8390587
5,-0.9217883
6,-0.82298464
7,-0.62022567
8,-0.02506689
9,0.11281626
