position,examination
0,-0.8645942
1,0.54970396
2,0.2466993
3,-0.13939635
4,-0.32692856
5,-0.4093575
6,-0.31062174
7,-0.1086561
8,0.4915283
9,0.63210785
