position,examination
0,3.1354058
1,0.14888968
2,-0.1708095
3,-0.5540022
4,-0.74814063
5,-0.83177036
6,-0.7325696
7,-0.5234071
8,0.07201579
9,0.19510345
