position,examination
0,2.1354058
1,0.28838542
2,-0.06741496
3,-0.43133637
4,-0.64066726
5,-0.7275685
6,-0.62930834
7,-0.39643055
8,0.19910307
9,0.28360903
