position,examination
0,1.1288519
1,0.38615277
2,-0.008781103
3,-0.2502199
4,-0.54547286
5,-0.68639636
6,-0.42395434
7,-0.047760557
8,0.20629053
9,0.25229537
