position,examination
0,4.128852
1,0.31684798
2,-0.21410531
3,-0.648067
4,-0.8185194
5,-0.9673138
6,-0.9027112
7,-0.6144345
8,-0.1722196
9,-0.078745894
