position,examination
0,0.12885189
1,0.5704407
2,0.15600592
3,-0.24380907
4,-0.3798393
5,-0.51545376
6,-0.45417497
7,-0.14802043
8,0.39529464
9,0.47706422
