position,examination
0,1.1288519
1,0.50019205
2,0.058626637
3,-0.36305705
4,-0.49209526
5,-0.6266657
6,-0.5836949
7,-0.29429066
8,0.315798
9,0.35507944
