position,examination
0,0.0
1,-0.6824157
2,-1.0604789
3,-1.3808684
4,-1.6014113
5,-0.97642326
6,-1.4122512
7,-2.5894537
8,-0.9641085
9,1.1218488
