feature,relevance
0,0.6127915
1,0.5092578
