feature,relevance
0,0.2225265
1,-0.11664955
