feature,relevance
0,-0.22406712
1,-0.14286038
