feature,relevance
0,0.41691473
1,0.3013135
