feature,relevance
0,0.36065978
1,0.12506458
