feature,relevance
0,0.5270997
1,0.43448165
