feature,relevance
0,-0.5892748
1,-0.5495326
