feature,relevance
0,0.027373757
1,-0.021260027
