position,examination
0,0.0
1,-0.8215629
2,-1.204639
3,-1.4528246
4,-1.7376451
5,-1.8984224
6,-1.6508923
7,-1.1329297
8,-0.57711285
9,-0.41412646
