position,examination
0,0.0
1,-0.75228554
2,-1.1460097
3,-1.3834395
4,-1.6536351
5,-1.86057
6,-1.7957253
7,-1.7032605
8,-1.6965631
9,-1.7620896
