feature,relevance
0,2.9597797
1,-4.6674957
