feature,relevance
0,-3.1020014
1,-4.24944
