feature,relevance
0,1.1594625
1,0.2603702
