feature,relevance
0,0.5872101
1,0.23391479
