position,examination
0,0.0
1,2.239437
2,1.6903949
3,1.5662961
4,1.2799724
5,1.1339853
6,1.1285192
7,1.3194305
8,1.9408585
9,1.968031
