position,examination
0,0.0
1,0.23943704
2,-0.30960512
3,-0.4337039
4,-0.72002757
5,-0.8660147
6,-0.8714808
7,-0.6805695
8,-0.059141517
9,-0.03196895
