position,examination
0,0.0
1,-3.760563
2,-4.309605
3,-4.433704
4,-4.7200274
5,-4.8660145
6,-4.871481
7,-4.6805696
8,-4.0591416
9,-4.031969
