position,examination
0,0.0
1,-0.76056296
2,-1.3096051
3,-1.4337039
4,-1.7200276
5,-1.8660147
6,-1.8714808
7,-1.6805695
8,-1.0591415
9,-1.031969
