position,examination
0,0.0
1,-2.760563
2,-3.3096051
3,-3.433704
4,-3.7200274
5,-3.8660147
6,-3.871481
7,-3.6805696
8,-3.0591416
9,-3.031969
