position,examination
0,0.0
1,-1.7605629
2,-2.3096051
3,-2.433704
4,-2.7200274
5,-2.8660147
6,-2.871481
7,-2.6805696
8,-2.0591416
9,-2.031969
