position,examination
0,0.0
1,1.2394371
2,0.6903949
3,0.5662961
4,0.27997243
5,0.13398528
6,0.12851918
7,0.31943047
8,0.9408585
9,0.96803105
