feature,relevance
0,-2.3295786
1,-4.329878
