feature,relevance
0,-2.0666661
1,-3.0167503
