feature,relevance
0,-1.1355278
1,-2.8442414
