feature,relevance
0,-1.0375141
1,-2.9305754
