feature,relevance
0,-1.1692135
1,-2.796436
