feature,relevance
0,-0.9561765
1,-3.1568074
