feature,relevance
0,-1.1833371
1,-2.7774582
