feature,relevance
0,-2.3313832
1,-2.9776397
