position,examination
0,2.5098784
1,0.7726624
2,0.34327102
3,-0.016229495
4,-0.22324345
5,-0.422523
6,-0.5499572
7,-0.77832437
8,-0.7594104
9,-0.8071001
