position,examination
0,-0.4901216
1,0.9739256
2,0.61010295
3,0.2889412
4,0.08820304
5,-0.084668696
6,-0.24573174
7,-0.44611806
8,-0.40555438
9,-0.46529198
