position,examination
0,0.5098784
1,0.85750246
2,0.50025636
3,0.18980332
4,-0.00088784803
5,-0.1714147
6,-0.31111237
7,-0.51100206
8,-0.47951657
9,-0.5323288
