position,examination
0,1.5098784
1,0.80122256
2,0.4194117
3,0.08745989
4,-0.11780409
5,-0.29265714
6,-0.45816976
7,-0.6598428
8,-0.61648506
9,-0.6775982
