position,examination
0,-1.4901216
1,0.95932865
2,0.5845277
3,0.2555501
4,0.051188078
5,-0.12232481
6,-0.2877805
7,-0.48877317
8,-0.44596925
9,-0.50679356
