position,examination
0,0.0
1,0.2952847
2,-0.094195366
3,-0.42304933
4,-0.619766
5,-0.8428787
6,-0.93223894
7,-1.0184941
8,-1.236579
9,-1.1391213
