position,examination
0,0.0
1,2.2952847
2,1.9058046
3,1.5769507
4,1.380234
5,1.1571213
6,1.0677611
7,0.9815059
8,0.76342106
9,0.8608787
