position,examination
0,0.0
1,-1.7047234
2,-2.0941923
3,-2.4230587
4,-2.6197755
5,-2.8428822
6,-2.9322429
7,-3.0184906
8,-3.2365847
9,-3.1391253
