position,examination
0,0.0
1,1.2952847
2,0.90580463
3,0.57695067
4,0.380234
5,0.1571213
6,0.06776106
7,-0.01849413
8,-0.23657894
9,-0.1391213
