position,examination
0,0.0
1,-0.7047234
2,-1.0941923
3,-1.4230587
4,-1.6197755
5,-1.8428822
6,-1.9322428
7,-2.0184906
8,-2.2365847
9,-2.1391253
