position,examination
0,0.0
1,-3.7047234
2,-4.0941925
3,-4.4230585
4,-4.619776
5,-4.842882
6,-4.932243
7,-5.018491
8,-5.2365847
9,-5.1391253
