position,examination
0,0.0
1,-2.7047234
2,-3.0941923
3,-3.4230587
4,-3.6197755
5,-3.8428822
6,-3.9322429
7,-4.018491
8,-4.2365847
9,-4.1391253
