position,examination
0,0.0
1,-0.7047126
2,-1.0941961
3,-1.4230529
4,-1.6197636
5,-1.8428792
6,-1.9322398
7,-2.018495
8,-2.2365856
9,-2.1391044
