position,examination
0,0.0
1,-0.7047153
2,-1.0941954
3,-1.4230493
4,-1.619766
5,-1.8428787
6,-1.9322389
7,-2.0184941
8,-2.236579
9,-2.1391213
