feature,relevance
0,0.56763273
1,-1.9596312
