feature,relevance
0,1.764343
1,-2.5337164
