feature,relevance
0,0.7324812
1,-1.8201092
