feature,relevance
0,0.6594541
1,-2.215684
