feature,relevance
0,3.2561152
1,-3.6416047
