feature,relevance
0,3.138768
1,-3.2620926
