feature,relevance
0,3.2563407
1,-3.6434946
