feature,relevance
0,1.0747347
1,-1.7361563
