feature,relevance
0,3.6138346
1,-4.030656
