feature,relevance
0,3.2525954
1,-3.640976
