position,examination
0,1.5062768
1,0.8111272
2,0.40066755
3,0.079474665
4,-0.14468387
5,-0.2544573
6,-0.45600086
7,-0.8052174
8,-0.658246
9,-0.47802684
