position,examination
0,2.5062768
1,1.0356869
2,0.5520547
3,0.17920108
4,-0.11976318
5,-0.34232613
6,-0.6177498
7,-0.8977777
8,-1.0699852
9,-1.1669432
