position,examination
0,4.506277
1,2.3460357
2,1.7513504
3,1.2671834
4,0.76207507
5,0.3181871
6,-0.686202
7,-2.2991567
8,-3.538859
9,-4.3071866
