position,examination
0,-0.49372315
1,0.8122148
2,0.48366344
3,0.24629624
4,0.079247475
5,-0.04639928
6,-0.17030054
7,-0.29225445
8,-0.33729059
9,-0.3678811
