position,examination
0,-0.49875283
1,0.78457844
2,0.50931674
3,0.24787213
4,0.09603402
5,-0.09210728
6,-0.20494866
7,-0.24626087
8,-0.34346613
9,-0.32846788
