position,examination
0,1.5093759
1,0.80447924
2,0.4684924
3,0.16053331
4,-0.05292985
5,-0.37096763
6,-0.5029731
7,-0.5827818
8,-0.72091943
9,-0.7090773
