position,examination
0,3.5012472
1,1.5202056
2,1.0936395
3,0.56748974
4,0.1680276
5,-0.5386642
6,-1.0796036
7,-1.342073
8,-1.9473598
9,-1.8565766
