position,examination
0,1.5012472
1,0.7843058
2,0.46124968
3,0.10042358
4,-0.11975552
5,-0.3418498
6,-0.51510847
7,-0.81455344
8,-0.6547676
9,-0.39705157
