position,examination
0,2.5012472
1,0.9705315
2,0.5732038
3,0.15728621
4,-0.13325484
5,-0.51532584
6,-0.72489727
7,-0.9299617
8,-0.9915969
9,-0.85189754
