position,examination
0,0.50124717
1,0.76859885
2,0.4740703
3,0.18665445
4,0.0024856566
5,-0.22488452
6,-0.3496144
7,-0.48389986
8,-0.5017212
9,-0.4142584
