position,examination
0,4.5012474
1,2.2848303
2,1.8029842
3,1.1698245
4,0.6006339
5,-0.6858536
6,-1.646404
7,-2.1441276
8,-2.9741564
9,-2.801058
