position,examination
0,-1.4987528
1,0.8857428
2,0.6136881
3,0.35078853
4,0.20032431
5,0.021657778
6,-0.08973987
7,-0.13021475
8,-0.21902016
9,-0.20752089
