position,examination
0,0.0
1,-0.6786597
2,-1.0836699
3,-1.3700488
4,-1.6133124
5,-1.7951018
6,-1.9286419
7,-2.0478375
8,-2.163328
9,-2.192966
