feature,relevance
0,3.4903326
1,-3.848577
