position,examination
0,0.0
1,-0.6965842
2,-1.09576
3,-1.3497458
4,-1.6006278
5,-1.7793598
6,-1.9188421
7,-2.090933
8,-2.1834342
9,-2.2817812
