position,examination
0,0.0
1,-0.69658947
2,-1.0957661
3,-1.3497529
4,-1.6006318
5,-1.7793647
6,-1.9188454
7,-2.0909371
8,-2.1834378
9,-2.281783
