feature,relevance
0,0.8043859
1,0.310548
