feature,relevance
0,0.28969705
1,0.3550593
