position,examination
0,0.0
1,-0.6924124
2,-1.0940192
3,-1.4034396
4,-1.6281528
5,-1.7952592
6,-1.9615828
7,-2.098354
8,-2.200717
9,-2.319252
