position,examination
0,0.0
1,-0.69241047
2,-1.0940224
3,-1.4034452
4,-1.6281545
5,-1.7952589
6,-1.9615818
7,-2.09835
8,-2.2007148
9,-2.3192525
