position,examination
0,0.0
1,-0.6924238
2,-1.0940324
3,-1.4034523
4,-1.6281595
5,-1.7952677
6,-1.9615891
7,-2.098362
8,-2.2007256
9,-2.3192627
