position,examination
0,-2.0184245
1,0.7464232
2,0.39478308
3,-0.14394471
4,-0.2780525
5,-0.28715715
6,-0.6336067
7,-0.6552855
8,0.89492375
9,1.0954747
