position,examination
0,-0.018424392
1,0.609673
2,0.25193572
3,-0.2768293
4,-0.40634897
5,-0.40397266
6,-0.7418803
7,-0.73657155
8,0.7128612
9,1.003963
