position,examination
0,0.0
1,-1.7318724
2,-2.0770671
3,-2.3833044
4,-2.611209
5,-2.87325
6,-3.0324926
7,-3.1088562
8,-3.311458
9,-3.088481
