position,examination
0,0.0
1,1.2681283
2,0.9229331
3,0.6166949
4,0.38879085
5,0.12675059
6,-0.03249216
7,-0.10885668
8,-0.3114574
9,-0.08847976
