position,examination
0,0.0
1,-0.7318717
2,-1.0770669
3,-1.3833051
4,-1.6112092
5,-1.8732494
6,-2.0324922
7,-2.1088567
8,-2.3114574
9,-2.0884798
