position,examination
0,0.0
1,-3.7318726
2,-4.0770674
3,-4.3833046
4,-4.611209
5,-4.87325
6,-5.0324926
7,-5.108856
8,-5.311458
9,-5.088481
