position,examination
0,0.0
1,0.26812828
2,-0.0770669
3,-0.38330507
4,-0.61120915
5,-0.8732494
6,-1.0324922
7,-1.1088567
8,-1.3114574
9,-1.0884798
