position,examination
0,0.0
1,2.2681284
2,1.9229331
3,1.6166949
4,1.3887908
5,1.1267506
6,0.96750784
7,0.8911433
8,0.6885426
9,0.91152024
