position,examination
0,0.0
1,-2.7318726
2,-3.0770671
3,-3.3833044
4,-3.611209
5,-3.87325
6,-4.0324926
7,-4.108856
8,-4.311458
9,-4.088481
