position,examination
0,0.0
1,-0.73187244
2,-1.0770671
3,-1.3833044
4,-1.611209
5,-1.8732499
6,-2.0324926
7,-2.1088562
8,-2.311458
9,-2.088481
