feature,relevance
0,-1.8768401
1,-3.2781425
