feature,relevance
0,-1.0500358
1,-1.9246377
