feature,relevance
0,-2.1408489
1,-4.0041347
