feature,relevance
0,-1.109174
1,-2.0116506
