feature,relevance
0,-1.2386798
1,-2.210019
