feature,relevance
0,-1.0244843
1,-1.890185
