feature,relevance
0,-1.3769836
1,-2.596951
