feature,relevance
0,-2.4679763
1,-4.060969
