feature,relevance
0,-2.1410997
1,-4.00421
