position,examination
0,-1.4870634
1,0.91565627
2,0.576718
3,0.32327163
4,0.19002448
5,0.042579804
6,-0.0563867
7,-0.12332902
8,-0.20076177
9,-0.25758195
