position,examination
0,4.5129366
1,2.4915297
2,1.9482735
3,1.4245391
4,1.017173
5,0.6510871
6,0.08864505
7,-0.49858037
8,-3.0929592
9,-8.435099
