position,examination
0,0.5129366
1,0.74154836
2,0.4005335
3,0.14147325
4,-0.050872747
5,-0.10042687
6,-0.31528416
7,-0.34045544
8,-0.45279688
9,-0.585455
