position,examination
0,2.5129366
1,1.06869
2,0.59476805
3,0.18852934
4,-0.05307844
5,-0.39293042
6,-0.63919467
7,-0.80632347
8,-1.0862333
9,-1.3149565
