position,examination
0,3.5129366
1,1.5156037
2,0.96987563
3,0.52678126
4,0.08354862
5,-0.22243197
6,-0.6533005
7,-1.2058164
8,-1.8467542
9,-2.5894818
