position,examination
0,1.5036417
1,0.7930636
2,0.40675554
3,0.10762042
4,-0.12534732
5,-0.19923234
6,-0.46321404
7,-0.5150481
8,-0.66227007
9,-0.8339273
