position,examination
0,1.5129366
1,0.82757527
2,0.41476324
3,0.094833545
4,-0.12959222
5,-0.29883695
6,-0.4373743
7,-0.5202186
8,-0.68386286
9,-0.77937615
