position,examination
0,-0.4870634
1,0.79155976
2,0.4657704
3,0.22599046
4,0.052314963
5,-0.0046900413
6,-0.17892215
7,-0.2185899
8,-0.31067324
9,-0.4078286
