position,examination
0,0.0
1,-0.699353
2,-1.114457
3,-1.3898888
4,-1.6103102
5,-1.779294
6,-1.9889662
7,-2.072178
8,-2.2228105
9,-2.3143027
