position,examination
0,0.0
1,1.0435846
2,0.47293103
3,0.22505903
4,-0.15195298
5,-0.13711643
6,0.30782866
7,0.5117855
8,1.1535118
9,1.5562558
