position,examination
0,0.0
1,-0.9564154
2,-1.527069
3,-1.774941
4,-2.151953
5,-2.1371164
6,-1.6921713
7,-1.4882145
8,-0.84648824
9,-0.44374424
