position,examination
0,0.0
1,-2.9564154
2,-3.527069
3,-3.774941
4,-4.1519527
5,-4.1371164
6,-3.6921713
7,-3.4882145
8,-2.8464882
9,-2.4437442
