position,examination
0,0.0
1,-3.9564154
2,-4.527069
3,-4.774941
4,-5.1519527
5,-5.1371164
6,-4.692171
7,-4.4882145
8,-3.8464882
9,-3.4437442
