position,examination
0,0.0
1,0.043584585
2,-0.527069
3,-0.77494097
4,-1.151953
5,-1.1371164
6,-0.69217134
7,-0.4882145
8,0.15351176
9,0.55625576
