position,examination
0,0.0
1,2.0435846
2,1.472931
3,1.225059
4,0.848047
5,0.86288357
6,1.3078287
7,1.5117855
8,2.1535118
9,2.5562558
