position,examination
0,0.0
1,-1.9564154
2,-2.527069
3,-2.774941
4,-3.151953
5,-3.1371164
6,-2.6921713
7,-2.4882145
8,-1.8464882
9,-1.4437442
