feature,relevance
0,-1.6469026
1,-3.2374701
