feature,relevance
0,-1.6603198
1,-3.2629867
