feature,relevance
0,-1.7836285
1,-3.628912
