feature,relevance
0,-1.4995073
1,-3.4038775
