feature,relevance
0,-2.3309884
1,-3.4440084
