feature,relevance
0,-1.4166069
1,-3.7395074
