feature,relevance
0,-2.4830725
1,-4.7840533
