feature,relevance
0,-1.5548326
1,-3.474683
