position,examination
0,0.0
1,-0.6837293
2,-1.0588679
3,-1.3535728
4,-1.5812404
5,-1.7386273
6,-1.9278291
7,-2.0749624
8,-2.1670716
9,-2.2895112
10,-2.3754973
11,-2.470375
12,-2.5480015
13,-2.5939813
14,-2.6740777
15,-2.7788773
16,-2.7741418
17,-2.8690152
18,-2.9206243
19,-2.9776566
20,-3.029546
21,-3.0797405
22,-3.0900736
23,-3.1664066
24,-3.2088215
