position,examination
0,-1.0060914
1,0.9413687
2,0.5007209
3,-0.2839172
4,-0.34832335
5,0.039358005
6,-0.239102
7,-1.3129932
8,0.10120854
9,1.6014096
