position,examination
0,0.242739
1,-1.0919707
2,0.67257416
3,-0.26756138
4,-0.31210488
5,0.14306924
6,-0.24017005
7,-1.3546699
8,0.166104
9,2.036619
