position,examination
0,-0.1430081
1,2.9080293
2,0.21818905
3,-0.7306592
4,-0.76454854
5,-0.31229967
6,-0.6987824
7,-1.7972459
8,-0.29499176
9,1.612154
