position,examination
0,1.9939086
1,0.60839975
2,0.16917162
3,-0.7128217
4,-0.67906785
5,-0.39331788
6,-0.69721144
7,-1.5483178
8,-0.2677576
9,1.5328223
