position,examination
0,-3.0060914
1,1.2030023
2,0.75633425
3,-0.12785366
4,-0.17911613
5,0.24414192
6,-0.09995108
7,-1.1720238
8,0.2889853
9,2.0928578
