position,examination
0,-1.4895917
1,0.9221893
2,0.54842025
3,0.1957073
4,0.023884315
5,-0.2161114
6,-0.31270626
7,-0.53719395
8,-0.55292237
9,-0.534247
