position,examination
0,4.5104084
1,0.6946146
2,0.3171232
3,-0.03621289
4,-0.20911229
5,-0.44911605
6,-0.54604375
7,-0.7705878
8,-0.7863484
9,-0.76763695
