position,examination
0,-0.48959172
1,0.91339856
2,0.5436531
3,0.19212778
4,0.021312458
5,-0.2185651
6,-0.31494182
7,-0.53932077
8,-0.5550567
9,-0.5365114
