position,examination
0,1.5104083
1,0.8088223
2,0.43246976
3,0.07947941
4,-0.09307476
5,-0.33321548
6,-0.42977548
7,-0.6544071
8,-0.66995597
9,-0.65126663
