position,examination
0,0.7016168
1,0.6538082
2,0.32874206
3,-0.48941505
4,-0.50619364
5,-0.29740995
6,-0.8964167
7,-1.1363784
8,0.5522261
9,1.0889369
