position,examination
0,-2.2983832
1,0.9547902
2,0.64219
3,-0.15342283
4,-0.1563346
5,0.026029415
6,-0.5822258
7,-0.75849146
8,0.89627886
9,1.4022824
