position,examination
0,1.7016168
1,0.4632982
2,0.12176831
3,-0.55684483
4,-0.6251881
5,-0.4606724
6,-0.8957537
7,-1.0171031
8,0.442333
9,0.83665955
