position,examination
0,3.5064156
1,0.77587646
2,0.36911947
3,0.05027392
4,-0.119603895
5,-0.2786518
6,-0.5122041
7,-0.72193086
8,-0.70774794
9,-0.57839525
