position,examination
0,0.5064156
1,0.828512
2,0.42213923
3,0.10671624
4,-0.06357184
5,-0.21987428
6,-0.45308506
7,-0.66266614
8,-0.6490949
9,-0.5198994
