position,examination
0,2.5064156
1,0.73739004
2,0.32638952
3,0.0078761475
4,-0.16342005
5,-0.32217526
6,-0.5566541
7,-0.7661496
8,-0.7525639
9,-0.6234548
