position,examination
0,1.5064156
1,0.80640435
2,0.39150035
3,0.065919645
4,-0.08969313
5,-0.26028314
6,-0.4992436
7,-0.6832782
8,-0.67900306
9,-0.57424057
