position,examination
0,-1.4935844
1,0.8338469
2,0.4277361
3,0.10947537
4,-0.060344465
5,-0.21905287
6,-0.45252806
7,-0.66219485
8,-0.64804137
9,-0.51873505
