position,examination
0,-0.4935844
1,0.8313442
2,0.4258219
3,0.108531006
4,-0.06134311
5,-0.21937768
6,-0.4527795
7,-0.66237956
8,-0.6483264
9,-0.5190954
