position,examination
0,4.5064154
1,0.71738976
2,0.31046107
3,-0.0084957825
4,-0.17840937
5,-0.3374458
6,-0.57103705
7,-0.7807564
8,-0.76659375
9,-0.6372236
