position,examination
0,4.5281663
1,0.79789513
2,0.42090082
3,0.11447492
4,-0.09757713
5,-0.3674824
6,-0.49667138
7,-0.60489184
8,-0.7796561
9,-0.67549974
