position,examination
0,1.5281663
1,0.8191523
2,0.44062793
3,0.12176094
4,-0.077940606
5,-0.33968714
6,-0.48993787
7,-0.5852723
8,-0.7728326
9,-0.65040517
