position,examination
0,3.5281663
1,0.79201806
2,0.41491213
3,0.108470924
4,-0.103577584
5,-0.3734766
6,-0.5026728
7,-0.61089677
8,-0.78566283
9,-0.6814966
