position,examination
0,0.5281663
1,0.82522374
2,0.4487531
3,0.14305513
4,-0.068363115
5,-0.3377662
6,-0.46754542
7,-0.5753646
8,-0.75028634
9,-0.64573467
