position,examination
0,-0.4718337
1,0.8269819
2,0.45032325
3,0.14411901
4,-0.067804635
5,-0.33761305
6,-0.4668753
7,-0.57504404
8,-0.74981797
9,-0.64560264
