position,examination
0,2.5281663
1,0.7983069
2,0.42102215
3,0.11450667
4,-0.09754352
5,-0.3673992
6,-0.49664402
7,-0.60485953
8,-0.77963376
9,-0.6754544
