position,examination
0,-1.4718337
1,0.8274242
2,0.4506104
3,0.14429544
4,-0.06770128
5,-0.33756822
6,-0.46677834
7,-0.57498306
8,-0.7497454
9,-0.64556897
