position,examination
0,0.0
1,0.8098184
2,0.3546234
3,-0.5615049
4,-0.7127897
5,-0.30493417
6,-0.7262707
7,-1.6385001
8,-0.3285908
9,1.6625658
