position,examination
0,2.4738822
1,0.8322443
2,0.3470714
3,0.0022936815
4,-0.21059927
5,-0.3825651
6,-0.5850059
7,-1.0234749
8,-0.7988214
9,-0.5865758
