position,examination
0,-1.5261178
1,1.065751
2,0.7163404
3,0.3748742
4,0.194139
5,0.07899189
6,-0.10998538
7,-0.5470759
8,-0.2772475
9,-0.06105735
