position,examination
0,1.5281663
1,0.81580245
2,0.43883833
3,0.1324396
4,-0.07960573
5,-0.34951138
6,-0.47869584
7,-0.5869217
8,-0.76167995
9,-0.6575276
