position,examination
0,4.5281663
1,0.7801325
2,0.40302208
3,0.09659248
4,-0.11543049
5,-0.38530746
6,-0.5145529
7,-0.62280506
8,-0.79754907
9,-0.69341725
