position,examination
0,-0.4718337
1,0.82669955
2,0.44996983
3,0.14390294
4,-0.06788062
5,-0.33760804
6,-0.46683636
7,-0.57507867
8,-0.7497673
9,-0.6456797
