position,examination
0,0.0
1,-0.6924081
2,-1.0940247
3,-1.403443
4,-1.6281532
5,-1.7952551
6,-1.9615781
7,-2.098354
8,-2.2007139
9,-2.3192523
