position,examination
0,0.0
1,-0.69241285
2,-1.0940244
3,-1.4034386
4,-1.6281531
5,-1.7952589
6,-1.9615791
7,-2.0983539
8,-2.200715
9,-2.3192532
