position,examination
0,0.13540578
1,0.47306496
2,0.13737312
3,-0.21414466
4,-0.41635594
5,-0.5009153
6,-0.41139922
7,-0.18351822
8,0.42899385
9,0.54154235
