position,examination
0,1.1354058
1,0.47811645
2,-0.08045254
3,-0.20834184
4,-0.5702716
5,-0.6936691
6,-0.6389068
7,-0.21945545
8,0.37145105
9,0.42033884
