position,examination
0,1.1354058
1,0.3525131
2,0.051705174
3,-0.33584997
4,-0.5232642
5,-0.6055142
6,-0.5071467
7,-0.30518407
8,0.29482082
9,0.44005668
