position,examination
0,-1.8645942
1,0.56867564
2,0.26684567
3,-0.12049009
4,-0.30783287
5,-0.3901447
6,-0.29151672
7,-0.08976938
8,0.5104285
9,0.65355504
