position,examination
0,0.0
1,-0.69240856
2,-1.0940161
3,-1.4034455
4,-1.6281496
5,-1.7952541
6,-1.9615775
7,-2.0983555
8,-2.2007127
9,-2.319254
