position,examination
0,0.0
1,-0.70759034
2,-1.1007302
3,-1.3656263
4,-1.6091126
5,-1.9192171
6,-1.8832936
7,-2.050715
8,-2.1238554
9,-2.2435715
