feature,relevance
0,0.46043897
1,-4.1433415
