position,examination
0,0.0
1,-0.68511295
2,-1.0307977
3,-1.4024713
4,-1.607972
5,-1.8312519
6,-2.0219631
7,-2.149132
8,-2.246113
9,-2.092544
