feature,relevance
0,-0.5439528
1,-4.0137353
