position,examination
0,0.0
1,-0.7222475
2,-1.1110042
3,-1.3810893
4,-1.6265061
5,-1.7893525
6,-1.9429685
7,-2.0881898
8,-2.2205076
9,-2.3050153
