feature,relevance
0,0.27943796
1,0.23850217
