feature,relevance
0,0.101549104
1,0.14679042
