feature,relevance
0,0.5143952
1,0.68960685
