feature,relevance
0,0.4118533
1,0.51224726
