feature,relevance
0,0.15191653
1,0.09293912
