feature,relevance
0,0.46989524
1,0.6224213
