feature,relevance
0,-1.4547291
1,-1.4622275
