feature,relevance
0,0.35890684
1,0.3720696
