position,examination
0,0.0
1,-0.7120118
2,-1.0976403
3,-1.3847538
4,-1.6066556
5,-1.7921389
6,-1.9691038
7,-2.0953293
8,-2.215796
9,-2.3071966
