feature,relevance
0,1.1386852
1,0.16409382
