feature,relevance
0,0.5643683
1,0.21459456
