feature,relevance
0,0.7771675
1,0.25126827
