feature,relevance
0,0.40570208
1,0.4292118
