feature,relevance
0,-0.01946475
1,0.59649605
