feature,relevance
0,0.7960508
1,0.35201633
