feature,relevance
0,-1.4795513
1,-1.5478815
