feature,relevance
0,0.048550166
1,0.5133089
