position,examination
0,0.0
1,0.02711904
2,-0.45668375
3,-0.70392096
4,-0.9783373
5,-1.1190965
6,-0.6354673
7,-0.15323532
8,0.5913841
9,0.6260771
