position,examination
0,0.0
1,1.027119
2,0.54331625
3,0.29607904
4,0.021662712
5,-0.11909652
6,0.3645327
7,0.8467647
8,1.5913842
9,1.6260772
