position,examination
0,0.0
1,2.0271192
2,1.5433162
3,1.296079
4,1.0216627
5,0.8809035
6,1.3645327
7,1.8467647
8,2.5913842
9,2.6260772
