position,examination
0,0.0
1,-0.97288096
2,-1.4566838
3,-1.703921
4,-1.9783373
5,-2.1190965
6,-1.6354673
7,-1.1532353
8,-0.4086159
9,-0.37392288
