position,examination
0,0.0
1,-3.9728808
2,-4.4566836
3,-4.703921
4,-4.9783373
5,-5.1190968
6,-4.6354675
7,-4.1532354
8,-3.4086158
9,-3.3739228
