position,examination
0,0.0
1,-2.9728808
2,-3.4566836
3,-3.7039208
4,-3.9783373
5,-4.1190968
6,-3.6354673
7,-3.1532354
8,-2.4086158
9,-2.3739228
