position,examination
0,0.0
1,-1.972881
2,-2.4566836
3,-2.7039208
4,-2.9783373
5,-3.1190965
6,-2.6354673
7,-2.1532354
8,-1.4086158
9,-1.3739228
