feature,relevance
0,-3.0398815
1,-3.9304292
