feature,relevance
0,-3.04141
1,-3.9074357
