feature,relevance
0,-1.817549
1,-4.899436
