feature,relevance
0,-3.1005228
1,-3.658715
