feature,relevance
0,-3.1954947
1,-3.9960563
