feature,relevance
0,-2.9504972
1,-3.9395103
