feature,relevance
0,-2.9998772
1,-3.8884654
