feature,relevance
0,-3.1498704
1,-4.017699
