position,examination
0,0.0
1,0.2553302
2,-0.16628814
3,-0.4163078
4,-0.58648276
5,-0.83929205
6,-0.9543104
7,-1.1385183
8,-1.2779717
9,-0.93268776
