position,examination
0,0.0
1,2.25533
2,1.8337119
3,1.5836922
4,1.4135172
5,1.160708
6,1.0456896
7,0.86148167
8,0.72202826
9,1.0673122
