position,examination
0,0.0
1,-2.74467
2,-3.1662881
3,-3.416308
4,-3.5864828
5,-3.839292
6,-3.9543104
7,-4.1385183
8,-4.2779717
9,-3.9326878
