position,examination
0,0.0
1,-0.7446698
2,-1.1662881
3,-1.4163078
4,-1.5864828
5,-1.839292
6,-1.9543104
7,-2.1385183
8,-2.2779717
9,-1.9326878
