position,examination
0,0.0
1,1.2553302
2,0.83371186
3,0.5836922
4,0.41351724
5,0.16070795
6,0.045689583
7,-0.13851833
8,-0.27797174
9,0.06731224
