position,examination
0,0.0
1,-1.7446698
2,-2.1662881
3,-2.416308
4,-2.5864828
5,-2.839292
6,-2.9543104
7,-3.1385183
8,-3.2779717
9,-2.9326878
