position,examination
0,0.0
1,-3.74467
2,-4.1662884
3,-4.416308
4,-4.586483
5,-4.839292
6,-4.9543104
7,-5.1385183
8,-5.2779717
9,-4.9326878
