feature,relevance
0,-1.2550508
1,-1.6575087
