feature,relevance
0,-1.6290811
1,-2.4109056
