feature,relevance
0,-1.4220903
1,-2.0095181
