feature,relevance
0,-1.3079716
1,-1.7728509
