feature,relevance
0,-1.9358482
1,-2.9659135
