feature,relevance
0,-1.2336918
1,-1.6075004
