feature,relevance
0,-2.2622015
1,-3.7232618
