position,examination
0,3.5158544
1,1.5083978
2,1.019963
3,0.58292854
4,0.07812285
5,-0.26729178
6,-0.6770726
7,-1.2846001
8,-1.9861776
9,-2.3932235
