position,examination
0,-0.48414552
1,0.8186529
2,0.520627
3,0.28316018
4,0.07517312
5,-0.043522567
6,-0.1721532
7,-0.287028
8,-0.3681005
9,-0.42862704
