position,examination
0,1.5158545
1,0.8427828
2,0.4298931
3,0.112948984
4,-0.12816985
5,-0.2586902
6,-0.4647777
7,-0.63296705
8,-0.65906334
9,-0.7615272
