position,examination
0,0.0
1,-1.6957169
2,-2.126202
3,-2.3866968
4,-2.5983024
5,-2.766841
6,-2.9861689
7,-3.0864587
8,-3.2134964
9,-3.1240418
