position,examination
0,0.0
1,-0.69571686
2,-1.1262022
3,-1.3866968
4,-1.5983024
5,-1.766841
6,-1.986169
7,-2.0864587
8,-2.2134964
9,-2.1240418
