position,examination
0,0.0
1,1.3042831
2,0.8737978
3,0.6133032
4,0.40169764
5,0.23315895
6,0.013831019
7,-0.08645868
8,-0.21349645
9,-0.124041796
