position,examination
0,0.0
1,2.3042831
2,1.8737978
3,1.6133032
4,1.4016976
5,1.233159
6,1.013831
7,0.9135413
8,0.78650355
9,0.8759582
