position,examination
0,0.0
1,-2.6957169
2,-3.126202
3,-3.3866968
4,-3.5983024
5,-3.766841
6,-3.9861689
7,-4.0864587
8,-4.213496
9,-4.1240416
