position,examination
0,0.0
1,-3.6957169
2,-4.126202
3,-4.386697
4,-4.5983024
5,-4.766841
6,-4.986169
7,-5.0864587
8,-5.213496
9,-5.1240416
