position,examination
0,0.0
1,0.30428314
2,-0.12620223
3,-0.38669682
4,-0.59830236
5,-0.76684105
6,-0.986169
7,-1.0864587
8,-1.2134964
9,-1.1240418
