feature,relevance
0,-1.4328394
1,-1.9412773
