feature,relevance
0,-1.6993995
1,-2.6394367
