feature,relevance
0,-1.3692904
1,-1.8298423
