feature,relevance
0,-1.3443128
1,-1.7821478
