feature,relevance
0,-2.0636036
1,-3.2247815
