feature,relevance
0,-1.5788931
1,-2.1711276
