feature,relevance
0,-2.2016644
1,-3.909286
