feature,relevance
0,-2.5119717
1,-3.9914126
