position,examination
0,0.0
1,-2.7067583
2,-3.118209
3,-3.4120154
4,-3.597172
5,-3.7785926
6,-4.002385
7,-4.0788255
8,-4.221568
9,-4.1243196
