position,examination
0,0.0
1,-3.7067583
2,-4.118209
3,-4.4120154
4,-4.597172
5,-4.7785926
6,-5.002385
7,-5.0788255
8,-5.221568
9,-5.1243196
