position,examination
0,0.0
1,-0.7067582
2,-1.118209
3,-1.4120154
4,-1.597172
5,-1.7785926
6,-2.0023851
7,-2.0788255
8,-2.2215683
9,-2.1243196
