position,examination
0,0.0
1,2.2932417
2,1.881791
3,1.5879846
4,1.402828
5,1.2214074
6,0.99761486
7,0.9211745
8,0.77843165
9,0.87568045
