position,examination
0,0.0
1,-1.7067583
2,-2.118209
3,-2.4120154
4,-2.597172
5,-2.7785926
6,-3.0023851
7,-3.0788255
8,-3.2215683
9,-3.1243196
