position,examination
0,0.0
1,0.2932418
2,-0.118209004
3,-0.41201544
4,-0.597172
5,-0.7785926
6,-1.0023851
7,-1.0788255
8,-1.2215683
9,-1.1243196
