position,examination
0,0.0
1,1.2932417
2,0.881791
3,0.58798456
4,0.40282798
5,0.22140741
6,-0.0023851395
7,-0.078825474
8,-0.22156835
9,-0.12431955
