feature,relevance
0,-2.3142593
1,-3.8732727
