feature,relevance
0,-2.3561983
1,-3.9750655
