feature,relevance
0,-0.5222322
1,-2.151565
