feature,relevance
0,-0.8077867
1,-2.402142
