feature,relevance
0,-0.2057252
1,-1.9835792
