feature,relevance
0,-1.4533705
1,-3.2645476
