feature,relevance
0,-0.87923014
1,-2.8168664
