feature,relevance
0,-0.5169977
1,-2.0322664
