feature,relevance
0,0.41608775
1,0.24764943
