feature,relevance
0,0.60724896
1,0.43190148
