feature,relevance
0,0.54255205
1,0.34885255
