position,examination
0,0.0
1,-0.6969948
2,-1.0826517
3,-1.3846154
4,-1.5894206
5,-1.8123652
6,-1.9874938
7,-2.122567
8,-2.2386913
9,-2.2091439
