feature,relevance
0,-1.6403865
1,-3.9939537
