position,examination
0,0.0
1,-0.7034631
2,-1.1186454
3,-1.4042294
4,-1.6319731
5,-1.7731762
6,-1.9651167
7,-2.1090438
8,-2.2527235
9,-2.1390305
