position,examination
0,0.0
1,-2.703463
2,-3.1186454
3,-3.4042294
4,-3.6319733
5,-3.7731762
6,-3.9651167
7,-4.109044
8,-4.2527237
9,-4.1390305
