position,examination
0,0.0
1,0.29653692
2,-0.11864543
3,-0.4042294
4,-0.63197315
5,-0.7731762
6,-0.96511674
7,-1.1090438
8,-1.2527235
9,-1.1390305
