position,examination
0,0.0
1,2.296537
2,1.8813546
3,1.5957706
4,1.3680269
5,1.2268238
6,1.0348833
7,0.89095616
8,0.74727654
9,0.86096954
