position,examination
0,0.0
1,1.2965369
2,0.8813546
3,0.5957706
4,0.36802685
5,0.2268238
6,0.03488326
7,-0.10904384
8,-0.25272346
9,-0.13903046
