position,examination
0,0.0
1,-3.703463
2,-4.1186457
3,-4.404229
4,-4.6319733
5,-4.773176
6,-4.9651165
7,-5.109044
8,-5.2527237
9,-5.1390305
