position,examination
0,0.0
1,-1.7034631
2,-2.1186454
3,-2.4042294
4,-2.6319733
5,-2.7731762
6,-2.9651167
7,-3.1090438
8,-3.2527235
9,-3.1390305
