feature,relevance
0,-1.192181
1,-1.8487923
