feature,relevance
0,-1.2193229
1,-1.8952866
