feature,relevance
0,-1.4117095
1,-2.22142
