feature,relevance
0,-2.0046296
1,-3.1568208
