feature,relevance
0,-2.452812
1,-3.898148
