feature,relevance
0,-2.2884007
1,-3.9412205
