feature,relevance
0,-1.6466619
1,-2.5975566
