feature,relevance
0,-1.2823364
1,-2.010713
