position,examination
0,0.0
1,-0.7110712
2,-1.138411
3,-1.3783036
4,-1.6129501
5,-1.7852683
6,-1.948218
7,-2.0881271
8,-2.1789804
9,-2.0629652
