feature,relevance
0,1.9009011
1,0.2576336
