feature,relevance
0,-0.4762931
1,-1.3767794
