feature,relevance
0,1.3617532
1,0.30965438
