feature,relevance
0,1.0747602
1,0.30042842
