feature,relevance
0,1.5344536
1,0.29205722
