feature,relevance
0,0.11648192
1,0.01233401
