feature,relevance
0,0.8021027
1,0.6246344
