feature,relevance
0,0.51595116
1,0.19799605
