feature,relevance
0,0.76223135
1,0.5621445
