position,examination
0,0.0
1,-0.65562046
2,-1.0476093
3,-1.300663
4,-1.5396895
5,-1.7013882
6,-1.8446083
7,-1.9757099
8,-2.0963883
9,-2.1907103
10,-2.294919
11,-2.37574
12,-2.446035
13,-2.5350513
14,-2.593166
15,-2.665024
16,-2.7325668
17,-2.778524
18,-2.837516
19,-2.8788085
20,-2.9296422
21,-2.9623396
22,-3.01096
23,-3.060082
24,-3.0693476
