position,examination
0,-0.729059
1,0.6326619
2,0.31493357
3,-0.13159902
4,-0.29749152
5,-0.12749906
6,-0.3327636
7,-0.08640923
8,-0.11757145
9,0.17379959
