position,examination
0,1.270941
1,0.48884502
2,0.17038703
3,-0.2765444
4,-0.4428855
5,-0.27229515
6,-0.4773202
7,-0.23109455
8,-0.2620011
9,0.03166003
