position,examination
0,4.270941
1,0.4411107
2,0.12261735
3,-0.3243118
4,-0.49063352
5,-0.32004073
6,-0.52517307
7,-0.2788113
8,-0.3097289
9,-0.016232569
