position,examination
0,4.5056148
1,0.7239703
2,0.26524147
3,0.017153969
4,-0.22695033
5,-0.43332934
6,-0.55149734
7,-0.6829681
8,-0.83329844
9,-0.830634
