position,examination
0,-0.49438536
1,0.8668649
2,0.4103456
3,0.16254202
4,-0.08097511
5,-0.2874019
6,-0.40525058
7,-0.5366697
8,-0.686985
9,-0.68420595
