position,examination
0,1.5056146
1,0.83890504
2,0.38135615
3,0.13326547
4,-0.110630855
5,-0.31705362
6,-0.43518862
7,-0.5664415
8,-0.7167728
9,-0.7140464
