position,examination
0,-1.4943854
1,0.86813015
2,0.410931
3,0.16298324
4,-0.080778934
5,-0.28721085
6,-0.40521795
7,-0.53655803
8,-0.686884
9,-0.68413186
