position,examination
0,0.50561464
1,0.8859302
2,0.43496224
3,0.18756151
4,-0.053684976
5,-0.25995696
6,-0.37629008
7,-0.50845206
8,-0.6587014
9,-0.65590775
