position,examination
0,1.5056146
1,0.9071531
2,0.39325857
3,-0.05746001
4,-0.25343746
5,-0.25211096
6,-0.3473246
7,-0.55313927
8,-0.7130303
9,-0.6255194
