position,examination
0,-0.9172859
1,0.026707739
2,-0.027408805
3,-0.25368637
4,-0.40586424
5,-0.46639302
6,-0.19351242
7,0.45503142
8,0.8745546
9,0.88013774
