position,examination
0,1.0827141
1,0.41750532
2,0.078003906
3,-0.35475358
4,-0.5663322
5,-0.5350198
6,-0.6455022
7,-0.43510172
8,0.36166283
9,0.59797114
