position,examination
0,4.082714
1,1.4288605
2,0.37754238
3,-0.16281097
4,-0.7131682
5,-1.0172803
6,-1.2041013
7,-1.0435284
8,-0.86612797
9,-0.8692575
