position,examination
0,3.082714
1,1.1665987
2,0.3841647
3,0.041325133
4,-0.46338162
5,-0.8238739
6,-1.0501776
7,-0.92427987
8,-0.71369916
9,-0.6951378
