position,examination
0,2.082714
1,0.5600671
2,0.03243815
3,-0.23883665
4,-0.58961284
5,-0.793991
6,-0.57254237
7,-0.3326239
8,-0.09950188
9,-0.04196219
