position,examination
0,1.1961421
1,0.3292719
2,-0.046061482
3,-0.2539862
4,-0.5270972
5,-0.7760511
6,-0.47723198
7,-0.047324266
8,0.2844938
9,0.3118526
