position,examination
0,-1.9172859
1,0.57726866
2,0.34160987
3,-0.031286437
4,-0.23995778
5,-0.24185699
6,-0.2770699
7,0.078026764
8,0.7782712
9,0.9073729
