position,examination
0,0.08271408
1,-0.022822255
2,-0.26433596
3,-0.44823268
4,-0.658538
5,-0.8061152
6,-0.2856384
7,0.5345591
8,0.9365326
9,0.9249437
