position,examination
0,0.0
1,-0.69047177
2,-1.1226583
3,-1.3697846
4,-1.6105896
5,-1.7986526
6,-1.9376668
7,-2.0828977
8,-2.2085793
9,-2.274691
