position,examination
0,0.0
1,-0.69046736
2,-1.1226528
3,-1.369777
4,-1.6105747
5,-1.798642
6,-1.9376584
7,-2.0828965
8,-2.2085633
9,-2.2746847
