feature,relevance
0,0.07291554
1,0.4127013
