feature,relevance
0,0.264209
1,0.3466701
