feature,relevance
0,0.07245784
1,0.4115831
