feature,relevance
0,-0.0017286949
1,0.36531848
