feature,relevance
0,1.2407775
1,0.21525949
