feature,relevance
0,0.26336414
1,0.34657297
