feature,relevance
0,0.027864708
1,0.42343795
