feature,relevance
0,0.9430392
1,0.3108736
