feature,relevance
0,-0.02089597
1,0.3451552
