feature,relevance
0,-1.5010967
1,-1.5893035
