feature,relevance
0,0.026960861
1,0.42367595
