feature,relevance
0,0.43516922
1,0.3735878
