feature,relevance
0,0.43709758
1,0.3729482
