feature,relevance
0,1.2417574
1,0.21564855
