feature,relevance
0,1.0727934
1,0.32046482
