feature,relevance
0,-1.500555
1,-1.5888253
