position,examination
0,0.0
1,-0.705388
2,-1.0899235
3,-1.3895646
4,-1.5930566
5,-1.8019646
6,-1.9619102
7,-2.0781794
8,-2.2183185
9,-2.2922711
