position,examination
0,4.1686406
1,0.18104677
2,-0.124605864
3,-0.49414197
4,-0.71588606
5,-0.7503104
6,-0.7079408
7,-0.47671914
8,0.12870069
9,0.27190256
