position,examination
0,2.1686406
1,0.2744565
2,-0.065048724
3,-0.4457887
4,-0.6699251
5,-0.6932312
6,-0.62996674
7,-0.4115358
8,0.1562076
9,0.3294878
