position,examination
0,-0.83135927
1,0.51101375
2,0.20557165
3,-0.16380751
4,-0.38555285
5,-0.4196903
6,-0.37753603
7,-0.14605634
8,0.459363
9,0.60327375
