position,examination
0,0.16864073
1,0.47343805
2,0.16774058
3,-0.2006586
4,-0.42239326
5,-0.45495924
6,-0.4124003
7,-0.18103352
8,0.4157732
9,0.5672376
