position,examination
0,1.1686407
1,0.3498538
2,0.0443087
3,-0.3250802
4,-0.5466079
5,-0.5813252
6,-0.53867495
7,-0.30788717
8,0.29930192
9,0.44239795
