position,examination
0,1.1686407
1,0.3800537
2,-0.035596546
3,-0.41557083
4,-0.60867655
5,-0.57575965
6,-0.38321617
7,-0.28627375
8,0.2492367
9,0.51331675
