position,examination
0,3.1686406
1,0.26235887
2,-0.043198608
3,-0.4126471
4,-0.6343907
5,-0.6688506
6,-0.62656283
7,-0.3952701
8,0.21139616
9,0.35522786
