position,examination
0,4.5312014
1,0.7481954
2,0.38292024
3,0.0649514
4,-0.11792214
5,-0.3418604
6,-0.48309782
7,-0.6673787
8,-0.7519203
9,-0.6857938
