position,examination
0,3.5312014
1,0.7367075
2,0.3713945
3,0.053420026
4,-0.12949446
5,-0.35354263
6,-0.4947501
7,-0.6791293
8,-0.76364815
9,-0.697522
