position,examination
0,-1.4687986
1,0.8172863
2,0.45326665
3,0.13614976
4,-0.046564534
5,-0.27036232
6,-0.41148847
7,-0.59581
8,-0.68022484
9,-0.6141616
