position,examination
0,1.5312014
1,0.7908701
2,0.42610863
3,0.08320337
4,-0.09065141
5,-0.2688877
6,-0.46701917
7,-0.6355306
8,-0.7539838
9,-0.67625403
