position,examination
0,2.5312014
1,0.7277661
2,0.36147463
3,0.043612555
4,-0.13931136
5,-0.36365032
6,-0.50515753
7,-0.68998384
8,-0.7744432
9,-0.70835906
