position,examination
0,-0.46879864
1,0.8132918
2,0.45107973
3,0.13524136
4,-0.047211252
5,-0.2708071
6,-0.4117996
7,-0.59623396
8,-0.68043625
9,-0.61448085
