position,examination
0,0.53120136
1,0.82819337
2,0.47288445
3,0.16294323
4,-0.01677434
5,-0.23849428
6,-0.37960538
7,-0.5649276
8,-0.64804274
9,-0.5825256
