position,examination
0,0.0
1,-1.0496676
2,-1.3669894
3,-1.7422086
4,-2.07575
5,-2.015727
6,-1.8125334
7,-1.5074407
8,-0.67033994
9,-0.17214131
