position,examination
0,0.0
1,1.9503324
2,1.6330106
3,1.2577914
4,0.9242499
5,0.98427296
6,1.1874666
7,1.4925593
8,2.32966
9,2.8278587
