position,examination
0,0.0
1,-0.049667597
2,-0.36698937
3,-0.7422086
4,-1.0757501
5,-1.015727
6,-0.8125334
7,-0.5074407
8,0.32966006
9,0.8278587
