position,examination
0,0.0
1,0.9503324
2,0.6330106
3,0.2577914
4,-0.07575011
5,-0.015727043
6,0.18746662
7,0.4925593
8,1.32966
9,1.8278587
