feature,relevance
0,-2.3054605
1,-3.7846246
