feature,relevance
0,-3.038093
1,-4.7945647
