feature,relevance
0,-2.2843266
1,-3.7158995
