feature,relevance
0,-2.1479278
1,-3.464004
