position,examination
0,2.270941
1,0.47689956
2,0.15838923
3,-0.28853756
4,-0.45485845
5,-0.28424084
6,-0.48929948
7,-0.24300185
8,-0.27388558
9,0.019717501
