position,examination
0,-1.729059
1,0.6385283
2,0.3201022
3,-0.12682742
4,-0.2930434
5,-0.12257351
6,-0.32778338
7,-0.08127877
8,-0.112390906
9,0.18031211
