position,examination
0,3.270941
1,0.44126922
2,0.122722365
3,-0.32419538
4,-0.49049875
5,-0.31989908
6,-0.5250482
7,-0.27861574
8,-0.30951428
9,-0.015716434
