position,examination
0,0.27094102
1,0.55855596
2,0.2452858
3,-0.19836803
4,-0.36338255
5,-0.1940396
6,-0.39954197
7,-0.15528165
8,-0.18612745
9,0.101997934
