position,examination
0,1.270941
1,0.46509385
2,0.17051536
3,-0.26862818
4,-0.41945478
5,-0.29285613
6,-0.47795758
7,-0.25231415
8,-0.27532357
9,0.03489815
