position,examination
0,0.0
1,1.0498029
2,0.7238872
3,0.14023614
4,-0.084124565
5,0.023666143
6,0.32598305
7,0.6241729
8,1.298538
9,2.0335617
