position,examination
0,0.0
1,-1.9501971
2,-2.2761128
3,-2.8597639
4,-3.0841246
5,-2.9763339
6,-2.674017
7,-2.375827
8,-1.701462
9,-0.9664384
