position,examination
0,0.0
1,0.0498029
2,-0.2761128
3,-0.85976386
4,-1.0841246
5,-0.97633386
6,-0.67401695
7,-0.37582707
8,0.29853797
9,1.0335616
