position,examination
0,0.0
1,-3.9501972
2,-4.2761126
3,-4.859764
4,-5.0841246
5,-4.9763336
6,-4.674017
7,-4.375827
8,-3.701462
9,-2.9664383
