position,examination
0,0.0
1,2.0498028
2,1.7238872
3,1.1402361
4,0.91587543
5,1.0236661
6,1.325983
7,1.6241729
8,2.298538
9,3.0335617
