position,examination
0,0.0
1,-0.9501971
2,-1.2761128
3,-1.8597639
4,-2.0841246
5,-1.9763339
6,-1.674017
7,-1.3758271
8,-0.70146203
9,0.033561587
