position,examination
0,0.0
1,-2.9501972
2,-3.2761128
3,-3.8597639
4,-4.0841246
5,-3.9763339
6,-3.674017
7,-3.375827
8,-2.701462
9,-1.9664384
