feature,relevance
0,-2.8882027
1,-3.7166529
