feature,relevance
0,-2.0585155
1,-3.4879699
