feature,relevance
0,-1.7910991
1,-3.8551533
