feature,relevance
0,-2.2762234
1,-3.6897914
