feature,relevance
0,-1.7271148
1,-3.4875891
