feature,relevance
0,-2.696896
1,-4.778305
