feature,relevance
0,-2.0761638
1,-3.6285803
