feature,relevance
0,-2.6281223
1,-3.464977
