position,examination
0,0.0
1,-0.631567
2,-1.0102149
3,-1.249532
4,-1.4915085
5,-1.648589
6,-1.7987757
7,-1.9209697
8,-2.0007741
9,-2.1137862
10,-2.179596
11,-2.26574
12,-2.367728
13,-2.4513338
14,-2.5149689
15,-2.5783293
16,-2.612175
17,-2.662242
18,-2.6698241
19,-2.7598424
20,-2.8108397
21,-2.8614695
22,-2.892698
23,-2.9097033
24,-2.9402375
