position,examination
0,-1.0133631
1,0.50724244
2,0.34416255
3,-0.15578471
4,-0.2317472
5,-0.21614304
6,-0.80321854
7,-0.44784757
8,0.9615443
9,1.0579995
