position,examination
0,1.2650111
1,0.14980826
2,-0.06878326
3,-0.4582897
4,-0.7884343
5,-0.7786592
6,-0.49542168
7,-0.15552074
8,0.6174121
9,0.7158362
