position,examination
0,-0.013363183
1,0.19532323
2,0.027821122
3,-0.355445
4,-0.35142455
5,-0.50174314
6,-0.86824876
7,-0.10602712
8,0.9509297
9,1.0056164
