position,examination
0,0.9866368
1,0.48436874
2,0.22808038
3,-0.40693787
4,-0.54558975
5,-0.41059938
6,-0.9349102
7,-0.98019063
8,0.73754245
9,0.84386706
