position,examination
0,1.9866369
1,0.3274405
2,0.092763215
3,-0.35745752
4,-0.78960043
5,-0.66762656
6,-0.5492408
7,-0.61733264
8,0.25586468
9,0.3151404
