position,examination
0,2.9866369
1,0.48270488
2,0.16461828
3,-0.3781994
4,-0.8256569
5,-0.81994504
6,-0.85948294
7,-0.942979
8,0.060367536
9,0.1376963
