position,examination
0,-2.0133631
1,0.4535461
2,0.3349108
3,-0.075902276
4,-0.10821781
5,-0.24128814
6,-0.74867314
7,-0.15090795
8,1.2253625
9,1.3241346
