position,examination
0,3.9866369
1,0.16341515
2,-0.07771852
3,-0.72015727
4,-0.90268236
5,-0.74845815
6,-1.2160909
7,-1.2280031
8,0.33184147
9,0.4218839
