position,examination
0,0.0
1,-0.72930455
2,-1.1252521
3,-1.4241283
4,-1.6066617
5,-1.7771752
6,-2.0038667
7,-2.0963478
8,-2.237781
9,-2.1173575
