position,examination
0,0.0
1,0.27069503
2,-0.12525308
3,-0.42412806
4,-0.60666203
5,-0.7771722
6,-1.0038686
7,-1.0963452
8,-1.237777
9,-1.1173744
