position,examination
0,0.0
1,-3.729305
2,-4.125253
3,-4.424128
4,-4.606662
5,-4.777172
6,-5.0038686
7,-5.096345
8,-5.2377768
9,-5.1173744
