position,examination
0,0.0
1,1.270695
2,0.8747469
3,0.57587194
4,0.39333797
5,0.22282779
6,-0.0038685799
7,-0.096345186
8,-0.237777
9,-0.11737442
