position,examination
0,0.0
1,-0.72930497
2,-1.1252531
3,-1.424128
4,-1.606662
5,-1.7771722
6,-2.0038686
7,-2.0963452
8,-2.237777
9,-2.1173744
