position,examination
0,0.0
1,2.270695
2,1.8747469
3,1.575872
4,1.393338
5,1.2228278
6,0.9961314
7,0.9036548
8,0.762223
9,0.8826256
