position,examination
0,0.0
1,-1.729305
2,-2.1252532
3,-2.424128
4,-2.606662
5,-2.777172
6,-3.0038686
7,-3.0963452
8,-3.237777
9,-3.1173744
