position,examination
0,0.0
1,-2.729305
2,-3.1252532
3,-3.424128
4,-3.606662
5,-3.777172
6,-4.0038686
7,-4.096345
8,-4.2377768
9,-4.1173744
