feature,relevance
0,-0.7708797
1,-2.0734482
