feature,relevance
0,-0.8634468
1,-2.3317287
