feature,relevance
0,-0.5738535
1,-1.8766419
