feature,relevance
0,-1.3080895
1,-2.7386508
