feature,relevance
0,-0.62314934
1,-1.9264804
