feature,relevance
0,-2.4343154
1,-3.9134223
