feature,relevance
0,-2.4307373
1,-3.9129505
