feature,relevance
0,-2.193505
1,-3.9959943
