feature,relevance
0,-1.3002539
1,-3.3102255
