position,examination
0,0.0
1,-0.63053477
2,-1.0133988
3,-1.2475163
4,-1.4352976
5,-1.616809
6,-1.7865429
7,-1.8854953
8,-2.013827
9,-2.1118653
10,-2.2075696
11,-2.2745693
12,-2.3627436
13,-2.4095726
14,-2.4618692
15,-2.5431712
16,-2.6024628
17,-2.6339092
18,-2.6820085
19,-2.7692003
20,-2.8170953
21,-2.8621926
22,-2.8805065
23,-2.9090695
24,-3.013361
