position,examination
0,0.0
1,-0.69497186
2,-1.0794771
3,-1.405208
4,-1.6057267
5,-1.8107246
6,-1.9106259
7,-2.0340838
8,-2.214326
9,-2.2510889
