feature,relevance
0,1.2190429
1,-2.4800646
