position,examination
0,0.0
1,-0.8088987
2,-1.2755754
3,-1.669224
4,-1.9688833
5,-2.219296
6,-2.4541585
7,-2.6753275
8,-2.8474426
9,-3.046765
10,-3.2258997
11,-3.3464706
12,-3.5529392
13,-3.6769946
14,-3.8308377
15,-3.938815
16,-4.089284
17,-4.2037935
18,-4.349965
19,-4.4985223
20,-4.650957
21,-4.8192654
22,-4.9393044
23,-5.1586123
24,-5.3407936
