position,examination
0,0.0
1,-0.69219273
2,-1.1269991
3,-1.4288317
4,-1.6315371
5,-1.8213965
6,-1.8882122
7,-2.0612803
8,-2.1216016
9,-2.1807034
