feature,relevance
0,-0.6663339
1,-3.9102228
