position,examination
0,-1.4718337
1,0.8218019
2,0.44483802
3,0.13843948
4,-0.07360572
5,-0.34351122
6,-0.4726956
7,-0.5809214
8,-0.75567955
9,-0.6515273
