position,examination
0,4.5281663
1,0.809802
2,0.4328381
3,0.12643956
4,-0.085605636
5,-0.35551113
6,-0.4846955
7,-0.5929213
8,-0.76767945
9,-0.6635272
