position,examination
0,0.5281663
1,0.8218019
2,0.44483802
3,0.13843946
4,-0.07360573
5,-0.34351122
6,-0.4726956
7,-0.5809214
8,-0.75567955
9,-0.6515273
