position,examination
0,1.5281663
1,0.809802
2,0.43283814
3,0.12643968
4,-0.08560559
5,-0.35551107
6,-0.4846953
7,-0.59292126
8,-0.7676794
9,-0.66352713
