position,examination
0,0.0
1,-1.006789
2,-1.4228702
3,-1.6550263
4,-2.0099165
5,-2.1176682
6,-1.6100955
7,-1.1610887
8,-0.7740767
9,-0.81195915
