feature,relevance
0,-2.6925323
1,-4.7069983
