position,examination
0,3.5151885
1,1.5526092
2,1.0689217
3,0.6768423
4,0.17701717
5,-0.20354016
6,-0.5431396
7,-1.1440929
8,-1.6442066
9,-3.3637488
