position,examination
0,1.5151885
1,0.7975617
2,0.4175549
3,0.094893284
4,-0.12117343
5,-0.27705932
6,-0.4252381
7,-0.65868944
8,-0.645621
9,-0.696775
