position,examination
0,-0.48481154
1,0.7862662
2,0.4797548
3,0.26799843
4,0.053296182
5,-0.064326175
6,-0.17344436
7,-0.22941296
8,-0.31791902
9,-0.405881
