position,examination
0,1.5151885
1,0.78630024
2,0.43103728
3,0.16884129
4,-0.12089011
5,-0.28883597
6,-0.45080087
7,-0.54173803
8,-0.67681956
9,-0.8303425
