position,examination
0,-1.4848115
1,0.86860996
2,0.5750222
3,0.36817393
4,0.16075628
5,0.048590343
6,-0.058049574
7,-0.11330553
8,-0.19219126
9,-0.27743256
