position,examination
0,0.0
1,1.1664739
2,0.7163532
3,0.5165385
4,0.40601683
5,-0.044667244
6,0.35057163
7,0.56070554
8,1.1897819
9,1.4429474
