position,examination
0,0.0
1,2.1664739
2,1.7163532
3,1.5165385
4,1.4060168
5,0.95533276
6,1.3505716
7,1.5607055
8,2.189782
9,2.4429474
