position,examination
0,0.0
1,-0.83352613
2,-1.2836468
3,-1.4834615
4,-1.5939832
5,-2.0446672
6,-1.6494284
7,-1.4392945
8,-0.81021804
9,-0.5570526
