position,examination
0,0.0
1,0.16647387
2,-0.28364682
3,-0.4834615
4,-0.5939832
5,-1.0446672
6,-0.64942837
7,-0.43929446
8,0.18978196
9,0.4429474
