feature,relevance
0,-1.8152043
1,-3.1719372
