feature,relevance
0,-2.7961276
1,-4.6381187
