feature,relevance
0,-1.8091532
1,-3.19142
