feature,relevance
0,-1.7760468
1,-3.2397978
