position,examination
0,0.0
1,-1.7429802
2,-2.1501224
3,-2.4255278
4,-2.6057918
5,-2.823034
6,-2.929823
7,-3.1500657
8,-3.2655146
9,-3.054034
