position,examination
0,0.0
1,-3.7429802
2,-4.1501226
3,-4.4255276
4,-4.605792
5,-4.8230343
6,-4.929823
7,-5.1500654
8,-5.2655144
9,-5.054034
