position,examination
0,0.0
1,2.2570198
2,1.8498776
3,1.5744722
4,1.3942082
5,1.176966
6,1.070177
7,0.84993434
8,0.7344854
9,0.945966
