position,examination
0,0.0
1,0.25701976
2,-0.1501224
3,-0.4255278
4,-0.6057918
5,-0.82303405
6,-0.92982304
7,-1.1500657
8,-1.2655146
9,-1.054034
