position,examination
0,0.0
1,-2.7429802
2,-3.1501224
3,-3.4255278
4,-3.6057918
5,-3.823034
6,-3.929823
7,-4.1500654
8,-4.2655144
9,-4.054034
