position,examination
0,0.0
1,1.2570198
2,0.8498776
3,0.5744722
4,0.3942082
5,0.17696595
6,0.07017696
7,-0.15006566
8,-0.2655146
9,-0.054033995
