position,examination
0,0.0
1,-0.74298024
2,-1.1501224
3,-1.4255278
4,-1.6057918
5,-1.823034
6,-1.929823
7,-2.1500657
8,-2.2655146
9,-2.054034
