feature,relevance
0,-0.8105824
1,-1.8185177
