feature,relevance
0,-0.8350946
1,-1.8654126
