feature,relevance
0,-1.5407478
1,-3.2261372
