feature,relevance
0,-1.9256711
1,-3.9628541
