feature,relevance
0,-1.2300168
1,-2.619098
