feature,relevance
0,-0.8942798
1,-1.9768088
