feature,relevance
0,-1.0178666
1,-2.2093084
