feature,relevance
0,-2.037234
1,-3.9912605
