position,examination
0,2.507985
1,0.9556132
2,0.52374697
3,0.13586074
4,-0.19666444
5,-0.43036798
6,-0.59322304
7,-0.91771066
8,-0.95202523
9,-0.97652364
