position,examination
0,-0.49201488
1,0.8539757
2,0.5372206
3,0.26939148
4,0.05905321
5,-0.04327051
6,-0.17669164
7,-0.47639632
8,-0.34519258
9,-0.26700974
