position,examination
0,3.507985
1,1.460786
2,0.9528886
3,0.47000426
4,-0.01498702
5,-0.48232433
6,-0.7521633
7,-1.3161823
8,-1.6881211
9,-2.0296798
