position,examination
0,3.5062768
1,0.7090637
2,0.29739335
3,-0.023926228
4,-0.24824102
5,-0.35761276
6,-0.55955195
7,-0.9089861
8,-0.7618765
9,-0.581987
