position,examination
0,2.5062768
1,0.7284396
2,0.31327814
3,-0.0073404224
4,-0.23169982
5,-0.34015125
6,-0.54330415
7,-0.89295685
8,-0.745807
9,-0.5669425
