position,examination
0,1.5062768
1,0.8234632
2,0.3903426
3,0.061097875
4,-0.1162861
5,-0.22760941
6,-0.45137382
7,-0.7934422
8,-0.6445693
9,-0.5413591
