position,examination
0,4.506277
1,0.7754426
2,0.36488852
3,0.043697298
4,-0.18055464
5,-0.2902511
6,-0.49182016
7,-0.8410691
8,-0.6940783
9,-0.5138863
