position,examination
0,-0.49372315
1,0.8303616
2,0.42388687
3,0.10855627
4,-0.115530625
5,-0.22170286
6,-0.4226304
7,-0.7705719
8,-0.6240262
9,-0.44571856
