position,examination
0,-1.4937232
1,0.8381071
2,0.43066797
3,0.11253474
4,-0.11170225
5,-0.21985662
6,-0.4211093
7,-0.76981384
8,-0.6230026
9,-0.44351983
