position,examination
0,0.50627685
1,0.81955177
2,0.40927762
3,0.093946226
4,-0.1307095
5,-0.2349666
6,-0.43589643
7,-0.78320384
8,-0.6375046
9,-0.46056423
