position,examination
0,-2.108524
1,0.72765577
2,0.41648
3,-0.07820588
4,-0.19670042
5,-0.06878886
6,-0.26798576
7,-0.32861197
8,0.7745092
9,1.1041561
