position,examination
0,1.8914759
1,0.44112033
2,-0.07499501
3,-0.47919506
4,-0.65222085
5,-0.5800875
6,-0.6948815
7,-0.5778687
8,0.28756753
9,0.45984042
