position,examination
0,0.0
1,-0.66964316
2,-1.0583771
3,-1.2924303
4,-1.5164623
5,-1.7010567
6,-1.7998525
7,-1.9546959
8,-2.0837202
9,-2.1619544
10,-2.2318294
11,-2.305306
12,-2.3872242
13,-2.4801302
14,-2.5298362
15,-2.5966895
16,-2.6735692
17,-2.6871195
18,-2.741623
19,-2.8456569
20,-2.846673
21,-2.875968
22,-2.9046903
23,-2.9508214
24,-3.0381114
