position,examination
0,0.0
1,-0.69935274
2,-1.1144562
3,-1.3898879
4,-1.6103098
5,-1.7792937
6,-1.9889656
7,-2.0721772
8,-2.22281
9,-2.3143024
