position,examination
0,2.4785712
1,0.7423513
2,0.33735466
3,0.003848959
4,-0.1866974
5,-0.34904918
6,-0.589989
7,-0.88115907
8,-0.7969712
9,-0.68689585
