position,examination
0,0.0
1,-0.6045475
2,-0.97166306
3,-1.2338654
4,-1.4451202
5,-1.6020576
6,-1.731714
7,-1.8618052
8,-1.9715834
9,-2.0659723
10,-2.1620946
11,-2.2717118
12,-2.3524926
13,-2.3714094
14,-2.4506187
15,-2.5511923
16,-2.5759878
17,-2.6089168
18,-2.6658769
19,-2.7388291
20,-2.8109808
21,-2.8400345
22,-2.8658342
23,-2.906911
24,-2.9875731
