position,examination
0,0.5464208
1,0.7654171
2,0.43012995
3,0.13811691
4,0.014788395
5,-0.17067067
6,-0.29611242
7,-0.39930356
8,-0.5109215
9,-0.575186
