position,examination
0,4.546421
1,2.225757
2,1.648205
3,1.0258222
4,0.547442
5,-0.36692676
6,-1.2266222
7,-2.029516
8,-2.8920624
9,-3.3487842
