position,examination
0,-0.4535792
1,0.8124072
2,0.47813663
3,0.21410705
4,0.08098465
5,-0.049377218
6,-0.16308278
7,-0.2519042
8,-0.3453278
9,-0.4102065
