position,examination
0,1.544963
1,0.81689465
2,0.42967018
3,0.1359133
4,-0.08014584
5,-0.29367667
6,-0.4388094
7,-0.5582889
8,-0.733485
9,-0.8285932
