position,examination
0,-1.4535792
1,0.97346616
2,0.65459585
3,0.38387346
4,0.23346084
5,0.06484882
6,-0.07765629
7,-0.23068257
8,-0.32574162
9,-0.31666648
