position,examination
0,2.5464208
1,1.0126204
2,0.54783195
3,0.11160364
4,-0.13097884
5,-0.397515
6,-0.63912743
7,-0.8271736
8,-1.0514677
9,-1.116273
