position,examination
0,3.5464208
1,1.5254816
2,0.99771905
3,0.48855096
4,0.12652862
5,-0.3686281
6,-0.8498302
7,-1.3039147
8,-1.8748176
9,-2.1968832
