position,examination
0,1.5464208
1,0.79782313
2,0.41229925
3,0.09472971
4,-0.08346978
5,-0.2844271
6,-0.44481656
7,-0.6386917
8,-0.72043604
9,-0.68026185
