feature,relevance
0,0.33717144
1,-0.0740588
