feature,relevance
0,0.4972419
1,-0.0073007494
