feature,relevance
0,1.3258923
1,0.14261605
