feature,relevance
0,1.1308668
1,0.5599209
