feature,relevance
0,1.450078
1,0.5611368
