position,examination
0,0.16896856
1,0.44824418
2,0.036857665
3,-0.12174273
4,-0.4149366
5,-0.5667431
6,-0.28789783
7,0.040216044
8,0.14144728
9,0.07770931
