position,examination
0,-1.8310314
1,0.44955027
2,0.038025796
3,-0.120505154
4,-0.41366267
5,-0.56557786
6,-0.2868519
7,0.04269044
8,0.14564088
9,0.08001825
