position,examination
0,1.1689686
1,0.33470392
2,-0.029326348
3,-0.13737199
4,-0.4536209
5,-0.5600739
6,-0.3957039
7,-0.011218674
8,0.08215745
9,0.006299781
