position,examination
0,0.0
1,-0.8243768
2,-1.176211
3,-1.5203344
4,-1.6908544
5,-1.5322647
6,-1.7103074
7,-1.3728366
8,-1.426545
9,-1.0796819
