feature,relevance
0,13.745874
1,-4.4239354
