position,examination
0,5.6110134
1,4.617967
2,3.8574994
3,3.5435073
4,2.974689
5,2.7308245
6,2.4678955
7,2.0991805
8,1.8336607
9,-9.04641
10,-10.224123
11,-10.436319
