position,examination
0,3.960047
1,3.042905
2,2.3147163
3,2.071186
4,1.506134
5,1.4693272
6,1.0125787
7,0.6552149
8,0.3950692
9,-2.5221472
10,-6.702628
11,-7.1997156
