position,examination
0,5.552599
1,4.5797496
2,3.981588
3,3.536116
4,2.9594064
5,2.7241304
6,2.462359
7,2.0988438
8,1.828251
9,-9.131757
10,-10.166852
11,-10.367594
