position,examination
0,5.530446
1,4.7004743
2,3.7914486
3,3.505569
4,2.9359355
5,2.6914747
6,2.4303732
7,2.0570307
8,1.7901331
9,-8.961504
10,-10.122823
11,-10.334455
