position,examination
0,5.3740582
1,4.454973
2,3.7443712
3,3.719864
4,2.945856
5,2.7049367
6,2.4427774
7,2.078012
8,1.8145853
9,-8.922661
10,-10.060181
11,-10.268408
