position,examination
0,5.169976
1,4.2217484
2,3.4957917
3,3.302522
4,2.730573
5,2.9693272
6,2.226902
7,1.8594774
8,1.5944918
9,-8.238735
10,-9.5477295
11,-9.769586
