position,examination
0,3.5992932
1,2.6678312
2,1.9602653
3,2.219864
4,1.2314742
5,0.91545624
6,0.67209864
7,0.30594397
8,0.04132786
9,-4.124
10,-4.634373
11,-4.788256
