position,examination
0,4.089404
1,3.2004743
2,2.419979
3,2.1221097
4,1.559952
5,1.3200186
6,1.0623425
7,0.7075181
8,0.44992885
9,-3.0425928
10,-6.727619
11,-7.16776
