position,examination
0,4.928619
1,3.9751318
2,3.2450807
3,3.047891
4,2.4762597
5,2.2319903
6,1.9717003
7,2.3756652
8,1.3323998
9,-7.444858
10,-8.940049
11,-9.17813
