position,examination
0,0.0
1,2.3116953
2,1.8704724
3,1.5985963
4,1.3719245
5,1.1820424
6,0.964468
7,0.879086
8,0.80896854
9,0.6734855
