position,examination
0,0.0
1,-0.6883047
2,-1.1295276
3,-1.4014037
4,-1.6280755
5,-1.8179576
6,-2.035532
7,-2.120914
8,-2.1910315
9,-2.3265145
