position,examination
0,0.0
1,-1.6883047
2,-2.1295276
3,-2.4014037
4,-2.6280756
5,-2.8179576
6,-3.035532
7,-3.120914
8,-3.1910315
9,-3.3265145
