position,examination
0,0.0
1,-3.6883047
2,-4.1295276
3,-4.4014034
4,-4.6280756
5,-4.817958
6,-5.035532
7,-5.120914
8,-5.1910315
9,-5.3265142
