position,examination
0,0.0
1,1.3116953
2,0.87047243
3,0.59859633
4,0.37192452
5,0.18204236
6,-0.035531998
7,-0.12091398
8,-0.19103146
9,-0.32651448
