position,examination
0,0.0
1,-2.6883047
2,-3.1295276
3,-3.4014037
4,-3.6280756
5,-3.8179576
6,-4.035532
7,-4.120914
8,-4.1910315
9,-4.3265142
