position,examination
0,0.0
1,0.31169528
2,-0.12952757
3,-0.40140367
4,-0.6280755
5,-0.81795764
6,-1.035532
7,-1.120914
8,-1.1910315
9,-1.3265145
