feature,relevance
0,-1.5345154
1,-2.562472
