feature,relevance
0,-1.0320725
1,-1.8262835
