feature,relevance
0,-2.588296
1,-4.0129647
