feature,relevance
0,-1.1625484
1,-2.1548223
