feature,relevance
0,-0.9614495
1,-1.802843
