feature,relevance
0,-2.840728
1,-3.8575063
