feature,relevance
0,-0.9958784
1,-1.9080747
