feature,relevance
0,-1.9577341
1,-3.1498253
