position,examination
0,0.0
1,1.2720653
2,0.87021923
3,0.5881841
4,0.33010817
5,0.15874529
6,0.024347305
7,-0.0986855
8,-0.15706158
9,-0.15472841
