position,examination
0,0.0
1,-0.7279347
2,-1.1297808
3,-1.4118159
4,-1.6698918
5,-1.8412547
6,-1.9756527
7,-2.0986855
8,-2.1570616
9,-2.1547284
