position,examination
0,0.0
1,0.27206528
2,-0.12978077
3,-0.41181588
4,-0.66989183
5,-0.8412547
6,-0.9756527
7,-1.0986855
8,-1.1570616
9,-1.1547284
