position,examination
0,0.0
1,2.2720652
2,1.8702192
3,1.5881841
4,1.3301082
5,1.1587453
6,1.0243473
7,0.9013145
8,0.8429384
9,0.8452716
