position,examination
0,0.0
1,-3.7279348
2,-4.129781
3,-4.4118156
4,-4.669892
5,-4.8412547
6,-4.9756527
7,-5.0986853
8,-5.1570616
9,-5.1547284
