position,examination
0,0.0
1,-1.7279347
2,-2.1297808
3,-2.411816
4,-2.6698918
5,-2.8412547
6,-2.9756527
7,-3.0986855
8,-3.1570616
9,-3.1547284
