position,examination
0,0.0
1,-2.7279348
2,-3.1297808
3,-3.411816
4,-3.6698918
5,-3.8412547
6,-3.9756527
7,-4.0986853
8,-4.1570616
9,-4.1547284
