feature,relevance
0,0.49269056
1,-4.164605
