feature,relevance
0,-0.3086136
1,-4.138757
