feature,relevance
0,0.38764694
1,-3.3357427
