feature,relevance
0,0.51689667
1,-1.8853831
