feature,relevance
0,0.46810415
1,-2.0257695
