feature,relevance
0,0.3983709
1,-2.3499396
