feature,relevance
0,0.4354649
1,-2.1288116
