feature,relevance
0,0.37017915
1,-2.7453976
