position,examination
0,0.0
1,-0.8015208
2,-1.1303543
3,-1.6268964
4,-1.8520525
5,-1.7780602
6,-1.8454854
7,-1.4346166
8,-0.5609175
9,-0.13153422
