feature,relevance
0,5.7313104
1,-4.646763
