position,examination
0,0.0
1,-0.6990477
2,-1.0767148
3,-1.3947048
4,-1.5808464
5,-1.811534
6,-1.8877316
7,-2.0269067
8,-2.1821015
9,-2.3042972
