position,examination
0,0.0
1,2.3009524
2,1.9232852
3,1.6052952
4,1.4191536
5,1.188466
6,1.1122684
7,0.9730933
8,0.8178985
9,0.6957028
