position,examination
0,0.0
1,-3.699048
2,-4.07671
3,-4.394702
4,-4.5808415
5,-4.8115306
6,-4.887727
7,-5.0269046
8,-5.1820984
9,-5.3042917
