position,examination
0,0.0
1,-2.699048
2,-3.0767102
3,-3.394702
4,-3.5808415
5,-3.8115306
6,-3.8877268
7,-4.0269046
8,-4.1820984
9,-4.3042917
