position,examination
0,0.0
1,1.3009523
2,0.92328525
3,0.6052952
4,0.41915357
5,0.18846595
6,0.11226845
7,-0.026906729
8,-0.18210149
9,-0.3042972
