position,examination
0,0.0
1,-0.69904804
2,-1.0767103
3,-1.394702
4,-1.5808417
5,-1.8115305
6,-1.8877269
7,-2.0269046
8,-2.1820984
9,-2.304292
