position,examination
0,0.0
1,-1.699048
2,-2.0767102
3,-2.394702
4,-2.5808415
5,-2.8115306
6,-2.8877268
7,-3.0269046
8,-3.1820984
9,-3.304292
