feature,relevance
0,-2.1079803
1,-3.7624533
