feature,relevance
0,-1.617835
1,-2.4457617
