feature,relevance
0,-1.5197967
1,-2.0663986
