feature,relevance
0,-1.3136101
1,-1.6851215
