feature,relevance
0,-1.3334122
1,-1.7295897
