feature,relevance
0,-2.1081991
1,-3.762599
