feature,relevance
0,-1.7250859
1,-3.0023518
