feature,relevance
0,-1.763234
1,-3.7281528
