position,examination
0,4.515188
1,2.262971
2,1.6664926
3,1.0823057
4,0.50152236
5,-0.183628
6,-1.0044696
7,-2.389071
8,-2.6368692
9,-3.7027998
