position,examination
0,0.51518846
1,0.75437486
2,0.4207969
3,0.13246389
4,-0.027477238
5,-0.13515599
6,-0.26957273
7,-0.42596462
8,-0.4477304
9,-0.57793576
