position,examination
0,1.5151885
1,0.79247016
2,0.42304653
3,0.111984454
4,-0.09531498
5,-0.31342426
6,-0.39557847
7,-0.5867831
8,-0.6511179
9,-0.79027784
