position,examination
0,3.5151885
1,1.5275371
2,1.0194315
3,0.4863519
4,0.09642892
5,-0.2712798
6,-0.6786946
7,-1.4516217
8,-1.6510043
9,-2.4886518
