position,examination
0,-1.4848115
1,0.92041373
2,0.6182588
3,0.3590451
4,0.19610766
5,0.07458027
6,-0.04580993
7,-0.21026723
8,-0.22098956
9,-0.30094615
