position,examination
0,-0.48481154
1,0.91084677
2,0.57460934
3,0.28909916
4,0.09758624
5,-0.04597809
6,-0.19165227
7,-0.3875042
8,-0.38685957
9,-0.44961494
