position,examination
0,2.5151885
1,1.0082712
2,0.6063367
3,0.17225488
4,-0.10771361
5,-0.34767035
6,-0.56874
7,-0.9144613
8,-0.984967
9,-1.3200929
