position,examination
0,0.0
1,-3.7251496
2,-4.0845184
3,-4.390485
4,-4.60765
5,-4.87338
6,-5.013316
7,-5.115607
8,-5.3101625
9,-5.0873566
