position,examination
0,0.0
1,2.2748477
2,1.9154813
3,1.6095129
4,1.3923497
5,1.1266196
6,0.9866829
7,0.88439274
8,0.6898353
9,0.91264224
