position,examination
0,0.0
1,-1.7251496
2,-2.0845182
3,-2.390485
4,-2.60765
5,-2.8733802
6,-3.0133162
7,-3.1156068
8,-3.3101628
9,-3.0873566
