position,examination
0,0.0
1,-0.72514963
2,-1.0845182
3,-1.390485
4,-1.60765
5,-1.8733802
6,-2.0133162
7,-2.1156068
8,-2.3101628
9,-2.0873566
