position,examination
0,0.0
1,1.2748477
2,0.9154813
3,0.6095129
4,0.39234972
5,0.12661958
6,-0.013317108
7,-0.11560726
8,-0.3101647
9,-0.08735776
