position,examination
0,0.0
1,0.27484775
2,-0.08451867
3,-0.39048707
4,-0.6076503
5,-0.8733804
6,-1.0133171
7,-1.1156073
8,-1.3101647
9,-1.0873578
