position,examination
0,0.0
1,-0.72515225
2,-1.0845187
3,-1.3904871
4,-1.6076503
5,-1.8733804
6,-2.013317
7,-2.1156073
8,-2.3101647
9,-2.0873578
