position,examination
0,0.0
1,-2.7251496
2,-3.0845182
3,-3.390485
4,-3.60765
5,-3.8733802
6,-4.013316
7,-4.115607
8,-4.3101625
9,-4.0873566
