feature,relevance
0,-1.2247322
1,-1.8228302
