feature,relevance
0,-1.3039973
1,-1.9498142
