feature,relevance
0,-1.7869022
1,-2.5731091
