feature,relevance
0,-1.5284226
1,-2.203272
