feature,relevance
0,-2.1925259
1,-3.1341875
