feature,relevance
0,-2.76865
1,-3.8560073
