feature,relevance
0,-2.3236356
1,-3.9717202
