feature,relevance
0,-2.3233209
1,-3.971831
