feature,relevance
0,-1.2478305
1,-1.8589343
