position,examination
0,2.117559
1,0.46674207
2,0.18467186
3,-0.3587738
4,-0.4512839
5,-0.34209558
6,-0.31316423
7,-0.37351334
8,-0.10617901
9,-0.036113735
