position,examination
0,4.117559
1,0.4785016
2,0.19658852
3,-0.34696046
4,-0.43946588
5,-0.33013028
6,-0.3013282
7,-0.36163145
8,-0.094576776
9,-0.025195418
