position,examination
0,1.117559
1,0.4886789
2,0.19252805
3,-0.33390123
4,-0.41939965
5,-0.3280407
6,-0.3089538
7,-0.31436655
8,-0.09474588
9,-0.009608808
