position,examination
0,-0.88244104
1,0.50200224
2,0.2202729
3,-0.32305276
4,-0.41555688
5,-0.30628407
6,-0.27747756
7,-0.33783096
8,-0.07090032
9,-0.0014724063
