position,examination
0,-1.882441
1,0.50225073
2,0.22042544
3,-0.32302213
4,-0.41552505
5,-0.3062161
6,-0.2774185
7,-0.33773974
8,-0.070743054
9,-0.0013578257
