position,examination
0,0.117558956
1,0.50118273
2,0.21975029
3,-0.32312104
4,-0.41563606
5,-0.30650675
6,-0.27767038
7,-0.33815488
8,-0.071599945
9,-0.001988813
