position,examination
0,3.117559
1,0.40853894
2,0.1265261
3,-0.41697755
4,-0.50949055
5,-0.40023148
6,-0.37134343
7,-0.43159884
8,-0.16456273
9,-0.094673194
