position,examination
0,0.0
1,-0.7239457
2,-1.1445429
3,-1.3928556
4,-1.6120586
5,-1.7788448
6,-1.9529805
7,-2.11347
8,-2.2048273
9,-2.3023386
