position,examination
0,0.0
1,-1.7251507
2,-2.0845191
3,-2.3904862
4,-2.6076498
5,-2.8733788
6,-3.0133162
7,-3.1156082
8,-3.310163
9,-3.087355
