position,examination
0,0.0
1,-3.7251506
2,-4.0845194
3,-4.3904862
4,-4.60765
5,-4.8733788
6,-5.013316
7,-5.115608
8,-5.310163
9,-5.0873547
