position,examination
0,0.0
1,2.2748494
2,1.9154809
3,1.6095138
4,1.3923502
5,1.1266214
6,0.98668385
7,0.8843918
8,0.689837
9,0.9126451
