position,examination
0,0.0
1,0.2748493
2,-0.08451915
3,-0.39048624
4,-0.6076498
5,-0.87337863
6,-1.0133162
7,-1.1156082
8,-1.310163
9,-1.0873549
