position,examination
0,0.0
1,-0.7251507
2,-1.0845191
3,-1.3904862
4,-1.6076498
5,-1.8733786
6,-2.0133162
7,-2.1156082
8,-2.310163
9,-2.087355
