position,examination
0,0.0
1,1.2748493
2,0.91548085
3,0.60951376
4,0.3923502
5,0.12662137
6,-0.0133161545
7,-0.115608215
8,-0.31016302
9,-0.0873549
