position,examination
0,0.0
1,-2.7251506
2,-3.0845191
3,-3.3904862
4,-3.6076498
5,-3.8733788
6,-4.013316
7,-4.115608
8,-4.310163
9,-4.0873547
