feature,relevance
0,-1.2251047
1,-1.8226029
