feature,relevance
0,-1.7866014
1,-2.5728698
