feature,relevance
0,-1.3044596
1,-1.9500462
