feature,relevance
0,-1.2102978
1,-1.9448576
