feature,relevance
0,-1.5283107
1,-2.2028632
