feature,relevance
0,-2.76882
1,-3.8562737
