feature,relevance
0,-2.1923935
1,-3.1343462
