feature,relevance
0,-2.3235545
1,-3.9716566
