position,examination
0,0.0
1,1.2741525
2,0.8782668
3,0.5809045
4,0.38633835
5,0.23319554
6,-0.014846802
7,-0.101872206
8,-0.23843479
9,-0.09432697
