position,examination
0,0.0
1,-3.7258475
2,-4.121733
3,-4.4190955
4,-4.613662
5,-4.7668047
6,-5.014847
7,-5.1018724
8,-5.238435
9,-5.094327
