position,examination
0,0.0
1,-2.7258475
2,-3.1217332
3,-3.4190955
4,-3.6136618
5,-3.7668045
6,-4.014847
7,-4.1018724
8,-4.238435
9,-4.094327
