position,examination
0,0.0
1,-0.7258475
2,-1.1217332
3,-1.4190955
4,-1.6136616
5,-1.7668045
6,-2.0148468
7,-2.1018722
8,-2.2384348
9,-2.094327
