position,examination
0,0.0
1,2.2741525
2,1.8782668
3,1.5809045
4,1.3863384
5,1.2331955
6,0.9851532
7,0.8981278
8,0.7615652
9,0.905673
