position,examination
0,0.0
1,0.27415252
2,-0.12173319
3,-0.41909552
4,-0.61366165
5,-0.76680446
6,-1.0148468
7,-1.1018722
8,-1.2384348
9,-1.094327
