position,examination
0,0.0
1,-1.7258475
2,-2.1217332
3,-2.4190955
4,-2.6136618
5,-2.7668045
6,-3.0148468
7,-3.1018722
8,-3.2384348
9,-3.094327
