feature,relevance
0,-2.3466916
1,-4.013646
