feature,relevance
0,-1.5419893
1,-2.6507335
