feature,relevance
0,-1.8992504
1,-3.2363267
