feature,relevance
0,-1.301968
1,-2.2673159
