feature,relevance
0,-1.1545736
1,-1.8633252
