feature,relevance
0,-1.2560742
1,-2.0210736
