feature,relevance
0,-1.1836112
1,-1.9095021
