feature,relevance
0,-2.1776626
1,-4.0772142
