position,examination
0,1.0600991
1,0.45473808
2,0.14992757
3,-0.22794254
4,-0.2703184
5,-0.16895321
6,-0.19072859
7,-0.24484226
8,-0.26383033
9,-0.2800478
