position,examination
0,4.060099
1,1.1828122
2,0.44539768
3,-0.4355475
4,-0.60191035
5,-0.53392166
6,-0.79423547
7,-1.0180322
8,-1.1028863
9,-1.1823769
