position,examination
0,0.060099125
1,0.4911086
2,0.2443403
3,-0.19027957
4,-0.24203344
5,-0.07668984
6,-0.089376055
7,-0.11052263
8,-0.051489376
9,-0.037762217
