position,examination
0,-1.9399009
1,0.7718851
2,0.5140727
3,-0.03768311
4,-0.09791421
5,0.14135616
6,0.09718937
7,0.013850548
8,0.2301969
9,0.28543583
