position,examination
0,3.0600991
1,1.5332
2,1.0006243
3,0.22003019
4,-0.30153164
5,-0.61277056
6,-1.0008364
7,-1.2411193
8,-1.301184
9,-1.3437638
