position,examination
0,2.0600991
1,0.52228606
2,0.16872703
3,-0.4263943
4,-0.47944605
5,-0.25463197
6,-0.31698406
7,-0.41608047
8,-0.4166189
9,-0.42468968
