position,examination
0,-0.9399009
1,0.6342017
2,0.3858697
3,-0.12932307
4,-0.18676838
5,0.032895364
6,0.0018107396
7,-0.053481515
8,0.10190338
9,0.13458243
