position,examination
0,-0.7696898
1,0.74314314
2,0.37762523
3,-0.16551103
4,-0.16496383
5,-0.09997952
6,-0.029066913
7,-0.11692466
8,-0.01000058
9,-0.0006300689
