position,examination
0,1.2303102
1,0.5193237
2,0.1415217
3,-0.29585084
4,-0.28129265
5,-0.31322548
6,-0.25215223
7,-0.28395888
8,-0.25819385
9,-0.19074258
