position,examination
0,2.2303102
1,0.50318414
2,0.07321395
3,-0.42601502
4,-0.4243174
5,-0.4063031
6,-0.32148302
7,-0.41232988
8,-0.40692583
9,-0.38894224
