position,examination
0,3.2303102
1,0.46607423
2,-0.0027933607
3,-0.52928495
4,-0.52602655
5,-0.51411885
6,-0.45437238
7,-0.5516504
8,-0.55891407
9,-0.52897114
