position,examination
0,4.2303104
1,0.25528646
2,-0.13672277
3,-0.68183756
4,-0.6801587
5,-0.6240418
6,-0.5527452
7,-0.6472405
8,-0.57026213
9,-0.55789137
