position,examination
0,0.0
1,-0.6864301
2,-1.0955974
3,-1.3599343
4,-1.5808145
5,-1.7597764
6,-1.938971
7,-2.0718136
8,-2.199766
9,-2.2937686
