feature,relevance
0,-0.07590171
1,0.45566413
