feature,relevance
0,0.96094394
1,0.33878964
