feature,relevance
0,-0.0035400987
1,0.41415817
