feature,relevance
0,0.67976487
1,0.36078507
