feature,relevance
0,0.88025177
1,0.22382675
