feature,relevance
0,0.586331
1,0.334839
