feature,relevance
0,-1.3165581
1,-1.5697664
