feature,relevance
0,1.4574555
1,0.2708331
