position,examination
0,-1.4985459
1,0.8822134
2,0.5855283
3,0.34562698
4,0.1867765
5,0.06327762
6,-0.05117149
7,-0.15848057
8,-0.19688572
9,-0.2507779
