position,examination
0,0.5014541
1,0.7492982
2,0.42941105
3,0.17495927
4,-0.01943911
5,-0.16718815
6,-0.3023631
7,-0.40409577
8,-0.47152075
9,-0.5419493
