position,examination
0,2.501454
1,1.0110945
2,0.59358567
3,0.214135
4,-0.08583425
5,-0.3456511
6,-0.6221707
7,-0.9000384
8,-1.035673
9,-1.2727644
