position,examination
0,-0.49854589
1,0.79452735
2,0.49231258
3,0.249338
4,0.07830142
5,-0.05242411
6,-0.17065543
7,-0.26938987
8,-0.31894788
9,-0.38143215
