position,examination
0,1.5014541
1,0.778488
2,0.4160201
3,0.10645953
4,-0.094881356
5,-0.26063406
6,-0.463768
7,-0.58806473
8,-0.6701904
9,-0.71992666
