position,examination
0,4.5014544
1,1.8538811
2,1.1405181
3,0.3100334
4,-0.27327386
5,-0.7270037
6,-1.2211055
7,-1.7142789
8,-1.7885361
9,-1.9414979
