position,examination
0,3.501454
1,1.4903541
2,0.9905652
3,0.47100228
4,0.07739752
5,-0.2831645
6,-0.84947145
7,-1.4555054
8,-1.7085924
9,-2.129773
