position,examination
0,0.038643256
1,1.9080293
2,0.31068715
3,-0.60592264
4,-0.62818354
5,-0.23426642
6,-0.5871482
7,-1.6503935
8,-0.19647753
9,1.6386473
