position,examination
0,2.9939086
1,0.5656753
2,0.117408566
3,-0.8321302
4,-0.8684715
5,-0.4152514
6,-0.806613
7,-1.8999338
8,-0.39378372
9,1.540696
