position,examination
0,0.34463432
1,0.80458164
2,0.3032823
3,-0.47194046
4,-0.4685282
5,-0.21547928
6,-0.4375157
7,-1.3027383
8,-0.0958895
9,1.531548
