position,examination
0,0.9939087
1,0.6646221
2,0.2167028
3,-0.5351786
4,-0.44060746
5,-0.35349014
6,-0.5583466
7,-1.1259562
8,-0.14947057
9,1.2781776
