position,examination
0,4.5064154
1,2.3042774
2,1.7156415
3,1.1601351
4,0.7897735
5,0.24701197
6,-1.0664176
7,-1.9385184
8,-3.4537952
9,-4.1521635
