position,examination
0,-1.4935844
1,0.90020597
2,0.565358
3,0.33218062
4,0.20016049
5,0.075705856
6,-0.06992782
7,-0.14429352
8,-0.22183987
9,-0.24503325
