position,examination
0,1.5064156
1,0.7996405
2,0.39302233
3,0.074114844
4,-0.09568961
5,-0.25480816
6,-0.48834318
7,-0.69804144
8,-0.68382
9,-0.55445933
