position,examination
0,2.5064156
1,1.067861
2,0.56570774
3,0.16833308
4,-0.070810646
5,-0.30847433
6,-0.66186446
7,-0.81444305
8,-1.1063592
9,-1.2813456
