position,examination
0,1.5200771
1,0.8044062
2,0.40054822
3,0.06585435
4,-0.058255006
5,-0.25485578
6,-0.45530784
7,-0.55855006
8,-0.68581307
9,-0.7858019
