position,examination
0,3.5064156
1,1.3936952
2,0.73025197
3,0.16121931
4,-0.16688861
5,-0.51576835
6,-0.9660083
7,-1.2039183
8,-1.4046477
9,-1.417065
