position,examination
0,-0.4935844
1,0.8185232
2,0.47439462
3,0.21924272
4,0.1039797
5,-0.028259201
6,-0.18659171
7,-0.27818024
8,-0.34827033
9,-0.3608677
