position,examination
0,0.5064156
1,0.7593648
2,0.39801207
3,0.11411147
4,0.0060265544
5,-0.14689113
6,-0.30334198
7,-0.38147452
8,-0.47293487
9,-0.53367853
