position,examination
0,0.0
1,-0.6573913
2,-1.1158823
3,-1.3874961
4,-1.593073
5,-1.8240411
6,-1.9350854
7,-2.0638497
8,-2.1393657
9,-2.2028692
