feature,relevance
0,-2.282677
1,-3.8762376
