position,examination
0,0.42928022
1,-0.08312337
2,-0.110874906
3,1.3240225
4,-0.29105443
5,-0.38888907
6,-0.3605151
7,-0.52631426
8,-0.7152477
9,-0.85479796
