position,examination
0,2.491791
1,-1.1953825
2,2.493608
3,-0.57892275
4,-4.147193
5,-1.2454306
6,0.16327678
7,-1.2071975
8,-1.2110921
9,0.5415854
