position,examination
0,4.6812415
1,-0.8336522
2,-0.9819923
3,0.22399496
4,-0.74133337
5,0.13193922
6,-3.0511935
7,0.50788665
8,0.63975126
9,0.82480735
