position,examination
0,0.51518846
1,0.72678334
2,0.38963234
3,0.14674263
4,-0.0030313584
5,-0.19069265
6,-0.28642568
7,-0.37375084
8,-0.46148074
9,-0.51543236
