position,examination
0,2.5151885
1,1.0253155
2,0.5818374
3,0.22597419
4,-0.09328822
5,-0.35806224
6,-0.59750503
7,-0.86682355
8,-1.057821
9,-1.315041
