position,examination
0,4.515188
1,2.381872
2,1.8656771
3,1.4392359
4,0.8892398
5,0.44008914
6,0.0043946123
7,-1.2253213
8,-3.25966
9,-6.939047
