position,examination
0,0.0
1,1.3019876
2,0.8523059
3,0.57578444
4,0.37397337
5,0.24272966
6,0.26954508
7,0.37513888
8,0.52819324
9,0.45623922
