position,examination
0,0.0
1,0.3019876
2,-0.14769411
3,-0.42421556
4,-0.62602663
5,-0.75727034
6,-0.7304549
7,-0.6248611
8,-0.47180676
9,-0.5437608
