position,examination
0,0.0
1,2.3019876
2,1.8523059
3,1.5757844
4,1.3739734
5,1.2427297
6,1.2695451
7,1.3751389
8,1.5281932
9,1.4562392
