position,examination
0,0.0
1,-1.6980124
2,-2.147694
3,-2.4242156
4,-2.6260266
5,-2.7572703
6,-2.730455
7,-2.6248612
8,-2.4718068
9,-2.5437608
