position,examination
0,0.0
1,-0.6980124
2,-1.1476941
3,-1.4242156
4,-1.6260266
5,-1.7572703
6,-1.7304549
7,-1.6248611
8,-1.4718068
9,-1.5437608
