position,examination
0,0.0
1,-3.6980124
2,-4.147694
3,-4.4242153
4,-4.6260266
5,-4.7572703
6,-4.730455
7,-4.6248612
8,-4.4718065
9,-4.543761
