position,examination
0,0.0
1,-2.6980124
2,-3.147694
3,-3.4242156
4,-3.6260266
5,-3.7572703
6,-3.730455
7,-3.6248612
8,-3.4718068
9,-3.5437608
