feature,relevance
0,-1.7436905
1,-2.684407
