feature,relevance
0,-3.253441
1,-4.2659035
