feature,relevance
0,-1.765106
1,-2.7594197
