feature,relevance
0,-1.8286312
1,-2.7755184
