feature,relevance
0,-1.6945207
1,-2.5880332
