feature,relevance
0,-1.8104638
1,-2.8175101
