feature,relevance
0,-1.7613796
1,-2.735693
