feature,relevance
0,24.768105
1,-2.7976143
