position,examination
0,0.0
1,0.032744348
2,-0.35690725
3,-0.71938825
4,-0.94475746
5,-1.053864
6,-0.63202083
7,-0.37022233
8,0.42347372
9,0.94191813
