position,examination
0,0.0
1,-0.96725565
2,-1.3569072
3,-1.7193882
4,-1.9447575
5,-2.053864
6,-1.6320208
7,-1.3702223
8,-0.5765263
9,-0.058081865
