position,examination
0,0.0
1,1.0327444
2,0.64309275
3,0.28061175
4,0.05524254
5,-0.053864002
6,0.36797917
7,0.62977767
8,1.4234737
9,1.9419181
