position,examination
0,0.0
1,2.0327444
2,1.6430928
3,1.2806118
4,1.0552425
5,0.946136
6,1.3679792
7,1.6297777
8,2.4234738
9,2.9419181
