feature,relevance
0,-2.2230215
1,-3.832723
