feature,relevance
0,-3.094167
1,-4.7722745
