feature,relevance
0,-2.0261998
1,-3.828597
