feature,relevance
0,-2.2149854
1,-3.5265427
