position,examination
0,0.0
1,-0.7017844
2,-1.1288346
3,-1.4046249
4,-1.6036611
5,-1.790805
6,-1.9565803
7,-2.1047702
8,-2.2371228
9,-2.2949064
