feature,relevance
0,0.71120846
1,0.4285064
