feature,relevance
0,-1.2050399
1,-1.5418962
