position,examination
0,1.5064156
1,0.80338025
2,0.40014505
3,0.06595743
4,-0.057618327
5,-0.25386602
6,-0.45343015
7,-0.55641776
8,-0.6829175
9,-0.7829302
