position,examination
0,-1.4935844
1,0.9315544
2,0.59656435
3,0.34556392
4,0.21993248
5,0.087675266
6,-0.08690414
7,-0.20925549
8,-0.2567117
9,-0.22820045
