position,examination
0,4.5064154
1,2.2025998
2,1.6110142
3,1.0425153
4,0.60321194
5,-0.105972745
6,-1.3907802
7,-2.0553033
8,-2.969666
9,-3.3251271
