position,examination
0,0.5064156
1,0.7593735
2,0.3980297
3,0.11413359
4,0.006045575
5,-0.1468839
6,-0.30333823
7,-0.38147086
8,-0.47292462
9,-0.53366727
