position,examination
0,0.0
1,-0.6067412
2,-0.96402
3,-1.2652222
4,-1.4457663
5,-1.6034981
6,-1.7552931
7,-1.8994032
8,-1.9978707
9,-2.0748394
10,-2.191951
11,-2.2768116
12,-2.3184416
13,-2.4016001
14,-2.4788148
15,-2.528451
16,-2.619886
17,-2.6309319
18,-2.6874619
19,-2.7439063
20,-2.7653887
21,-2.8473046
22,-2.9001706
23,-2.9177356
24,-2.999
