position,examination
0,0.0
1,-0.6588349
2,-1.0434732
3,-1.353144
4,-1.5884118
5,-1.8447274
6,-1.9740636
7,-2.0940719
8,-2.203517
9,-2.286704
