position,examination
0,0.0
1,0.34116513
2,-0.043473244
3,-0.35314405
4,-0.5884118
5,-0.8447274
6,-0.97406363
7,-1.0940719
8,-1.203517
9,-1.2867041
