position,examination
0,0.0
1,1.3411651
2,0.95652676
3,0.64685595
4,0.4115882
5,0.1552726
6,0.025936365
7,-0.094071865
8,-0.20351696
9,-0.28670406
