position,examination
0,0.0
1,-3.658835
2,-4.0434732
3,-4.353144
4,-4.588412
5,-4.8447275
6,-4.974064
7,-5.094072
8,-5.203517
9,-5.286704
