position,examination
0,0.0
1,2.341165
2,1.9565268
3,1.646856
4,1.4115882
5,1.1552726
6,1.0259364
7,0.90592813
8,0.79648304
9,0.71329594
