position,examination
0,0.0
1,-1.6588349
2,-2.0434732
3,-2.3531442
4,-2.5884118
5,-2.8447275
6,-2.9740636
7,-3.0940719
8,-3.203517
9,-3.286704
