position,examination
0,0.0
1,-2.658835
2,-3.0434732
3,-3.3531442
4,-3.5884118
5,-3.8447275
6,-3.9740636
7,-4.094072
8,-4.203517
9,-4.286704
