feature,relevance
0,-0.7973892
1,-1.8786699
