feature,relevance
0,-2.4475763
1,-3.998959
