feature,relevance
0,-1.5318341
1,-2.6719775
