feature,relevance
0,-2.386325
1,-3.926422
