feature,relevance
0,-2.1373703
1,-2.1552896
