feature,relevance
0,-1.1874256
1,-2.2182963
