feature,relevance
0,-0.8840865
1,-1.9770973
