feature,relevance
0,-1.7838806
1,-3.3108916
