position,examination
0,1.5014541
1,0.790979
2,0.44231954
3,0.10973783
4,0.026549177
5,-0.2998933
6,-0.45494565
7,-0.5740477
8,-0.69119215
9,-0.83900446
