position,examination
0,2.501454
1,1.0498873
2,0.56975037
3,0.19077413
4,-0.10951539
5,-0.39595494
6,-0.6130723
7,-0.82631385
8,-1.0642356
9,-1.2480943
