position,examination
0,-0.49854589
1,0.8204543
2,0.495118
3,0.24786308
4,0.055309854
5,-0.05973758
6,-0.15168579
7,-0.26938337
8,-0.30992138
9,-0.41234103
