position,examination
0,3.501454
1,1.5802819
2,1.0386561
3,0.5751718
4,0.18042816
5,-0.24078874
6,-0.6091531
7,-1.0254453
8,-1.682408
9,-3.2268143
