position,examination
0,1.1222194
1,0.3001475
2,-0.13818537
3,-0.22376728
4,-0.46389672
5,-0.6149661
6,-0.42755014
7,-0.12782712
8,0.25996047
9,0.3124681
