position,examination
0,2.1222196
1,0.3063593
2,-0.17124195
3,-0.35789335
4,-0.5949678
5,-0.68540674
6,-0.675345
7,-0.26308388
8,0.13994938
9,0.2172369
