position,examination
0,-1.8777806
1,0.47428957
2,-0.0021715092
3,-0.19866522
4,-0.42843765
5,-0.5151679
6,-0.53200847
7,-0.103495985
8,0.31997368
9,0.39812756
