position,examination
0,3.1222196
1,0.19248945
2,-0.2857475
3,-0.48098782
4,-0.7124791
5,-0.7998005
6,-0.81163234
7,-0.38737684
8,0.030037887
9,0.108016595
