position,examination
0,0.12221944
1,0.5374735
2,0.06389732
3,-0.13090014
4,-0.36252415
5,-0.44722834
6,-0.46123776
7,-0.036761694
8,0.3783958
9,0.46145728
