position,examination
0,1.1222194
1,0.41470087
2,-0.061780147
3,-0.25828588
4,-0.4879203
5,-0.5748181
6,-0.59169805
7,-0.16322218
8,0.26063436
9,0.33845493
