position,examination
0,0.0
1,-0.6817517
2,-1.0736802
3,-1.349285
4,-1.6627973
5,-1.8550396
6,-1.9627572
7,-2.0322447
8,-2.209733
9,-2.2608557
