feature,relevance
0,-1.7558553
1,-4.0711355
