position,examination
0,0.0
1,0.3045988
2,-0.09582889
3,-0.39583707
4,-0.658159
5,-0.8433757
6,-0.97900796
7,-1.0945103
8,-1.1761625
9,-1.2889502
