position,examination
0,0.0
1,-0.6954012
2,-1.0958289
3,-1.3958371
4,-1.658159
5,-1.8433757
6,-1.979008
7,-2.0945103
8,-2.1761625
9,-2.2889502
