position,examination
0,0.0
1,-1.6954012
2,-2.095829
3,-2.395837
4,-2.658159
5,-2.8433757
6,-2.979008
7,-3.0945103
8,-3.1761625
9,-3.2889502
