position,examination
0,0.0
1,2.3045988
2,1.9041711
3,1.6041629
4,1.341841
5,1.1566243
6,1.020992
7,0.9054897
8,0.8238375
9,0.7110498
