position,examination
0,0.0
1,1.3045988
2,0.9041711
3,0.60416293
4,0.34184098
5,0.15662432
6,0.02099204
7,-0.09451032
8,-0.17616248
9,-0.2889502
