position,examination
0,0.0
1,-3.6954012
2,-4.095829
3,-4.395837
4,-4.6581593
5,-4.8433757
6,-4.9790077
7,-5.09451
8,-5.1761627
9,-5.28895
