position,examination
0,0.0
1,-2.6954012
2,-3.095829
3,-3.395837
4,-3.658159
5,-3.8433757
6,-3.979008
7,-4.09451
8,-4.1761627
9,-4.28895
