feature,relevance
0,-1.0657445
1,-2.1580262
