feature,relevance
0,-2.2107465
1,-3.9772112
