feature,relevance
0,-1.8997276
1,-3.195122
