feature,relevance
0,-0.7150575
1,-1.7977296
