feature,relevance
0,-0.75509197
1,-1.8262725
