feature,relevance
0,-0.8363607
1,-1.932436
