feature,relevance
0,-1.4183328
1,-2.5796587
