feature,relevance
0,-2.6589897
1,-3.8726206
