position,examination
0,0.0
1,-0.6809292
2,-1.0897286
3,-1.3767322
4,-1.59999
5,-1.7748742
6,-1.9258971
7,-2.0704963
8,-2.1795316
9,-2.0805433
