feature,relevance
0,0.77882415
1,-2.7110445
