position,examination
0,0.0
1,-0.6183953
2,-0.9769117
3,-1.2526045
4,-1.4527249
5,-1.6533864
6,-1.7688732
7,-1.8871611
8,-2.0099857
9,-2.1232555
10,-2.1766026
11,-2.286767
12,-2.3483398
13,-2.4300935
14,-2.4722834
15,-2.5584393
16,-2.6288528
17,-2.673945
18,-2.7024379
19,-2.746012
20,-2.7945907
21,-2.8429246
22,-2.8704705
23,-2.9373212
24,-2.9812608
