position,examination
0,1.511122
1,0.7817033
2,0.41322047
3,0.07758192
4,-0.13993923
5,-0.24009165
6,-0.43935233
7,-0.72032493
8,-0.62430257
9,-0.6207195
