position,examination
0,0.0
1,-0.6183158
2,-0.97687656
3,-1.2525613
4,-1.452683
5,-1.6533536
6,-1.768836
7,-1.8871386
8,-2.0099623
9,-2.123203
10,-2.1766047
11,-2.2867634
12,-2.348339
13,-2.4300952
14,-2.472313
15,-2.5584595
16,-2.6288154
17,-2.673973
18,-2.702435
19,-2.7460213
20,-2.794589
21,-2.8429193
22,-2.8704543
23,-2.9372978
24,-2.981224
