position,examination
0,0.0
1,-0.63204074
2,-0.9848611
3,-1.2519889
4,-1.4466159
5,-1.5898165
6,-1.7521763
7,-1.874336
8,-2.0210369
9,-2.0996203
10,-2.184166
11,-2.27709
12,-2.3430238
13,-2.393493
14,-2.5116186
15,-2.5474105
16,-2.6135976
17,-2.6649988
18,-2.7216911
19,-2.7932222
20,-2.8239524
21,-2.8328352
22,-2.8896801
23,-2.938654
24,-2.9815135
