position,examination
0,0.0
1,-0.67982686
2,-0.996755
3,-1.5018599
4,-1.6381154
5,-1.7504616
6,-1.7259989
7,-1.33262
8,-0.35008168
9,0.16087723
