position,examination
0,0.0
1,-1.6797659
2,-1.9967358
3,-2.5018497
4,-2.6381168
5,-2.7505333
6,-2.7260127
7,-2.3327136
8,-1.3501914
9,-0.8391765
