position,examination
0,0.0
1,1.3202094
2,1.0032363
3,0.4981277
4,0.36185718
5,0.24945009
6,0.2740035
7,0.6673019
8,1.6497755
9,2.160801
