position,examination
0,0.0
1,0.32020938
2,0.0032363534
3,-0.5018723
4,-0.6381428
5,-0.7505499
6,-0.7259965
7,-0.3326981
8,0.64977545
9,1.1608009
