position,examination
0,0.0
1,-0.6797659
2,-0.9967359
3,-1.5018497
4,-1.638117
5,-1.7505333
6,-1.7260127
7,-1.3327136
8,-0.35019135
9,0.16082352
