position,examination
0,0.0
1,-0.6797906
2,-0.99676365
3,-1.5018723
4,-1.6381428
5,-1.7505499
6,-1.7259965
7,-1.3326981
8,-0.35022455
9,0.160801
