position,examination
0,0.0
1,-3.679766
2,-3.9967358
3,-4.5018497
4,-4.638117
5,-4.750533
6,-4.7260127
7,-4.3327136
8,-3.3501914
9,-2.8391764
