position,examination
0,0.0
1,-2.679766
2,-2.9967358
3,-3.5018497
4,-3.6381168
5,-3.7505333
6,-3.7260127
7,-3.3327136
8,-2.3501914
9,-1.8391764
