position,examination
0,0.0
1,2.3202095
2,2.0032363
3,1.4981277
4,1.3618572
5,1.2494501
6,1.2740035
7,1.6673019
8,2.6497755
9,3.160801
