feature,relevance
0,5.868666
1,-4.184496
