feature,relevance
0,7.687659
1,-4.864075
