feature,relevance
0,7.6937423
1,-4.864878
