feature,relevance
0,2.9420607
1,-3.9344451
