feature,relevance
0,7.689663
1,-4.8644443
