feature,relevance
0,-3.313929
1,-3.9879158
