feature,relevance
0,1.8579625
1,-3.9020844
