feature,relevance
0,4.0129657
1,-3.9771116
