feature,relevance
0,25.813429
1,-3.926992
