feature,relevance
0,-4.703736
1,-4.002492
