position,examination
0,0.0
1,-2.8316083
2,-3.3821092
3,-3.906194
4,-4.0623107
5,-3.931882
6,-3.6563466
7,-3.1921878
8,-2.2178757
9,-1.9535989
