position,examination
0,0.0
1,-1.8316082
2,-2.3821092
3,-2.906194
4,-3.0623107
5,-2.931882
6,-2.6563466
7,-2.1921878
8,-1.2178757
9,-0.95359886
