position,examination
0,0.0
1,-0.8316082
2,-1.3821092
3,-1.906194
4,-2.0623107
5,-1.9318819
6,-1.6563466
7,-1.1921878
8,-0.21787578
9,0.046401143
