position,examination
0,0.0
1,-3.8316083
2,-4.382109
3,-4.9061937
4,-5.0623107
5,-4.931882
6,-4.6563463
7,-4.192188
8,-3.2178757
9,-2.953599
