feature,relevance
0,-2.789967
1,-3.499821
