feature,relevance
0,-1.8892393
1,-3.735956
