feature,relevance
0,-2.0635974
1,-3.55478
