feature,relevance
0,-2.7184887
1,-4.6301203
