feature,relevance
0,-2.8312407
1,-3.5187917
