position,examination
0,0.0
1,-0.6245394
2,-1.0135354
3,-1.269839
4,-1.4808425
5,-1.653042
6,-1.7628525
7,-1.9304869
8,-1.9941784
9,-2.1505597
10,-2.201306
11,-2.2909427
12,-2.3768122
13,-2.4198635
14,-2.5027823
15,-2.5507429
16,-2.6001856
17,-2.6717567
18,-2.7122273
19,-2.7788086
20,-2.835476
21,-2.875578
22,-2.8987372
23,-2.9588277
24,-2.9843252
