position,examination
0,0.0
1,-0.71407247
2,-1.0948548
3,-1.3599099
4,-1.600062
5,-1.7852924
6,-1.954384
7,-2.0670083
8,-2.1853256
9,-2.275425
