feature,relevance
0,0.6823658
1,0.17204657
