feature,relevance
0,0.89708585
1,0.43755874
