feature,relevance
0,1.3277258
1,0.61624146
