feature,relevance
0,-1.1612834
1,-1.4957256
