position,examination
0,0.0
1,-0.73405766
2,-1.061524
3,-1.3923701
4,-1.6070443
5,-1.890108
6,-2.057666
7,-2.090025
8,-2.2642348
9,-1.7221037
