feature,relevance
0,0.22884662
1,-3.7076585
