position,examination
0,0.0
1,0.9461827
2,0.48159322
3,-0.55046546
4,-0.6049367
5,-0.091454804
6,-0.5259725
7,-1.7000302
8,-0.07914007
9,2.0018382
