feature,relevance
0,6.1430087
1,-3.9540436
