feature,relevance
0,3.7535963
1,-1.9491261
