feature,relevance
0,3.0527637
1,0.060769096
