feature,relevance
0,3.248804
1,-0.9470715
