feature,relevance
0,3.209661
1,1.0928046
