feature,relevance
0,5.8698654
1,-4.906298
