feature,relevance
0,3.6020353
1,-1.6586463
