feature,relevance
0,4.9131784
1,-2.9518893
