position,examination
0,0.0
1,2.1683903
2,1.617888
3,1.0938036
4,0.93768597
5,1.0681156
6,1.3436575
7,1.8078103
8,2.7821128
9,3.0463982
