position,examination
0,0.0
1,-0.8316098
2,-1.382112
3,-1.9061964
4,-2.062314
5,-1.9318844
6,-1.6563425
7,-1.1921897
8,-0.2178871
9,0.046398282
