position,examination
0,0.0
1,0.16839021
2,-0.38211203
3,-0.90619636
4,-1.062314
5,-0.9318844
6,-0.6563425
7,-0.1921897
8,0.7821129
9,1.0463983
