position,examination
0,0.0
1,1.1683903
2,0.617888
3,0.093803644
4,-0.062314034
5,0.06811559
6,0.3436575
7,0.8078103
8,1.7821128
9,2.0463982
