feature,relevance
0,-2.7184634
1,-4.630225
