feature,relevance
0,-2.0906074
1,-3.4309554
