feature,relevance
0,-1.9357135
1,-3.6067555
