feature,relevance
0,-2.3821228
1,-3.5928538
