position,examination
0,0.0
1,-0.68185425
2,-1.0685409
3,-1.3614671
4,-1.5723127
5,-1.7314656
6,-1.8952057
7,-2.030025
8,-2.1388483
9,-2.2533956
10,-2.3423057
11,-2.4505873
12,-2.5214367
13,-2.5924993
14,-2.6135795
15,-2.704867
16,-2.7744749
17,-2.8313742
18,-2.9008648
19,-2.9237869
20,-2.9848566
21,-3.0110672
22,-3.0660293
23,-3.0947523
24,-3.1646237
