position,examination
0,0.0
1,-0.68531257
2,-1.1124852
3,-1.4176004
4,-1.6139286
5,-0.89698076
6,-1.332663
7,-2.509516
8,-0.88466597
9,1.2007382
