feature,relevance
0,0.7296321
1,0.64878875
