feature,relevance
0,0.16394427
1,-0.20665595
