feature,relevance
0,0.56561774
1,0.43212634
