feature,relevance
0,-0.281415
1,-0.32219076
