feature,relevance
0,0.18057847
1,-0.048920788
