feature,relevance
0,0.3699782
1,0.18541285
