feature,relevance
0,-0.1507969
1,-0.33705032
