feature,relevance
0,0.8770875
1,0.79135096
