position,examination
0,-0.2748763
1,3.9080293
2,0.113224804
3,-0.83713603
4,-0.875093
5,-0.41439286
6,-0.8172642
7,-1.9247131
8,-0.4030342
9,1.5292389
