position,examination
0,-2.0060914
1,1.0488849
2,0.63411933
3,-0.22602588
4,-0.25707084
5,0.14570008
6,-0.18912609
7,-1.2790467
8,0.19044767
9,1.9366361
