position,examination
0,0.33922797
1,-2.0919707
2,0.79084855
3,-0.15877311
4,-0.20699759
5,0.25593162
6,-0.13404797
7,-1.2560114
8,0.27950823
9,2.1804583
