position,examination
0,-1.6795043
1,0.70516765
2,0.22255349
3,-0.021629894
4,-0.18197812
5,-0.20946562
6,-0.114701346
7,-0.2137205
8,-0.2283081
9,-0.22964384
