position,examination
0,4.3204956
1,0.28357384
2,-0.20560512
3,-0.4610271
4,-0.622781
5,-0.65584904
6,-0.57153434
7,-0.6806385
8,-0.6845554
9,-0.69270474
