position,examination
0,-0.6795043
1,0.7026932
2,0.2202779
3,-0.023736298
4,-0.1841257
5,-0.21163298
6,-0.11680425
7,-0.21605003
8,-0.23074052
9,-0.23212834
