position,examination
0,0.32049572
1,0.67870396
2,0.21815743
3,-0.030227166
4,-0.18617956
5,-0.2194994
6,-0.13271818
7,-0.2342694
8,-0.22969007
9,-0.23352626
