position,examination
0,2.3204956
1,0.50474346
2,0.030160349
3,-0.23913808
4,-0.39905405
5,-0.43699798
6,-0.35979077
7,-0.47549796
8,-0.45263484
9,-0.47383162
