position,examination
0,3.3204956
1,0.47387227
2,-0.008599744
3,-0.2528478
4,-0.41320607
5,-0.44082844
6,-0.34600344
7,-0.44505602
8,-0.45998812
9,-0.46086362
