position,examination
0,1.3204957
1,0.5894252
2,0.13183539
3,-0.146871
4,-0.27860728
5,-0.33714777
6,-0.2708002
7,-0.36082563
8,-0.31971377
9,-0.32020363
