position,examination
0,2.082714
1,0.31229866
2,-0.018959247
3,-0.47032517
4,-0.6668791
5,-0.6510484
6,-0.7498408
7,-0.53025204
8,0.2558714
9,0.4803222
