position,examination
0,-0.9172859
1,0.6121831
2,0.27452305
3,-0.15846033
4,-0.36944333
5,-0.3386143
6,-0.44836918
7,-0.23805618
8,0.55458254
9,0.7926675
