position,examination
0,-1.9172859
1,0.53420115
2,0.1949503
3,-0.23780552
4,-0.44930568
5,-0.418067
6,-0.52856106
7,-0.31794164
8,0.47820535
9,0.71498984
