position,examination
0,3.082714
1,0.21408346
2,-0.122990005
3,-0.5774326
4,-0.7744304
5,-0.7585456
6,-0.8571121
7,-0.6458565
8,0.11691474
9,0.35145706
