position,examination
0,0.08271408
1,0.49412075
2,0.18022828
3,-0.25773472
4,-0.44912666
5,-0.43411914
6,-0.53076166
7,-0.3142831
8,0.46532983
9,0.71521336
