position,examination
0,4.082714
1,0.0962222
2,-0.24323906
3,-0.6863339
4,-0.8917011
5,-0.86728835
6,-0.9720209
7,-0.76349306
8,0.012187113
9,0.25147983
