position,examination
0,1.0827141
1,0.41750523
2,0.07800391
3,-0.35475364
4,-0.5663323
5,-0.5350196
6,-0.64550227
7,-0.43510172
8,0.36166283
9,0.59797114
