position,examination
0,1.0827141
1,0.37644807
2,0.07160443
3,-0.40549788
4,-0.53425455
5,-0.5721966
6,-0.615778
7,-0.4012028
8,0.3608649
9,0.6347692
