position,examination
0,0.0
1,-0.920395
2,-1.3141911
3,-1.533802
4,-1.7474409
5,-1.819351
6,-1.4698472
7,-1.5161058
8,-1.3075837
9,0.56629616
