feature,relevance
0,-2.9299967
1,0.24923328
