feature,relevance
0,-1.2972771
1,0.25014386
