feature,relevance
0,-1.6584506
1,0.23582892
