position,examination
0,0.0
1,-4.492646
2,-4.302897
3,-5.1638975
4,-5.228582
5,-5.1823225
6,-4.60356
7,-4.140876
8,-3.1363826
9,-2.6020484
