position,examination
0,0.0
1,0.507354
2,0.697103
3,-0.16389751
4,-0.2285819
5,-0.18232226
6,0.39644003
7,0.85912395
8,1.8636174
9,2.3979516
