position,examination
0,0.0
1,-1.492646
2,-1.302897
3,-2.1638975
4,-2.228582
5,-2.1823223
6,-1.60356
7,-1.140876
8,-0.13638258
9,0.3979516
