position,examination
0,0.0
1,1.507354
2,1.697103
3,0.8361025
4,0.7714181
5,0.81767774
6,1.39644
7,1.859124
8,2.8636174
9,3.3979516
