position,examination
0,0.0
1,-3.492646
2,-3.302897
3,-4.1638975
4,-4.228582
5,-4.1823225
6,-3.60356
7,-3.140876
8,-2.1363826
9,-1.6020484
