position,examination
0,0.0
1,-2.492646
2,-2.302897
3,-3.1638975
4,-3.228582
5,-3.1823223
6,-2.60356
7,-2.140876
8,-1.1363826
9,-0.6020484
