position,examination
0,0.0
1,-0.49264598
2,-0.30289698
3,-1.1638975
4,-1.2285819
5,-1.1823223
6,-0.60356
7,-0.14087605
8,0.8636174
9,1.3979516
