feature,relevance
0,269.43723
1,-3.802763
