feature,relevance
0,171.36119
1,-3.673149
