feature,relevance
0,-3.7649417
1,-3.7657664
