feature,relevance
0,316.75638
1,-3.6533277
