feature,relevance
0,506.60287
1,-3.684053
