feature,relevance
0,203.23618
1,-3.6512725
