position,examination
0,0.0
1,-0.71624494
2,-1.1114914
3,-1.3998
4,-1.6722481
5,-1.8105968
6,-1.7831285
7,-1.7178365
8,-1.7107484
9,-1.8163992
