feature,relevance
0,-3.6718247
1,-4.1551194
