{"relevance_64":-1.4906030893325806,"relevance_63":0.16272205114364624,"relevance_40":-0.05578896403312683,"relevance_86":0.020123066380620003,"relevance_23":0.10566817224025726,"relevance_1":0.11088896542787552,"relevance_93":0.0782320499420166,"epoch":0,"relevance_70":0.17042212188243866,"relevance_11":-0.016349641606211662,"relevance_39":-1.4830684661865234,"relevance_38":0.07116363942623138,"relevance_24":-1.4513036012649536,"relevance_52":-0.017117010429501534,"relevance_82":-0.01298134308308363,"relevance_71":0.0540676973760128,"relevance_59":-0.6257113218307495,"train/nll":0.4787091016769409,"relevance_61":-0.15617012977600098,"relevance_96":0.026508815586566925,"relevance_21":-0.020275382325053215,"relevance_76":-0.08233805745840073,"relevance_60":0.021130390465259552,"relevance_34":-1.430006742477417,"relevance_26":0.15122130513191223,"relevance_35":0.14535336196422577,"relevance_42":0.024861980229616165,"relevance_56":0.06952141970396042,"relevance_44":-0.633743941783905,"train/loss":0.4786413908004761,"relevance_2":-0.024914110079407692,"relevance_94":-1.3545446395874023,"_wandb":{"runtime":192},"test/loss":0.34628018736839294,"relevance_10":-0.12264636904001236,"relevance_88":0.08785749226808548,"relevance_8":0.15981726348400116,"relevance_5":-0.22579587996006012,"relevance_90":-0.026971835643053055,"relevance_37":-0.03888970613479614,"relevance_98":0.0753529891371727,"relevance_20":-0.1649109125137329,"relevance_66":0.08990335464477539,"relevance_51":-0.13152159750461578,"relevance_4":-1.3227863311767578,"relevance_68":0.0028554662130773067,"relevance_7":-0.07686895877122879,"test/nll":0.34628018736839294,"relevance_27":0.20073768496513367,"relevance_45":-0.13036595284938812,"relevance_33":-0.050473567098379135,"relevance_12":0.19791129231452942,"relevance_43":-0.17999891936779022,"relevance_14":-1.3644481897354126,"relevance_87":-0.035510145127773285,"relevance_69":1.4237310886383057,"relevance_99":-1.3051867485046387,"relevance_16":-0.07353680580854416,"relevance_73":-0.142613485455513,"relevance_31":-0.061486948281526566,"relevance_47":-0.12507779896259308,"relevance_41":0.07431027293205261,"relevance_54":-0.1730303019285202,"_runtime":192,"train_loss":0.4786413908004761,"relevance_62":-0.03145046532154083,"val/loss":0.3465036451816559,"relevance_84":-0.6040219068527222,"_step":2,"relevance_92":0.08310013264417648,"relevance_30":-0.07588548958301544,"relevance_79":-1.1676843166351318,"relevance_78":-0.10762888938188553,"relevance_9":-1.4784374237060547,"relevance_25":-0.10389989614486694,"relevance_28":0.10088425129652023,"relevance_91":0.08595732599496841,"relevance_49":-1.1805453300476074,"relevance_32":0.1301625818014145,"_timestamp":1.7585310839955454e+09,"relevance_18":0.09649807214736938,"relevance_36":0.004792152903974056,"relevance_57":0.030625885352492332,"relevance_46":0.042356446385383606,"relevance_67":0.015623833984136581,"relevance_6":-0.15188705921173096,"relevance_74":-1.547082781791687,"relevance_80":-0.10558338463306427,"relevance_81":-0.10902167111635208,"relevance_75":0.029186274856328964,"relevance_3":0.08850543946027756,"relevance_77":0.05616651475429535,"relevance_50":0.010189882479608059,"relevance_58":0.14860133826732635,"relevance_17":0.004776775371283293,"relevance_95":0.004833633545786142,"relevance_29":-1.3695555925369263,"relevance_48":0.21887089312076569,"relevance_13":-0.05156392231583595,"relevance_0":-0.05337820574641228,"val/nll":0.3465036451816559,"relevance_19":-1.4275869131088257,"relevance_85":0.06253913044929504,"relevance_15":0.1798093318939209,"val_loss":0.3465036451816559,"relevance_72":-0.03390113636851311,"relevance_65":0.06334637850522995,"relevance_89":-1.2116767168045044,"relevance_22":0.10937339812517166,"relevance_83":-0.015972701832652092,"relevance_97":-0.047750793397426605,"relevance_53":0.01812635362148285,"relevance_55":-0.0977596789598465}