feature,relevance
0,1.1025048
1,0.44972932
