feature,relevance
0,0.63186085
1,0.472338
