position,examination
0,0.0
1,-0.6650262
2,-1.1162823
3,-1.376455
4,-1.5990595
5,-1.8212073
6,-1.9296654
7,-2.0924265
8,-2.139318
9,-2.208966
