position,examination
0,0.0
1,-0.665026
2,-1.1162817
3,-1.3764523
4,-1.5990632
5,-1.8212072
6,-1.9296687
7,-2.0924246
8,-2.1393209
9,-2.208949
