position,examination
0,0.0
1,1.3349726
2,0.88371694
3,0.6235447
4,0.40093982
5,0.17879236
6,0.0703336
7,-0.09242725
8,-0.1393187
9,-0.20896626
