position,examination
0,0.0
1,-0.66502744
2,-1.116283
3,-1.3764553
4,-1.5990602
5,-1.8212076
6,-1.9296664
7,-2.0924273
8,-2.1393187
9,-2.2089663
