position,examination
0,0.0
1,-1.6650262
2,-2.1162825
3,-2.3764548
4,-2.5990596
5,-2.8212073
6,-2.9296656
7,-3.0924265
8,-3.139318
9,-3.208966
