position,examination
0,0.0
1,-3.6650262
2,-4.1162825
3,-4.376455
4,-4.5990596
5,-4.821207
6,-4.9296656
7,-5.0924263
8,-5.139318
9,-5.2089663
