position,examination
0,0.0
1,2.3349726
2,1.883717
3,1.6235447
4,1.4009398
5,1.1787924
6,1.0703336
7,0.90757275
8,0.8606813
9,0.79103374
