position,examination
0,0.0
1,-2.6650262
2,-3.1162825
3,-3.3764548
4,-3.5990596
5,-3.8212073
6,-3.9296656
7,-4.0924263
8,-4.139318
9,-4.2089663
