position,examination
0,0.0
1,0.33497256
2,-0.11628306
3,-0.3764553
4,-0.5990602
5,-0.82120764
6,-0.9296664
7,-1.0924273
8,-1.1393187
9,-1.2089663
