feature,relevance
0,-2.3279743
1,-3.8277364
