feature,relevance
0,0.07957594
1,-1.820565
