feature,relevance
0,-2.5767107
1,-3.7980137
