feature,relevance
0,-0.65408045
1,-1.9268132
