feature,relevance
0,-1.1222514
1,-2.3467772
