feature,relevance
0,-2.3253894
1,-3.828622
