feature,relevance
0,-1.7147365
1,-3.0177257
