feature,relevance
0,-1.4475721
1,-2.8483808
