feature,relevance
0,-2.3278222
1,-3.827887
