feature,relevance
0,-0.04962006
1,-1.9454689
