position,examination
0,0.0
1,-0.8918195
2,-1.4229989
3,-1.8313456
4,-2.1381176
5,-2.4173303
6,-2.6396136
7,-2.8354127
8,-3.0122583
9,-3.1690636
10,-3.3260198
11,-3.4531348
12,-3.5497513
13,-3.675476
14,-3.786421
15,-3.862862
16,-3.9556334
17,-4.0955825
18,-4.125086
19,-4.226101
20,-4.2612762
21,-4.3929005
22,-4.4492793
23,-4.497043
24,-4.568697
