position,examination
0,0.0
1,-0.71215105
2,-1.1287591
3,-1.3673604
4,-1.6264298
5,-1.8269233
6,-1.9581864
7,-2.0676317
8,-2.1858947
9,-2.2807474
