position,examination
0,0.0
1,-1.1513985
2,-1.5770949
3,-1.744098
4,-2.1015987
5,-2.164765
6,-1.5947044
7,-1.1664342
8,-0.40122485
9,-0.36791968
