position,examination
0,0.0
1,0.84860146
2,0.4229051
3,0.25590205
4,-0.10159874
5,-0.16476488
6,0.4052956
7,0.83356583
8,1.5987751
9,1.6320803
