position,examination
0,0.0
1,-2.1513987
2,-2.577095
3,-2.744098
4,-3.1015987
5,-3.164765
6,-2.5947044
7,-2.1664343
8,-1.4012249
9,-1.3679197
