position,examination
0,0.0
1,-0.15139854
2,-0.5770949
3,-0.74409795
4,-1.1015987
5,-1.1647649
6,-0.5947044
7,-0.16643417
8,0.59877515
9,0.6320803
