position,examination
0,0.0
1,-4.1513987
2,-4.577095
3,-4.7440977
4,-5.1015987
5,-5.164765
6,-4.5947046
7,-4.1664343
8,-3.4012249
9,-3.3679197
