position,examination
0,0.0
1,1.8486015
2,1.4229051
3,1.255902
4,0.89840126
5,0.8352351
6,1.4052956
7,1.8335658
8,2.5987751
9,2.6320803
