position,examination
0,0.0
1,-3.1513987
2,-3.577095
3,-3.744098
4,-4.1015987
5,-4.164765
6,-3.5947044
7,-3.1664343
8,-2.4012249
9,-2.3679197
