feature,relevance
0,-2.928114
1,-3.890969
