feature,relevance
0,-2.9972093
1,-3.9523752
