feature,relevance
0,-3.7240927
1,-5.0732856
