feature,relevance
0,-2.9539418
1,-3.8919344
