feature,relevance
0,-2.907423
1,-3.916776
