feature,relevance
0,-2.9081779
1,-3.9818327
