feature,relevance
0,-2.916442
1,-3.9571893
