feature,relevance
0,-2.91773
1,-3.9812884
