feature,relevance
0,0.19544248
1,0.43499976
