feature,relevance
0,0.51453024
1,0.275532
