feature,relevance
0,-0.90054166
1,-1.6052843
