position,examination
0,0.0
1,-3.7149122
2,-4.115005
3,-4.4140515
4,-4.5924506
5,-4.775224
6,-4.995586
7,-5.0736713
8,-5.2434835
9,-5.0181446
