position,examination
0,0.0
1,1.2850878
2,0.8849951
3,0.58594847
4,0.4075495
5,0.22477591
6,0.0044139624
7,-0.0736711
8,-0.2434833
9,-0.018144846
