position,examination
0,0.0
1,2.2850878
2,1.8849951
3,1.5859485
4,1.4075495
5,1.2247759
6,1.004414
7,0.9263289
8,0.7565167
9,0.98185515
