position,examination
0,0.0
1,-0.7149122
2,-1.1150049
3,-1.4140515
4,-1.5924505
5,-1.7752241
6,-1.995586
7,-2.073671
8,-2.2434833
9,-2.0181448
