position,examination
0,0.0
1,0.28508782
2,-0.1150049
3,-0.41405153
4,-0.5924505
5,-0.7752241
6,-0.99558604
7,-1.0736711
8,-1.2434833
9,-1.0181448
