position,examination
0,0.0
1,-1.7149122
2,-2.115005
3,-2.4140515
4,-2.5924506
5,-2.7752242
6,-2.995586
7,-3.073671
8,-3.2434833
9,-3.0181448
