position,examination
0,0.0
1,-2.7149122
2,-3.115005
3,-3.4140515
4,-3.5924506
5,-3.7752242
6,-3.995586
7,-4.0736713
8,-4.2434835
9,-4.0181446
