feature,relevance
0,-1.5554688
1,-2.1799173
