feature,relevance
0,-1.4132508
1,-1.9501219
