feature,relevance
0,-1.3515693
1,-1.8422168
