feature,relevance
0,-2.8008394
1,-3.995473
