feature,relevance
0,-2.254151
1,-3.1989295
