feature,relevance
0,-1.3272798
1,-1.7971723
