feature,relevance
0,-1.829638
1,-2.5861266
