feature,relevance
0,-2.21084
1,-3.9456813
