position,examination
0,1.3834941
1,0.21639982
2,-0.1550672
3,-0.32683438
4,-0.7111825
5,-0.78853357
6,-0.50108546
7,-0.18705806
8,0.44149712
9,0.6285525
