position,examination
0,-1.6165059
1,0.5972622
2,0.34920335
3,-0.22905757
4,-0.024343712
5,-0.1191108
6,-0.9575186
7,-0.43827254
8,1.1036552
9,1.3269743
