position,examination
0,0.52216685
1,0.7558352
2,0.4108024
3,0.16691609
4,-0.0051237643
5,-0.17838103
6,-0.29836708
7,-0.3873263
8,-0.47379103
9,-0.5523993
