position,examination
0,-0.47783315
1,0.77432925
2,0.47255284
3,0.24261896
4,0.086529315
5,-0.060392354
6,-0.17744614
7,-0.1922082
8,-0.34641245
9,-0.39438888
