position,examination
0,3.5221667
1,1.5179883
2,0.9981423
3,0.55988246
4,0.17011444
5,-0.31822872
6,-0.82197773
7,-1.2754133
8,-1.8506291
9,-2.3975186
