position,examination
0,2.5221667
1,1.0573697
2,0.57560927
3,0.19470872
4,-0.106906645
5,-0.39757445
6,-0.61732876
7,-0.8349335
8,-1.0776567
9,-1.264163
