position,examination
0,4.5221667
1,2.5118194
2,1.9978006
3,1.547683
4,1.198875
5,0.7345339
6,0.23357198
7,-0.21477959
8,-0.8942272
9,-11.522219
