position,examination
0,1.5221668
1,0.79987985
2,0.4092324
3,0.1572606
4,-0.09837674
5,-0.28842947
6,-0.42652074
7,-0.5338225
8,-0.72654474
9,-0.82028586
