position,examination
0,-1.4778332
1,0.8885758
2,0.55870986
3,0.34343988
4,0.15800828
5,0.06920064
6,-0.055950608
7,-0.0903814
8,-0.21402074
9,-0.27808335
