position,examination
0,1.562057
1,0.7597721
2,0.35012814
3,0.078601815
4,-0.11540449
5,-0.27049166
6,-0.40096113
7,-0.54009044
8,-0.6640211
9,-0.7637245
