position,examination
0,0.0
1,-0.70505273
2,-1.0748687
3,-1.360786
4,-1.6062753
5,-1.8023609
6,-1.9607068
7,-2.1262984
8,-2.1755824
9,-2.2691689
