feature,relevance
0,-0.5911083
1,-3.9968026
