position,examination
0,0.0
1,-0.706331
2,-1.1081469
3,-1.375294
4,-1.6179284
5,-1.7814597
6,-1.9555069
7,-2.091904
8,-2.179707
9,-2.2947366
