feature,relevance
0,-1.0557475
1,-1.6089003
