feature,relevance
0,0.33864313
1,0.41423804
