feature,relevance
0,0.99651957
1,0.2840789
