feature,relevance
0,0.9613451
1,0.3188157
