position,examination
0,2.3834941
1,0.27836752
2,-0.12508407
3,-0.009601684
4,-0.70229465
5,-0.67842644
6,-0.35021657
7,-0.56991285
8,-0.12821077
9,-0.09597885
