position,examination
0,0.38349408
1,0.6127597
2,0.24955428
3,-0.38311666
4,-0.46308064
5,-0.39601043
6,-0.9107534
7,-0.49002767
8,0.580539
9,0.8124102
