position,examination
0,-2.6165059
1,0.96414816
2,0.65253705
3,-0.12202634
4,-0.09890789
5,0.114680305
6,-0.6092626
7,-0.7757053
8,0.9086568
9,1.5705214
