position,examination
0,3.3834941
1,0.48328683
2,0.02702574
3,-0.78445566
4,-0.93613976
5,-0.5975661
6,-0.97944355
7,-1.4830724
8,0.16540998
9,0.7435305
