position,examination
0,-0.6165059
1,0.38995272
2,0.115331754
3,-0.26737052
4,-0.13240351
5,-0.347246
6,-1.1542844
7,-0.036860064
8,0.99292743
9,1.0545623
