position,examination
0,0.0
1,-0.6342603
2,-1.008481
3,-1.267772
4,-1.4756823
5,-1.6452031
6,-1.7765687
7,-1.9143822
8,-2.0149155
9,-2.1194043
10,-2.1876812
11,-2.2616425
12,-2.3718252
13,-2.430201
14,-2.4925258
15,-2.5898
16,-2.6180682
17,-2.6614962
18,-2.7091172
19,-2.7223692
20,-2.816966
21,-2.8945575
22,-2.877818
23,-2.9100294
24,-2.9947212
