position,examination
0,0.0
1,1.2812176
2,0.8934238
3,0.5736829
4,0.3769257
5,0.14298046
6,0.056399584
7,-0.047540426
8,-0.24804139
9,-0.18759942
