position,examination
0,0.0
1,0.28121758
2,-0.106576204
3,-0.4263171
4,-0.6230743
5,-0.85701954
6,-0.9436004
7,-1.0475404
8,-1.2480414
9,-1.1875994
