position,examination
0,0.0
1,2.2812176
2,1.8934238
3,1.5736829
4,1.3769257
5,1.1429805
6,1.0563996
7,0.9524596
8,0.7519586
9,0.8124006
