position,examination
0,0.0
1,-3.7187839
2,-4.106578
3,-4.4263186
4,-4.6230745
5,-4.85702
6,-4.9436007
7,-5.0475416
8,-5.248043
9,-5.1876
