position,examination
0,0.0
1,-2.7187839
2,-3.1065776
3,-3.4263186
4,-3.6230748
5,-3.85702
6,-3.943601
7,-4.0475416
8,-4.248043
9,-4.1876
