position,examination
0,0.0
1,-1.7187837
2,-2.1065776
3,-2.4263186
4,-2.6230748
5,-2.85702
6,-2.943601
7,-3.0475419
8,-3.248043
9,-3.1876001
