position,examination
0,0.0
1,-0.71878374
2,-1.1065776
3,-1.4263185
4,-1.6230748
5,-1.8570198
6,-1.9436009
7,-2.0475419
8,-2.248043
9,-2.1876001
