position,examination
0,0.0
1,-0.7187824
2,-1.1065762
3,-1.4263171
4,-1.6230743
5,-1.8570195
6,-1.9436004
7,-2.0475404
8,-2.2480414
9,-2.1875994
