feature,relevance
0,1.9146663
1,-1.8573254
