feature,relevance
0,1.8966756
1,-2.0716288
