feature,relevance
0,1.964809
1,-2.4421797
