feature,relevance
0,1.9679273
1,-1.7083659
