feature,relevance
0,2.2153406
1,-2.9834323
