feature,relevance
0,1.0872625
1,-3.9082797
