feature,relevance
0,1.0870184
1,-3.9082162
