feature,relevance
0,2.6926498
1,-3.6691957
