feature,relevance
0,1.9472812
1,-1.7522969
