position,examination
0,-1.5058395
1,0.8985974
2,0.44823188
3,0.16606505
4,-0.07082376
5,-0.2287461
6,-0.38716733
7,-0.5593495
8,-0.61733216
9,-0.60627174
