position,examination
0,1.4941605
1,0.8417425
2,0.38972276
3,0.10688381
4,-0.13017257
5,-0.2882449
6,-0.44677213
7,-0.6189932
8,-0.6769504
9,-0.66588384
