position,examination
0,4.4941607
1,0.7271879
2,0.27418453
3,-0.008591527
4,-0.24640906
5,-0.40441805
6,-0.56317496
7,-0.73525864
8,-0.79316384
9,-0.7824147
