position,examination
0,-0.50583947
1,0.9797472
2,0.5530005
3,0.3466137
4,0.0904267
5,-0.07242972
6,-0.21786825
7,-0.37104467
8,-0.4280445
9,-0.453418
