position,examination
0,3.4941607
1,0.65891
2,0.1999346
3,-0.08034648
4,-0.3221252
5,-0.48190334
6,-0.64098305
7,-0.81155837
8,-0.8699844
9,-0.8620648
