position,examination
0,0.50124717
1,0.7828273
2,0.46164986
3,0.10607425
4,-0.10869068
5,-0.32466656
6,-0.49749398
7,-0.7885298
8,-0.6311805
9,-0.3814355
