position,examination
0,3.5012472
1,0.76070285
2,0.43733934
3,0.076480314
4,-0.143694
5,-0.36568692
6,-0.5390503
7,-0.8385209
8,-0.6786844
9,-0.42100975
