position,examination
0,1.5012472
1,0.7796443
2,0.44227222
3,0.08459979
4,-0.10210966
5,-0.3336576
6,-0.52667594
7,-0.80835706
8,-0.65187067
9,-0.41029227
