position,examination
0,-1.4987528
1,0.79019725
2,0.46947026
3,0.1122143
4,-0.1056222
5,-0.32430786
6,-0.49723396
7,-0.79408807
8,-0.6350224
9,-0.3798659
