position,examination
0,-0.49875283
1,0.7854706
2,0.4640764
3,0.106241725
4,-0.11147384
5,-0.32983288
6,-0.5025507
7,-0.7978269
8,-0.6393189
9,-0.385406
