position,examination
0,0.0
1,-0.6993206
2,-1.0008243
3,-1.109329
4,-1.1490846
5,-1.1953082
6,-0.92740023
7,-0.84580564
8,-0.9624746
9,-1.0580953
