feature,relevance
0,-0.628922
1,-0.3268277
