feature,relevance
0,0.55047923
1,-0.3736593
