feature,relevance
0,-0.23426612
1,-0.36515048
