feature,relevance
0,-0.8453937
1,-1.071349
