feature,relevance
0,-0.7945435
1,-0.2543379
