feature,relevance
0,-1.011481
1,-0.33172983
