feature,relevance
0,-1.0633266
1,-0.30665255
