feature,relevance
0,-0.4018294
1,-0.31260076
