position,examination
0,1.5104083
1,0.81566685
2,0.41992426
3,0.09421357
4,-0.103793785
5,-0.3503256
6,-0.44191507
7,-0.65819365
8,-0.65763015
9,-0.67093265
