position,examination
0,2.5104084
1,0.8502848
2,0.39126644
3,0.067038625
4,-0.20981671
5,-0.4729304
6,-0.5987022
7,-0.82439125
8,-0.8066334
9,-0.83764446
