position,examination
0,0.5104083
1,0.855995
2,0.49723652
3,0.22598827
4,0.0020272809
5,-0.22219153
6,-0.32864463
7,-0.52961665
8,-0.5235085
9,-0.5388095
