position,examination
0,3.5104084
1,0.69700766
2,0.31976306
3,-0.03399489
4,-0.20687968
5,-0.44683114
6,-0.5439137
7,-0.7682761
8,-0.7841791
9,-0.7654206
