position,examination
0,3.5142274
1,1.3824856
2,0.7886978
3,0.2271951
4,-0.19706942
5,-0.48050132
6,-0.96276253
7,-1.2604516
8,-1.4318564
9,-1.4590162
