position,examination
0,4.5142274
1,1.7855974
2,0.9247756
3,0.142425
4,-0.37359998
5,-0.69484955
6,-1.2111619
7,-1.5415437
8,-1.6951557
9,-1.6981671
