position,examination
0,-1.4857727
1,1.0638103
2,0.69939804
3,0.4027027
4,0.21195923
5,0.095462896
6,-0.13284718
7,-0.33115664
8,-0.3468062
9,-0.27161995
