position,examination
0,2.5142274
1,0.9117894
2,0.42003635
3,0.03779958
4,-0.20810696
5,-0.3569311
6,-0.641344
7,-0.84064734
8,-0.90571034
9,-0.8675096
