position,examination
0,0.5142273
1,0.8000255
2,0.4379899
3,0.16871074
4,-0.012710663
5,-0.11799184
6,-0.32895944
7,-0.47769046
8,-0.5285905
9,-0.5059508
