position,examination
0,0.0
1,-0.71544915
2,-1.1303487
3,-1.4130502
4,-1.6258187
5,-1.8339455
6,-1.9852488
7,-2.1039264
8,-2.2381363
9,-2.3238072
