position,examination
0,0.0
1,-0.6795274
2,-1.0961614
3,-1.3857571
4,-1.6196871
5,-1.8103486
6,-1.931205
7,-2.059239
8,-2.1781986
9,-2.1824825
