feature,relevance
0,4.0378313
1,-3.8505464
