position,examination
0,0.39165077
1,-0.09197068
2,0.45561
3,-0.25055984
4,-0.4595466
5,-0.035966717
6,-0.32403246
7,-1.297377
8,0.059053663
9,1.5489694
