position,examination
0,-0.0060913097
1,0.9080293
2,0.46534014
3,-0.49833307
4,-0.5462425
5,-0.070645764
6,-0.473193
7,-1.5978621
8,-0.053330176
9,1.8731364
