position,examination
0,0.0
1,-3.8335235
2,-4.2836437
3,-4.483459
4,-4.593981
5,-5.044665
6,-4.6494255
7,-4.439291
8,-3.810215
9,-3.557046
