position,examination
0,0.0
1,-2.8335235
2,-3.2836437
3,-3.483459
4,-3.5939806
5,-4.044665
6,-3.6494255
7,-3.439291
8,-2.810215
9,-2.557046
