position,examination
0,0.0
1,-1.8335235
2,-2.2836437
3,-2.483459
4,-2.5939806
5,-3.0446649
6,-2.6494255
7,-2.439291
8,-1.8102149
9,-1.5570459
