position,examination
0,0.0
1,-0.8335235
2,-1.2836437
3,-1.483459
4,-1.5939806
5,-2.0446649
6,-1.6494256
7,-1.4392909
8,-0.8102149
9,-0.55704594
