feature,relevance
0,-2.4420652
1,-3.3880928
