feature,relevance
0,-1.4132897
1,-3.4919872
