feature,relevance
0,-1.6637677
1,-3.3357558
