feature,relevance
0,-2.541065
1,-3.3509238
