feature,relevance
0,-2.7961195
1,-4.638255
