position,examination
0,0.0
1,0.08361453
2,-0.3026253
3,-0.5645802
4,-0.90906477
5,-0.99540305
6,-0.640054
7,-0.18707633
8,0.32401633
9,0.3878625
