position,examination
0,0.0
1,2.0836146
2,1.6973747
3,1.4354198
4,1.0909352
5,1.004597
6,1.359946
7,1.8129237
8,2.3240163
9,2.3878624
