position,examination
0,0.0
1,-3.9163854
2,-4.302625
3,-4.56458
4,-4.909065
5,-4.9954033
6,-4.6400537
7,-4.1870766
8,-3.6759837
9,-3.6121376
