position,examination
0,0.0
1,-0.9163855
2,-1.3026253
3,-1.5645802
4,-1.9090648
5,-1.995403
6,-1.640054
7,-1.1870763
8,-0.67598367
9,-0.6121375
