position,examination
0,0.0
1,-1.9163854
2,-2.3026252
3,-2.5645802
4,-2.9090648
5,-2.995403
6,-2.640054
7,-2.1870763
8,-1.6759837
9,-1.6121376
