position,examination
0,0.0
1,-2.9163854
2,-3.3026252
3,-3.5645802
4,-3.9090648
5,-3.995403
6,-3.640054
7,-3.1870763
8,-2.6759837
9,-2.6121376
