position,examination
0,0.0
1,1.0836146
2,0.6973747
3,0.4354198
4,0.09093523
5,0.0045969486
6,0.359946
7,0.81292367
8,1.3240163
9,1.3878624
