feature,relevance
0,-2.7066262
1,-3.7455218
