feature,relevance
0,-2.6894925
1,-3.6386836
