feature,relevance
0,-2.814661
1,-3.7502592
