feature,relevance
0,-2.7884395
1,-3.7864983
