feature,relevance
0,-3.8967054
1,-4.8734546
