feature,relevance
0,-2.7744293
1,-3.7993128
