feature,relevance
0,-2.7381253
1,-3.705599
