feature,relevance
0,-2.7226286
1,-3.7847643
