position,examination
0,0.0
1,-0.6785641
2,-1.0709496
3,-1.4074522
4,-1.6551228
5,-1.787825
6,-2.0267103
7,-2.145078
8,-2.2485907
9,-1.9433295
