feature,relevance
0,4.827129
1,-3.7563882
