position,examination
0,0.0
1,-0.73072416
2,-1.104213
3,-1.4277841
4,-1.5829722
5,-1.848263
6,-1.9699509
7,-2.1589222
8,-2.2228508
9,-2.3282645
