feature,relevance
0,-2.8669543
1,-3.9271853
