position,examination
0,0.0
1,-1.7039418
2,-1.9898512
3,-2.308481
4,-2.6322923
5,-2.815001
6,-2.955887
7,-3.0992248
8,-3.069904
9,-3.223399
