position,examination
0,0.0
1,-0.7039418
2,-0.98985124
3,-1.308481
4,-1.6322923
5,-1.815001
6,-1.9558871
7,-2.0992248
8,-2.069904
9,-2.223399
