position,examination
0,0.0
1,0.29605818
2,0.010148764
3,-0.30848098
4,-0.6322923
5,-0.815001
6,-0.9558871
7,-1.0992248
8,-1.0699041
9,-1.2233989
