position,examination
0,0.0
1,-3.7039418
2,-3.9898512
3,-4.308481
4,-4.6322923
5,-4.815001
6,-4.955887
7,-5.099225
8,-5.0699043
9,-5.223399
