position,examination
0,0.0
1,2.2960582
2,2.0101488
3,1.691519
4,1.3677077
5,1.184999
6,1.0441129
7,0.9007752
8,0.9300959
9,0.7766011
