position,examination
0,0.0
1,1.2960582
2,1.0101488
3,0.691519
4,0.36770773
5,0.18499899
6,0.04411292
7,-0.099224806
8,-0.06990409
9,-0.22339892
