position,examination
0,0.0
1,-2.7039418
2,-2.9898512
3,-3.308481
4,-3.6322923
5,-3.815001
6,-3.955887
7,-4.099225
8,-4.0699043
9,-4.223399
