feature,relevance
0,0.46415418
1,-4.098343
