feature,relevance
0,-0.14454332
1,-1.790192
