feature,relevance
0,-1.1835394
1,-2.3340476
