feature,relevance
0,1.1956458
1,-2.4843495
