feature,relevance
0,2.2754836
1,-3.07669
