feature,relevance
0,1.3497007
1,-2.102946
