feature,relevance
0,-0.14836244
1,-1.8227353
