feature,relevance
0,-0.19405136
1,-1.8980714
