position,examination
0,-0.108524024
1,0.5731957
2,0.26342136
3,-0.3154653
4,-0.42536318
5,-0.26407665
6,-0.4977038
7,-0.66053265
8,0.5610301
9,0.85809875
