position,examination
0,3.891476
1,0.17142864
2,-0.14662912
3,-0.777221
4,-0.88155
5,-0.7091125
6,-0.9599875
7,-1.154294
8,0.13105418
9,0.45456007
