position,examination
0,2.891476
1,0.2976462
2,-0.044345483
3,-0.6604014
4,-0.76991904
5,-0.60532004
6,-0.8454687
7,-1.0118262
8,0.23874633
9,0.5356316
