position,examination
0,-1.1085241
1,0.5629954
2,0.2359429
3,-0.15765947
4,-0.28752646
5,-0.19196086
6,-0.34974623
7,-0.3276565
8,0.63871574
9,0.96239597
