position,examination
0,0.891476
1,0.48818076
2,0.18273316
3,-0.4514222
4,-0.55346215
5,-0.37853462
6,-0.6302648
7,-0.8326757
8,0.4759091
9,0.8089667
