position,examination
0,0.891476
1,0.34941295
2,-0.18874227
3,-0.2795935
4,-0.48623616
5,-0.5552533
6,-0.5023682
7,-0.2459863
8,0.3926143
9,0.622308
