position,examination
0,0.0
1,-0.67590046
2,-1.0924234
3,-1.3719677
4,-1.6471379
5,-1.812429
6,-1.8976686
7,-2.0583844
8,-2.198618
9,-2.2096932
