feature,relevance
0,7.2713623
1,-3.6601584
