position,examination
0,1.4738822
1,0.78053623
2,0.41828984
3,0.07308988
4,-0.12375999
5,-0.24874638
6,-0.4568424
7,-0.83820677
8,-0.6464021
9,-0.4392806
