position,examination
0,1.4738822
1,0.78150505
2,0.4278293
3,0.04495222
4,-0.14531583
5,-0.24981917
6,-0.44741598
7,-0.9081152
8,-0.60646087
9,-0.36789125
