position,examination
0,3.4738822
1,1.2628787
2,0.5102032
3,0.07917256
4,-0.21428277
5,-0.5772162
6,-0.8609244
7,-1.32965
8,-1.2123847
9,-1.013591
