position,examination
0,0.4738822
1,0.83559847
2,0.4800396
3,0.15597193
4,-0.01821981
5,-0.14256972
6,-0.31533027
7,-0.73986423
8,-0.4942413
9,-0.29015863
