position,examination
0,-0.5261178
1,0.96831065
2,0.6197215
3,0.26737806
4,0.083743066
5,-0.029469553
6,-0.21665446
7,-0.6659359
8,-0.3819399
9,-0.15709233
