position,examination
0,4.473882
1,0.5749003
2,0.21567526
3,-0.16691756
4,-0.35731506
5,-0.46469474
6,-0.6609353
7,-1.1220893
8,-0.8207624
9,-0.5824019
