position,examination
0,0.0
1,-0.67871785
2,-1.0596201
3,-1.4002028
4,-1.6098243
5,-1.8264734
6,-1.9201379
7,-2.1201162
8,-2.1817002
9,-2.0337014
