feature,relevance
0,1.0182244
1,-4.0041757
