position,examination
0,1.6351472
1,-2.1648288
2,0.65570676
3,0.39226216
4,0.21272333
5,0.070056506
6,-0.072629206
7,-0.19069305
8,-0.2731843
9,-0.33483988
