position,examination
0,1.7331842
1,1.0892035
2,-2.5676715
3,0.4477872
4,0.24157833
5,0.07677339
6,-0.086892836
7,-0.23849674
8,-0.33998835
9,-0.4012341
