position,examination
0,2.0395386
1,1.2381996
2,2.4323285
3,0.3194884
4,-0.022265099
5,-0.37115484
6,-0.7687608
7,-1.2207758
8,-1.6016309
9,-1.9171226
