position,examination
0,1.5073296
1,0.85077417
2,0.44198096
3,0.13250875
4,-0.117017195
5,-0.25925305
6,-0.4175429
7,-0.6216799
8,-0.71267325
9,-0.797045
