position,examination
0,1.5221134
1,0.8789655
2,-0.56767154
3,0.21001846
4,-0.0068608215
5,-0.14767002
6,-0.29515406
7,-0.45655414
8,-0.54152066
9,-0.6156058
