position,examination
0,-1.4826317
1,0.91746515
2,0.56818736
3,0.34978998
4,0.2051636
5,0.037573114
6,-0.04824991
7,-0.16175354
8,-0.2493226
9,-0.25139973
