position,examination
0,4.505049
1,2.566525
2,2.0358198
3,1.5616747
4,1.0839964
5,0.70168257
6,0.09526344
7,-1.089647
8,-4.191719
9,-7.1309004
