position,examination
0,2.735651
1,1.8746377
2,3.4279609
3,0.789314
4,0.30461022
5,-0.47121593
6,-1.1377215
7,-1.9720025
8,-2.6463206
9,-2.768277
