position,examination
0,2.2030535
1,2.8338995
2,0.8368258
3,0.4122953
4,0.031774532
5,-0.47491318
6,-0.8437288
7,-1.3171352
8,-1.7402625
9,-1.8284848
