position,examination
0,1.6205578
1,0.96408355
2,-1.5720391
3,0.30246264
4,0.1277956
5,-0.079082035
6,-0.18832532
7,-0.32498485
8,-0.43517178
9,-0.4487118
