position,examination
0,1.6639606
1,0.9385368
2,1.4279609
3,0.12127426
4,-0.11936232
5,-0.4253279
6,-0.6114594
7,-0.83637434
8,-1.0407293
9,-1.0735319
