position,examination
0,1.6563041
1,-2.1661005
2,0.64270395
3,0.39834544
4,0.2328834
5,0.039020877
6,-0.06538416
7,-0.19955724
8,-0.30393726
9,-0.3032687
