position,examination
0,4.5173683
1,2.4953425
2,1.912041
3,1.4192553
4,0.98255223
5,0.25144592
6,-0.7078798
7,-2.4227858
8,-3.9730763
9,-4.333774
