position,examination
0,1.7378622
1,1.8338995
2,0.49483025
3,0.16371293
4,-0.088162966
5,-0.41306594
6,-0.61408883
7,-0.859554
8,-1.0845573
9,-1.1206905
