position,examination
0,1.5651019
1,-1.1661005
2,0.5266843
3,0.28221
4,0.1165743
5,-0.07800804
6,-0.17875603
7,-0.30527142
8,-0.40651533
9,-0.41983432
