position,examination
0,1.5375484
1,0.8556066
2,0.4019507
3,0.13163428
4,-0.067925476
5,-0.3068544
6,-0.44909343
7,-0.603481
8,-0.74349314
9,-0.75932
