position,examination
0,1.6274697
1,0.9139564
2,1.4323285
3,0.10372139
4,-0.17979357
5,-0.38496804
6,-0.6072328
7,-0.82741827
8,-0.95868456
9,-1.0646923
