position,examination
0,3.5173683
1,1.6503954
2,1.1024705
3,0.65908825
4,0.25880548
5,-0.26390886
6,-0.7132985
7,-1.4516956
8,-2.209683
9,-2.424736
