position,examination
0,0.5050492
1,0.7882759
2,0.42437145
3,0.16401902
4,-0.033697747
5,-0.15457903
6,-0.27886823
7,-0.4226253
8,-0.49205703
9,-0.55393344
