position,examination
0,2.5050492
1,1.0607272
2,0.580502
3,0.18122503
4,-0.13914074
5,-0.3783198
6,-0.6392398
7,-0.8883366
8,-1.0401282
9,-1.160149
