position,examination
0,1.5173683
1,0.8338995
2,0.4279608
3,0.12320596
4,-0.08204614
5,-0.31318375
6,-0.45282686
7,-0.6255952
8,-0.7445582
9,-0.67850304
