position,examination
0,1.5489972
1,0.88547415
2,-0.5720392
3,0.20211159
4,0.020184152
5,-0.19483435
6,-0.3140412
7,-0.45031217
8,-0.5671192
9,-0.58375967
