position,examination
0,1.5102185
1,-0.1661005
2,0.4371358
3,0.19026628
4,0.014907009
5,-0.19093056
6,-0.30427432
7,-0.4326232
8,-0.5419951
9,-0.55721164
