position,examination
0,1.7005653
1,1.8351712
2,0.51220524
3,0.13508563
4,-0.16395205
5,-0.38318124
6,-0.6218977
7,-0.8541855
8,-0.9945808
9,-1.106489
