position,examination
0,2.0005755
1,1.2050699
2,2.4279609
3,0.18095376
4,-0.16815013
5,-0.6091575
6,-0.8793501
7,-1.1830614
8,-1.4327476
9,-1.431071
