position,examination
0,1.610291
1,0.9639164
2,-1.5676715
3,0.32665136
4,0.123970136
5,-0.03231455
6,-0.18904576
7,-0.33898482
8,-0.43440792
9,-0.50078565
