position,examination
0,1.718007
1,1.0686728
2,-2.5720391
3,0.42015156
4,0.24438877
5,0.037679404
6,-0.075570635
7,-0.21941195
8,-0.3316183
9,-0.32948756
