position,examination
0,-0.48263168
1,0.83065766
2,0.4608354
3,0.2390663
4,0.091062665
5,-0.079773575
6,-0.16435714
7,-0.27132806
8,-0.3555839
9,-0.3679312
