position,examination
0,3.5050492
1,1.6161809
2,1.1099898
3,0.624527
4,0.22709842
5,-0.19820325
6,-0.76421994
7,-1.4506313
8,-2.0304542
9,-2.4888115
