position,examination
0,2.7658317
1,1.9502274
2,3.4323285
3,0.9099096
4,0.49230522
5,0.0522541
6,-0.72623533
7,-1.8849744
8,-3.0128176
9,-3.8431008
