position,examination
0,3.000909
1,3.8351712
2,1.6706539
3,1.1188809
4,0.6855604
5,0.21432446
6,-0.6984231
7,-2.09535
8,-3.349992
9,-4.229513
