position,examination
0,2.5173683
1,1.1075056
2,0.5815021
3,0.23068927
4,-0.040570192
5,-0.39969644
6,-0.62900716
7,-0.91338533
8,-1.1775033
9,-1.2189559
