position,examination
0,-1.4949508
1,0.8870961
2,0.5803956
3,0.34456387
4,0.18950655
5,0.066624425
6,-0.053164642
7,-0.1484962
8,-0.21574852
9,-0.26765817
