position,examination
0,2.1722615
1,2.8351712
2,0.8847067
3,0.40813607
4,0.0037736709
5,-0.36985523
6,-0.8545745
7,-1.3348781
8,-1.6787134
9,-1.9383448
