position,examination
0,1.5328352
1,-1.1648288
2,0.5566193
3,0.28425193
4,0.10461171
5,-0.042117395
6,-0.19231081
7,-0.30251428
8,-0.38542843
9,-0.45457527
