position,examination
0,-0.49495077
1,0.8361988
2,0.50936884
3,0.27176434
4,0.09689472
5,-0.03491318
6,-0.16629946
7,-0.2967697
8,-0.3777831
9,-0.4360513
