position,examination
0,0.5173683
1,0.79395854
2,0.39193457
3,0.16006541
4,-0.0034277767
5,-0.19273351
6,-0.29579005
7,-0.41023666
8,-0.5067866
9,-0.51952285
