position,examination
0,1.4875331
1,-0.16482884
2,0.47362122
3,0.19679232
4,-0.014678194
5,-0.15002607
6,-0.2910339
7,-0.44760573
8,-0.5281181
9,-0.5989389
