position,examination
0,3.0199354
1,3.8338995
2,1.6123407
3,1.1327912
4,0.7130653
5,0.053480417
6,-0.7021552
7,-2.1098068
8,-3.5278141
9,-3.883785
