position,examination
0,2.170674
1,2.825334
2,0.79634553
3,0.32356587
4,-0.07005223
5,-0.5593277
6,-0.9046709
7,-1.3642936
8,-1.5752271
9,-1.524712
