position,examination
0,2.5056987
1,1.1007276
2,0.6059843
3,0.21267053
4,-0.059483964
5,-0.3588015
6,-0.6005033
7,-0.9049339
8,-1.1641432
9,-1.2550963
