position,examination
0,0.5056987
1,0.78354746
2,0.4062265
3,0.16640624
4,-0.014390739
5,-0.16879563
6,-0.28880906
7,-0.40676567
8,-0.49175045
9,-0.542256
