position,examination
0,4.5056987
1,2.4738023
2,1.8193904
3,1.3382908
4,0.8726061
5,-0.04013665
6,-1.0850077
7,-2.5789835
8,-3.556139
9,-3.603232
