position,examination
0,0.0
1,-0.6181196
2,-0.99291325
3,-1.2484801
4,-1.4481232
5,-1.6190639
6,-1.759861
7,-1.8975044
8,-2.0246534
9,-2.1042027
10,-2.1991675
11,-2.2769136
12,-2.3339596
13,-2.3936884
14,-2.4836822
15,-2.5132642
16,-2.5984647
17,-2.652416
18,-2.7072234
19,-2.7624831
20,-2.794003
21,-2.8443804
22,-2.8821788
23,-2.9588702
24,-2.9737682
