position,examination
0,1.5158545
1,0.81850624
2,0.41496813
3,0.11632795
4,-0.1344745
5,-0.25893366
6,-0.45748937
7,-0.60849637
8,-0.65858823
9,-0.75194776
