position,examination
0,2.5158544
1,1.0010033
2,0.5770661
3,0.19828193
4,-0.17423134
5,-0.39672148
6,-0.62352306
7,-0.8486239
8,-1.0436975
9,-1.1519872
