position,examination
0,4.5158544
1,1.4118223
2,0.63723254
3,0.029457124
4,-0.4723143
5,-0.7304504
6,-1.0190033
7,-1.2796167
8,-1.4023263
9,-1.5321407
