position,examination
0,0.5158545
1,0.7672506
2,0.4552574
3,0.19206005
4,-0.027354112
5,-0.1628425
6,-0.2922965
7,-0.41134155
8,-0.50792867
9,-0.5727018
