position,examination
0,-1.4841455
1,0.9077351
2,0.61698633
3,0.38965604
4,0.18643825
5,0.07228504
6,-0.054029696
7,-0.16717644
8,-0.24725118
9,-0.3089611
