feature,relevance
0,-0.21323961
1,-0.00600728
