feature,relevance
0,0.87622494
1,0.5607164
