position,examination
0,1.4785712
1,0.77961767
2,0.44163433
3,0.13602467
4,-0.04515723
5,-0.27365732
6,-0.4435326
7,-0.5809153
8,-0.7752929
9,-0.71800584
