position,examination
0,-1.5214288
1,0.927682
2,0.6420457
3,0.39451763
4,0.24270828
5,0.08333197
6,-0.07841065
7,-0.26478252
8,-0.29490927
9,-0.22253214
