position,examination
0,4.478571
1,0.59901017
2,0.15203059
3,-0.2070544
4,-0.40632725
5,-0.5705096
6,-0.82191116
7,-1.1135818
8,-1.0275238
9,-0.9108758
