position,examination
0,0.47857118
1,0.75049293
2,0.4439874
3,0.19337997
4,0.027778666
5,-0.16237046
6,-0.30310002
7,-0.41986412
8,-0.5504195
9,-0.5012342
