position,examination
0,3.4785712
1,0.6475076
2,0.22776476
3,-0.11220307
4,-0.30142748
5,-0.45903188
6,-0.70538545
7,-1.0003082
8,-0.90222436
9,-0.7895872
