position,examination
0,-0.5214288
1,0.9708245
2,0.61085176
3,0.30494973
4,0.13129252
5,-0.011767019
6,-0.24165048
7,-0.5222123
8,-0.42966303
9,-0.3217019
