position,examination
0,1.4785712
1,0.8038196
2,0.41560957
3,0.08787309
4,-0.09447606
5,-0.23334838
6,-0.47874826
7,-0.7667033
8,-0.6645105
9,-0.5474875
