position,examination
0,0.0
1,-0.6993524
2,-1.1144563
3,-1.3898871
4,-1.6103101
5,-1.7792928
6,-1.9889661
7,-2.0721781
8,-2.22281
9,-2.3143013
