position,examination
0,-0.88244104
1,0.7077485
2,0.40549695
3,-0.08524807
4,-0.19693822
5,-0.10644355
6,-0.08303
7,-0.11418578
8,0.15749006
9,0.17504354
