position,examination
0,1.117559
1,0.53538674
2,0.08979339
3,-0.15806372
4,-0.3913155
5,-0.41507116
6,-0.37013504
7,-0.29876474
8,-0.017957466
9,-0.08076255
