position,examination
0,0.0
1,-0.67833436
2,-1.0700296
3,-1.3715822
4,-1.4812343
5,-1.8197137
6,-1.9672043
7,-2.082634
8,-2.211564
9,-2.0615923
