feature,relevance
0,-2.3545017
1,-3.7100115
