position,examination
0,0.0
1,-0.72999805
2,-0.77501035
3,-1.40226
4,-1.496552
5,-1.6535325
6,-1.7720821
7,-1.7279402
8,-0.060050786
9,0.22320586
