feature,relevance
0,15.957826
1,-3.678289
