position,examination
0,1.1689686
1,0.38995442
2,-0.021588815
3,-0.18009162
4,-0.47324413
5,-0.6251877
6,-0.34651813
7,-0.016922267
8,0.086024694
9,0.020521684
