position,examination
0,-0.83103144
1,0.44929487
2,0.037788436
3,-0.12075901
4,-0.41392145
5,-0.56581813
6,-0.28705633
7,0.04234124
8,0.14512333
9,0.079612106
