position,examination
0,2.1689687
1,0.33184373
2,-0.07964359
3,-0.23831369
4,-0.5315556
5,-0.6833324
6,-0.4044955
7,-0.07503066
8,0.030051377
9,-0.037468858
