position,examination
0,4.1689687
1,0.2210677
2,-0.19051568
3,-0.3491166
4,-0.64238703
5,-0.79407704
6,-0.51554674
7,-0.18582726
8,-0.08394477
9,-0.14931196
