position,examination
0,3.1689687
1,0.330734
2,-0.08081777
3,-0.23938562
4,-0.5325637
5,-0.684458
6,-0.40572935
7,-0.076269776
8,0.026880847
9,-0.03861756
