position,examination
0,0.0
1,-0.66474736
2,-1.0597546
3,-1.3271686
4,-1.5428661
5,-1.7093627
6,-1.875274
7,-2.0131624
8,-2.1303153
9,-2.2400835
10,-2.3236108
11,-2.406925
12,-2.4782155
13,-2.571196
14,-2.6136017
15,-2.6994362
16,-2.7719688
17,-2.8273697
18,-2.8371804
19,-2.9177375
20,-2.966422
21,-2.982471
22,-3.0628579
23,-3.072546
24,-3.165857
