position,examination
0,0.0
1,-0.7015964
2,-1.1098899
3,-1.3244816
4,-1.5417368
5,-1.7783781
6,-1.9492763
7,-2.0311475
8,-2.113528
9,-2.1552756
