feature,relevance
0,-0.2250081
1,-4.1179986
