position,examination
0,4.5104084
1,2.2557952
2,1.6949905
3,1.0978159
4,0.7494091
5,-0.14200674
6,-0.68631184
7,-2.1252346
8,-3.06921
9,-4.1637816
