position,examination
0,0.5104084
1,0.79913485
2,0.47485656
3,0.15759566
4,0.0096624615
5,-0.18941036
6,-0.29291266
7,-0.47255746
8,-0.50170976
9,-0.53992355
