position,examination
0,-1.4895916
1,1.0640479
2,0.7260761
3,0.39609888
4,0.23177592
5,0.008132463
6,-0.08859983
7,-0.3021161
8,-0.3207325
9,-0.31610823
