position,examination
0,1.5105934
1,0.81645644
2,0.4689611
3,0.080467366
4,-0.11181075
5,-0.30912626
6,-0.42454737
7,-0.5659356
8,-0.6654741
9,-0.78988487
