position,examination
0,3.5104084
1,1.4342124
2,0.90852004
3,0.28619677
4,-0.07493137
5,-0.6538022
6,-0.86991936
7,-1.2928545
8,-1.4701132
9,-1.6560941
