position,examination
0,1.5104084
1,0.80882233
2,0.43246982
3,0.07947943
4,-0.09307477
5,-0.33321548
6,-0.42977548
7,-0.65440714
8,-0.669956
9,-0.65126675
