position,examination
0,-0.4895916
1,0.9175076
2,0.5963872
3,0.2799507
4,0.122071534
5,-0.0912776
6,-0.187798
7,-0.39126548
8,-0.41276148
9,-0.41954145
