position,examination
0,2.5104084
1,0.89589065
2,0.45896718
3,0.025729386
4,-0.17806777
5,-0.45873457
6,-0.5834112
7,-0.8246919
8,-0.8675355
9,-0.91165835
