position,examination
0,-1.9399009
1,-1.0759825
2,-0.6451154
3,-0.17783603
4,0.20779464
5,0.58697903
6,0.8397797
7,0.8090177
8,0.7110423
9,0.67329764
