position,examination
0,4.060099
1,2.2964826
2,1.3403325
3,0.3171392
4,-0.4790405
5,-1.0595877
6,-1.3603361
7,-1.5949147
8,-1.7331159
9,-1.7776085
