position,examination
0,1.5172036
1,0.80960655
2,0.43810347
3,0.14510623
4,-0.08088223
5,-0.3520694
6,-0.5025328
7,-0.55202454
8,-0.75629205
9,-0.66727966
