position,examination
0,4.5172033
1,0.79169595
2,0.420142
3,0.12713256
4,-0.09883886
5,-0.3700392
6,-0.52051085
7,-0.56998366
8,-0.77426267
9,-0.68525463
