position,examination
0,2.5172036
1,0.8036061
2,0.43210325
3,0.13910618
4,-0.08688213
5,-0.35806915
6,-0.5085324
7,-0.55802417
8,-0.76229155
9,-0.6732792
