position,examination
0,3.5172036
1,0.7976534
2,0.42612803
3,0.13312174
4,-0.09285864
5,-0.36405274
6,-0.5145205
7,-0.5640018
8,-0.7682766
9,-0.6792653
