position,examination
0,-1.4827964
1,0.815606
2,0.44410315
3,0.15110609
4,-0.074882224
5,-0.34606925
6,-0.49653253
7,-0.54602426
8,-0.75029165
9,-0.6612793
