position,examination
0,1.5172036
1,0.8036061
2,0.4321033
3,0.13910629
4,-0.08688211
5,-0.3580691
6,-0.5085323
7,-0.5580241
8,-0.7622915
9,-0.6732791
