position,examination
0,0.0
1,-0.6184095
2,-0.9769119
3,-1.2526207
4,-1.4526821
5,-1.6533449
6,-1.7688485
7,-1.8871748
8,-2.009923
9,-2.1232796
10,-2.1765623
11,-2.2867823
12,-2.3483024
13,-2.4300714
14,-2.472246
15,-2.5584006
16,-2.6288452
17,-2.6739144
18,-2.7024574
19,-2.7460055
20,-2.7945385
21,-2.842905
22,-2.8704405
23,-2.937282
24,-2.9812007
