position,examination
0,0.0
1,-0.701347
2,-1.1139557
3,-1.3727695
4,-1.5903351
5,-1.794853
6,-1.9335976
7,-2.0846982
8,-2.210371
9,-2.2864802
