position,examination
0,0.0
1,-0.7013416
2,-1.1139495
3,-1.3727636
4,-1.5903337
5,-1.7948474
6,-1.9335973
7,-2.0846944
8,-2.210368
9,-2.2864761
