feature,relevance
0,0.24171716
1,0.5439253
