feature,relevance
0,0.9721045
1,0.35301182
