feature,relevance
0,0.16948575
1,0.39299828
