feature,relevance
0,-1.6795454
1,-1.5530598
