feature,relevance
0,0.08844674
1,0.45846805
