feature,relevance
0,0.25782815
1,0.5367775
