feature,relevance
0,-0.28770602
1,0.29096407
