feature,relevance
0,0.08868693
1,0.45896453
