feature,relevance
0,-0.1466306
1,0.34338266
