feature,relevance
0,0.028563745
1,0.27417168
