feature,relevance
0,0.16879512
1,0.3928907
