feature,relevance
0,-0.47311094
1,0.2533303
