feature,relevance
0,0.97378504
1,0.3531768
