feature,relevance
0,-0.47197893
1,0.25477302
