feature,relevance
0,-1.6796832
1,-1.5529852
