feature,relevance
0,-0.12445323
1,0.20308758
