position,examination
0,0.0
1,0.80982816
2,0.35464275
3,-0.56144977
4,-0.71273106
5,-0.30492687
6,-0.72625595
7,-1.6384858
8,-0.3285849
9,1.6625816
