position,examination
0,0.0
1,0.8098098
2,0.35460758
3,-0.5614461
4,-0.71280634
5,-0.30493408
6,-0.7262886
7,-1.6385112
8,-0.32858637
9,1.6625738
