position,examination
0,0.0
1,0.8098391
2,0.3546254
3,-0.5614841
4,-0.7127583
5,-0.30494356
6,-0.7262728
7,-1.6385281
8,-0.32857728
9,1.6625779
