feature,relevance
0,-0.8219727
1,-1.4517566
