feature,relevance
0,1.2037216
1,0.2565782
