position,examination
0,0.0
1,-0.6755383
2,-1.0781007
3,-1.343395
4,-1.6432225
5,-1.8380446
6,-1.9032062
7,-2.0241122
8,-2.2155163
9,-2.0687978
