feature,relevance
0,-1.328048
1,-4.008732
