position,examination
0,0.0
1,-0.76271987
2,-1.1322422
3,-1.4234397
4,-1.6487995
5,-1.8169067
6,-1.9843255
7,-2.1084113
8,-2.2281559
9,-2.3343194
