feature,relevance
0,-0.68938607
1,0.56712776
