feature,relevance
0,-0.7025455
1,0.65959656
