feature,relevance
0,-0.8066361
1,0.723763
