feature,relevance
0,-1.2111534
1,0.65048385
