feature,relevance
0,-1.9654715
1,-1.2382293
