position,examination
0,-0.29838318
1,0.576448
2,0.28908268
3,-0.3098252
4,-0.34903625
5,-0.22977377
6,-0.6772786
7,-0.78539956
8,0.6666572
9,1.0985979
