position,examination
0,3.7016168
1,0.3397753
2,0.012890961
3,-0.8038147
4,-0.8226248
5,-0.61366236
6,-1.2092448
7,-1.4469936
8,0.23414162
9,0.7622003
