position,examination
0,0.7016168
1,0.4923708
2,0.16498314
3,-0.41854036
4,-0.50917536
5,-0.38343954
6,-0.7385651
7,-0.85069007
8,0.5245372
9,1.0134249
