position,examination
0,-1.2983832
1,0.7281468
2,0.45764223
3,-0.23474702
4,-0.18416259
5,-0.088756025
6,-0.7991007
7,-0.6694055
8,0.83319956
9,1.2510301
