position,examination
0,2.7016168
1,0.43140662
2,0.08759216
3,-0.69558793
4,-0.73446745
5,-0.53434455
6,-1.0757438
7,-1.279331
8,0.33805445
9,0.7855672
