position,examination
0,1.4973764
1,0.8440636
2,0.3902508
3,0.11266818
4,-0.13975249
5,-0.28789252
6,-0.4410409
7,-0.5668186
8,-0.6875596
9,-0.7239371
