position,examination
0,0.49737644
1,0.9233248
2,0.47885305
3,0.21323995
4,-0.03524457
5,-0.18468891
6,-0.33478794
7,-0.46126103
8,-0.5817825
9,-0.6179878
