position,examination
0,0.9866369
1,0.48436844
2,0.22808042
3,-0.40693793
4,-0.5455896
5,-0.41059938
6,-0.9349102
7,-0.9801906
8,0.7375425
9,0.84386706
