position,examination
0,1.9866369
1,0.42586103
2,0.16951856
3,-0.4653572
4,-0.6039085
5,-0.46895003
6,-0.9931342
7,-1.0382031
8,0.68144065
9,0.79848754
