position,examination
0,-0.013363123
1,0.5356639
2,0.28226086
3,-0.34864342
4,-0.48699963
5,-0.3517404
6,-0.8764966
7,-0.92446774
8,0.748434
9,0.85348904
