position,examination
0,3.9866369
1,0.36776328
2,0.11142327
3,-0.52365
4,-0.6622799
5,-0.52729934
6,-1.0515127
7,-1.0967585
8,0.6213982
9,0.7279882
