position,examination
0,-2.0133631
1,0.5318456
2,0.27566773
3,-0.3591604
4,-0.497778
5,-0.3627759
6,-0.8871023
7,-0.93235004
8,0.77774644
9,0.88296795
