position,examination
0,2.9866369
1,0.47238168
2,0.21608776
3,-0.41893226
4,-0.55757695
5,-0.42258132
6,-0.94690746
7,-0.9921647
8,0.72564626
9,0.83190286
