position,examination
0,-1.0133631
1,0.54300433
2,0.28703693
3,-0.34749606
4,-0.48607427
5,-0.3510612
6,-0.8754632
7,-0.9207756
8,0.77669275
9,0.88106376
