position,examination
0,0.9866369
1,0.4514845
2,0.21070498
3,-0.40348324
4,-0.5387002
5,-0.42754883
6,-0.93014634
7,-1.005798
8,0.71006143
9,0.8270889
