position,examination
0,4.5172033
1,0.7622601
2,0.39050886
3,0.09745789
4,-0.12847693
5,-0.3996909
6,-0.55023044
7,-0.59974843
8,-0.8040099
9,-0.71501285
