position,examination
0,0.51720357
1,0.8455376
2,0.4764512
3,0.18636048
4,-0.035492767
5,-0.30499122
6,-0.45593575
7,-0.50608885
8,-0.7094041
9,-0.6211464
