position,examination
0,2.5172036
1,0.79807067
2,0.42615607
3,0.13312458
4,-0.092762575
5,-0.363895
6,-0.51446867
7,-0.5640148
8,-0.76825166
9,-0.67928207
