position,examination
0,-1.4827964
1,0.8567602
2,0.48523766
3,0.19250655
4,-0.033175495
5,-0.30422685
6,-0.45476067
7,-0.50431067
8,-0.70849925
9,-0.6195687
