position,examination
0,4.509878
1,0.7134832
2,0.33130944
3,-0.00071189704
4,-0.2063434
5,-0.38083538
6,-0.54693073
7,-0.7481927
8,-0.7049601
9,-0.76609397
