position,examination
0,3.5098784
1,0.6457988
2,0.2617583
3,-0.07172779
4,-0.2776496
5,-0.45205304
6,-0.61875236
7,-0.8193364
8,-0.7770134
9,-0.8378947
