position,examination
0,1.5098784
1,0.7911574
2,0.4100329
3,0.080791585
4,-0.12287007
5,-0.31043035
6,-0.44163164
7,-0.6665606
8,-0.6315227
9,-0.673347
