position,examination
0,0.0
1,2.296063
2,1.9265807
3,1.6114497
4,1.3983165
5,1.1797073
6,0.98871255
7,0.8270776
8,0.7614794
9,0.7341151
