position,examination
0,0.0
1,-3.703937
2,-4.0734196
3,-4.3885503
4,-4.6016836
5,-4.8202925
6,-5.0112877
7,-5.172922
8,-5.2385206
9,-5.265885
