position,examination
0,0.0
1,-1.7039369
2,-2.0734193
3,-2.3885503
4,-2.6016836
5,-2.8202927
6,-3.0112875
7,-3.1729224
8,-3.2385206
9,-3.2658849
