position,examination
0,0.0
1,1.2960631
2,0.92658067
3,0.6114497
4,0.3983165
5,0.17970729
6,-0.011287451
7,-0.17292237
8,-0.23852062
9,-0.26588488
