position,examination
0,0.0
1,-0.70393693
2,-1.0734193
3,-1.3885503
4,-1.6016835
5,-1.8202927
6,-2.0112875
7,-2.1729224
8,-2.2385206
9,-2.2658849
