position,examination
0,0.0
1,-2.703937
2,-3.0734193
3,-3.3885503
4,-3.6016836
5,-3.8202927
6,-4.0112877
7,-4.172922
8,-4.2385206
9,-4.265885
