position,examination
0,0.0
1,0.29606307
2,-0.07341933
3,-0.38855028
4,-0.6016835
5,-0.8202927
6,-1.0112875
7,-1.1729224
8,-1.2385206
9,-1.2658849
