feature,relevance
0,-1.4423938
1,-3.0871675
