feature,relevance
0,-0.848563
1,-1.8542342
