feature,relevance
0,-0.96715796
1,-2.249514
