feature,relevance
0,-2.3855145
1,-3.682512
