feature,relevance
0,-2.3172038
1,-4.142378
