feature,relevance
0,-0.81842
1,-1.8168088
