feature,relevance
0,-0.9215525
1,-1.946592
