feature,relevance
0,-1.1755382
1,-2.5779927
