position,examination
0,4.5012474
1,0.7369401
2,0.4136371
3,0.052752707
4,-0.16740753
5,-0.389464
6,-0.56283104
7,-0.86230826
8,-0.70248646
9,-0.4447701
