position,examination
0,1.5012472
1,0.78430575
2,0.4612497
3,0.100423634
4,-0.11975547
5,-0.34184968
6,-0.5151084
7,-0.8145535
8,-0.6547677
9,-0.3970516
