position,examination
0,2.5012472
1,0.7728979
2,0.44932288
3,0.088468
4,-0.13168119
5,-0.35363972
6,-0.5270685
7,-0.826551
8,-0.6667158
9,-0.40903914
