position,examination
0,0.0
1,-0.6315665
2,-1.0102144
3,-1.2495315
4,-1.4915075
5,-1.6485884
6,-1.7987754
7,-1.9209688
8,-2.0007732
9,-2.1137857
10,-2.1795952
11,-2.2657387
12,-2.3677278
13,-2.4513326
14,-2.514969
15,-2.5783284
16,-2.6121738
17,-2.662241
18,-2.6698227
19,-2.7598422
20,-2.8108401
21,-2.8614683
22,-2.8926978
23,-2.9097025
24,-2.9402385
