position,examination
0,0.0
1,0.29952013
2,-0.17774248
3,-0.3870554
4,-0.64708066
5,-0.824909
6,-0.6637057
7,-0.4009347
8,-0.17523813
9,-0.19706333
