position,examination
0,0.0
1,-3.70048
2,-4.1777425
3,-4.3870554
4,-4.6470804
5,-4.824909
6,-4.663706
7,-4.4009347
8,-4.175238
9,-4.1970634
