position,examination
0,0.0
1,-0.70047987
2,-1.1777425
3,-1.3870554
4,-1.6470807
5,-1.824909
6,-1.6637057
7,-1.4009347
8,-1.1752381
9,-1.1970633
