position,examination
0,0.0
1,1.2995201
2,0.8222575
3,0.6129446
4,0.35291934
5,0.17509103
6,0.3362943
7,0.5990653
8,0.82476187
9,0.8029367
