position,examination
0,0.0
1,-1.7004799
2,-2.1777425
3,-2.3870554
4,-2.6470807
5,-2.824909
6,-2.6637058
7,-2.4009347
8,-2.1752381
9,-2.1970634
