position,examination
0,0.0
1,-2.70048
2,-3.1777425
3,-3.3870554
4,-3.6470807
5,-3.824909
6,-3.6637058
7,-3.4009347
8,-3.1752381
9,-3.1970634
