position,examination
0,0.0
1,2.29952
2,1.8222575
3,1.6129446
4,1.3529193
5,1.175091
6,1.3362943
7,1.5990653
8,1.8247619
9,1.8029367
