feature,relevance
0,4.6532273
1,-4.533074
