feature,relevance
0,-2.197793
1,-3.2396185
