feature,relevance
0,-2.0498152
1,-3.1987588
