feature,relevance
0,-7.3882837
1,-3.2536938
