feature,relevance
0,-2.1117241
1,-2.9844947
