feature,relevance
0,-2.1953006
1,-2.9973066
