feature,relevance
0,-19.61115
1,-3.1878395
