position,examination
0,0.0
1,0.80982685
2,0.35459563
3,-0.5614679
4,-0.7127667
5,-0.30494988
6,-0.7262627
7,-1.6385028
8,-0.32859704
9,1.6625612
