position,examination
0,0.0
1,1.0544312
2,0.67720926
3,0.47228324
4,0.16004896
5,-0.004688978
6,0.30594087
7,0.84157324
8,1.5540634
9,1.7589295
