position,examination
0,0.0
1,-1.9455688
2,-2.3227906
3,-2.5277166
4,-2.839951
5,-3.004689
6,-2.6940591
7,-2.1584268
8,-1.4459366
9,-1.2410705
