position,examination
0,0.0
1,-2.9455688
2,-3.3227906
3,-3.5277166
4,-3.839951
5,-4.004689
6,-3.6940591
7,-3.1584268
8,-2.4459367
9,-2.2410705
