position,examination
0,0.0
1,-1.0827298
2,-1.4376539
3,-1.6671226
4,-1.942715
5,-2.0835168
6,-1.5844741
7,-1.1435823
8,-0.47695512
9,-0.4268759
