position,examination
0,0.0
1,2.0544312
2,1.6772093
3,1.4722832
4,1.160049
5,0.995311
6,1.3059409
7,1.8415732
8,2.5540633
9,2.7589295
