position,examination
0,0.0
1,-3.9455688
2,-4.3227906
3,-4.5277166
4,-4.839951
5,-5.004689
6,-4.6940594
7,-4.158427
8,-3.4459367
9,-3.2410705
