position,examination
0,0.0
1,-0.94556874
2,-1.3227907
3,-1.5277168
4,-1.839951
5,-2.004689
6,-1.6940591
7,-1.1584268
8,-0.44593656
9,-0.24107051
