position,examination
0,0.0
1,0.05443126
2,-0.32279074
3,-0.52771676
4,-0.83995104
5,-1.004689
6,-0.69405913
7,-0.15842676
8,0.55406344
9,0.7589295
