feature,relevance
0,-2.8971174
1,-3.8995206
