feature,relevance
0,-3.0593264
1,-4.819879
