feature,relevance
0,-2.8466127
1,-4.033611
