feature,relevance
0,6.9968414
1,-3.6897743
