feature,relevance
0,-2.8067281
1,-3.8057532
