feature,relevance
0,-2.7052047
1,-3.886007
