feature,relevance
0,-3.0121129
1,-3.8545234
