feature,relevance
0,-3.299446
1,-3.8405426
