feature,relevance
0,7.1238604
1,-4.9420857
