position,examination
0,1.6638483
1,-2.174666
2,0.65668714
3,0.41009697
4,0.23129024
5,0.040733285
6,-0.07585825
7,-0.29184353
8,-0.30485833
9,-0.21269573
