position,examination
0,3.5056987
1,1.6126966
2,1.039967
3,0.57047063
4,0.18526636
5,-0.40647686
6,-0.8767848
7,-1.5372033
8,-1.9634696
9,-2.0013604
