position,examination
0,2.128852
1,0.480492
2,-0.025106158
3,-0.41824207
4,-0.6204531
5,-0.7729599
6,-0.62130296
7,-0.26390088
8,0.02655119
9,0.10487749
