position,examination
0,-1.8711481
1,0.8229999
2,0.38699177
3,-0.032031573
4,-0.16132925
5,-0.29653063
6,-0.25151247
7,0.039691452
8,0.63806134
9,0.68549645
