position,examination
0,3.128852
1,0.6228448
2,-0.017420597
3,-0.4436514
4,-0.69165444
5,-0.86228293
6,-0.7815543
7,-0.5139468
8,-0.24634778
9,-0.17170691
