position,examination
0,-0.8711481
1,0.7048697
2,0.27534655
3,-0.13913934
4,-0.26958135
5,-0.4048084
6,-0.35665926
7,-0.063090235
8,0.5216184
9,0.58092016
