position,examination
0,2.511122
1,0.83103764
2,0.3693784
3,-0.020020658
4,-0.2605322
5,-0.37165678
6,-0.56630623
7,-0.83785874
8,-0.7610094
9,-0.8274083
