position,examination
0,-0.488878
1,0.95656776
2,0.5988498
3,0.2679478
4,0.053827923
5,-0.04806249
6,-0.2422757
7,-0.521445
8,-0.42756203
9,-0.42452964
