position,examination
0,-1.488878
1,0.9903489
2,0.6259607
3,0.29139465
4,0.0748572
5,-0.026156038
6,-0.2235485
7,-0.5040884
8,-0.4089733
9,-0.40524694
