position,examination
0,1.511122
1,0.815963
2,0.39374375
3,0.0517759
4,-0.16673031
5,-0.25943583
6,-0.424106
7,-0.6018486
8,-0.5837629
9,-0.74075747
