position,examination
0,3.511122
1,0.6688484
2,0.30024418
3,-0.035952263
4,-0.25402993
5,-0.35433462
6,-0.55308557
7,-0.8345115
8,-0.738671
9,-0.7347474
