position,examination
0,0.511122
1,0.82643414
2,0.45194834
3,0.14999647
4,-0.049595725
5,-0.13963525
6,-0.2952522
7,-0.51817495
8,-0.4592958
9,-0.52601546
