position,examination
0,4.5111217
1,0.57314867
2,0.20250936
3,-0.13482213
4,-0.35302654
5,-0.45384872
6,-0.65262747
7,-0.9340526
8,-0.83861446
9,-0.83477706
