position,examination
0,0.0
1,-0.64908314
2,-1.0312195
3,-1.2549183
4,-1.4907548
5,-1.6610118
6,-1.788167
7,-1.9306661
8,-2.0473819
9,-2.1160474
10,-2.2360551
11,-2.3211136
12,-2.413196
13,-2.4578729
14,-2.5466778
15,-2.5785244
16,-2.6313293
17,-2.7215748
18,-2.7713795
19,-2.8157148
20,-2.848312
21,-2.9140387
22,-2.9134192
23,-2.9811234
24,-3.0625463
