position,examination
0,0.0
1,-0.69570446
2,-1.0888517
3,-1.369825
4,-1.6133764
5,-1.7703696
6,-1.9362308
7,-2.052685
8,-2.1834435
9,-2.268967
