feature,relevance
0,-0.0643654
1,0.16604932
