feature,relevance
0,0.316944
1,0.37566653
