feature,relevance
0,-1.5855548
1,-1.6422443
