position,examination
0,0.0
1,-3.7289367
2,-4.110015
3,-4.40027
4,-4.60923
5,-4.7923307
6,-4.9331245
7,-5.049787
8,-5.205754
9,-5.3099318
