position,examination
0,0.0
1,0.27106327
2,-0.110014796
3,-0.40027
4,-0.6092303
5,-0.7923305
6,-0.9331248
7,-1.049787
8,-1.2057538
9,-1.3099315
