position,examination
0,0.0
1,-0.72893673
2,-1.1100148
3,-1.40027
4,-1.6092303
5,-1.7923305
6,-1.9331248
7,-2.049787
8,-2.2057538
9,-2.3099315
