position,examination
0,0.0
1,2.2710633
2,1.8899852
3,1.59973
4,1.3907697
5,1.2076695
6,1.0668752
7,0.95021296
8,0.7942462
9,0.6900685
