position,examination
0,0.0
1,1.2710633
2,0.8899852
3,0.59973
4,0.39076972
5,0.2076695
6,0.06687522
7,-0.049787045
8,-0.2057538
9,-0.30993152
