position,examination
0,0.0
1,-2.7289367
2,-3.110015
3,-3.40027
4,-3.6092303
5,-3.7923305
6,-3.9331248
7,-4.049787
8,-4.205754
9,-4.3099318
