position,examination
0,0.0
1,-1.7289367
2,-2.110015
3,-2.40027
4,-2.6092303
5,-2.7923305
6,-2.9331248
7,-3.049787
8,-3.2057538
9,-3.3099315
