feature,relevance
0,-0.9781156
1,-1.8314694
