feature,relevance
0,-1.2750913
1,-2.198446
