feature,relevance
0,-1.8632662
1,-3.1596682
