feature,relevance
0,-1.0542761
1,-1.9332643
