feature,relevance
0,-2.2920651
1,-4.016008
