feature,relevance
0,-1.0363392
1,-1.8635838
