feature,relevance
0,-2.7000918
1,-3.8555624
