feature,relevance
0,-1.4266268
1,-2.5978692
