position,examination
0,0.0
1,-0.729115
2,-1.103629
3,-1.3845495
4,-1.6180767
5,-1.907969
6,-1.8634875
7,-2.0422919
8,-2.15108
9,-2.2765284
