feature,relevance
0,0.119640715
1,-3.9285839
