position,examination
0,0.0
1,0.8098247
2,0.3546148
3,-0.5614714
4,-0.7127847
5,-0.30493945
6,-0.72628886
7,-1.638514
8,-0.32859373
9,1.6625679
