position,examination
0,0.0
1,0.8098098
2,0.35462952
3,-0.56148154
4,-0.7127829
5,-0.30495822
6,-0.72630537
7,-1.638508
8,-0.32859743
9,1.6625664
