position,examination
0,0.0
1,-0.6318631
2,-0.9913653
3,-1.2437608
4,-1.473734
5,-1.6091042
6,-1.7563821
7,-1.8901756
8,-2.003952
9,-2.102825
10,-2.204626
11,-2.320426
12,-2.3987188
13,-2.4129581
14,-2.495285
15,-2.594483
16,-2.619769
17,-2.6575127
18,-2.7229776
19,-2.7770636
20,-2.8568125
21,-2.879541
22,-2.9165492
23,-2.9511719
24,-3.016281
