position,examination
0,0.0
1,-0.70462275
2,-1.1049141
3,-1.3700198
4,-1.6004941
5,-1.8001587
6,-1.9518296
7,-2.0649908
8,-2.1967802
9,-2.2597628
