feature,relevance
0,1.4745641
1,0.20195717
