feature,relevance
0,1.1836185
1,0.28350204
