position,examination
0,0.0
1,-0.70862865
2,-1.1067841
3,-1.4084418
4,-1.6003592
5,-1.7553431
6,-2.0144877
7,-2.0963633
8,-2.2252593
9,-2.1305885
