position,examination
0,0.0
1,-3.7496867
2,-4.123201
3,-4.434395
4,-4.686199
5,-4.8292236
6,-4.9304323
7,-5.1509266
8,-5.255375
9,-5.312129
