position,examination
0,0.0
1,0.25031316
2,-0.12320101
3,-0.43439507
4,-0.6861992
5,-0.8292239
6,-0.9304321
7,-1.1509266
8,-1.2553751
9,-1.312129
