position,examination
0,0.0
1,-1.7496868
2,-2.123201
3,-2.434395
4,-2.6861992
5,-2.8292239
6,-2.930432
7,-3.1509266
8,-3.2553751
9,-3.312129
