position,examination
0,0.0
1,-2.7496867
2,-3.123201
3,-3.434395
4,-3.6861992
5,-3.8292239
6,-3.930432
7,-4.1509266
8,-4.255375
9,-4.312129
