position,examination
0,0.0
1,-0.74968684
2,-1.123201
3,-1.4343951
4,-1.6861992
5,-1.8292239
6,-1.9304321
7,-2.1509266
8,-2.2553751
9,-2.312129
