position,examination
0,0.0
1,1.2503132
2,0.876799
3,0.5656049
4,0.3138008
5,0.17077613
6,0.06956792
7,-0.15092659
8,-0.25537515
9,-0.31212902
