position,examination
0,0.0
1,2.2503133
2,1.876799
3,1.5656049
4,1.3138008
5,1.1707761
6,1.0695679
7,0.8490734
8,0.74462485
9,0.687871
