feature,relevance
0,-1.2386907
1,-2.0821857
