feature,relevance
0,-2.745271
1,-3.8505173
