feature,relevance
0,-1.8500551
1,-3.1753964
