feature,relevance
0,-2.5898592
1,-3.8272126
