feature,relevance
0,-0.91653925
1,-1.8661233
