feature,relevance
0,-0.953819
1,-1.6974827
