feature,relevance
0,-0.77727765
1,-1.8228946
