feature,relevance
0,-2.7887847
1,-4.1536865
