feature,relevance
0,-1.5213972
1,-2.5627677
