position,examination
0,0.0
1,-0.7516477
2,-0.9839324
3,-1.5668591
4,-1.783373
5,-1.7012045
6,-1.887022
7,-1.4719431
8,-0.48091868
9,0.1955257
