position,examination
0,0.0
1,1.2483473
2,1.0160598
3,0.43312836
4,0.21661532
5,0.29877853
6,0.11303258
7,0.5281346
8,1.51907
9,2.1955178
