position,examination
0,0.0
1,-1.7516477
2,-1.9839324
3,-2.5668592
4,-2.7833729
5,-2.7012045
6,-2.887022
7,-2.4719431
8,-1.4809186
9,-0.8044743
