position,examination
0,0.0
1,0.24834728
2,0.016059756
3,-0.56687164
4,-0.7833847
5,-0.70122147
6,-0.8869674
7,-0.47186542
8,0.51907
9,1.1955178
