position,examination
0,0.0
1,-2.7516477
2,-2.9839325
3,-3.5668592
4,-3.7833729
5,-3.7012045
6,-3.887022
7,-3.4719431
8,-2.4809186
9,-1.8044744
