position,examination
0,0.0
1,-0.75175464
2,-0.9838916
3,-1.5668855
4,-1.7833502
5,-1.7012216
6,-1.887073
7,-1.4720615
8,-0.48106405
9,0.19556296
