position,examination
0,0.0
1,-3.7516477
2,-3.9839325
3,-4.5668592
4,-4.783373
5,-4.7012043
6,-4.887022
7,-4.471943
8,-3.4809186
9,-2.8044744
