position,examination
0,0.0
1,-0.7516527
2,-0.98394024
3,-1.5668716
4,-1.7833847
5,-1.7012215
6,-1.8869674
7,-1.4718654
8,-0.48092997
9,0.19551784
