position,examination
0,0.0
1,2.2483473
2,2.0160599
3,1.4331284
4,1.2166153
5,1.2987785
6,1.1130326
7,1.5281346
8,2.5190701
9,3.1955178
