feature,relevance
0,9.830002
1,-4.6737494
