feature,relevance
0,-3.9396431
1,-3.9404383
