feature,relevance
0,6.0278106
1,-3.651149
