feature,relevance
0,-3.939105
1,-4.006972
