feature,relevance
0,15.219997
1,-3.8361382
