feature,relevance
0,-5.157938
1,-3.896348
