feature,relevance
0,9.806851
1,-4.6735315
