feature,relevance
0,0.30200395
1,-3.7844687
