feature,relevance
0,-4.208942
1,-3.8062272
