feature,relevance
0,9.827354
1,-4.6735744
