feature,relevance
0,-0.2458217
1,-0.03256188
