feature,relevance
0,-1.5517802
1,-1.5316075
