feature,relevance
0,0.21609986
1,0.6349515
