feature,relevance
0,0.17560436
1,0.5705104
