feature,relevance
0,-0.017488837
1,0.32218826
