position,examination
0,1.800709
1,0.4889218
2,0.20613687
3,-0.45136708
4,-0.56923145
5,-0.42411488
6,-0.9464223
7,-1.1191657
8,0.60894984
9,0.8939829
