position,examination
0,-1.199291
1,0.67848974
2,0.41777217
3,-0.22088145
4,-0.33059412
5,-0.20865406
6,-0.6973381
7,-0.87565035
8,0.77486223
9,1.066405
