position,examination
0,2.800709
1,0.43282595
2,0.15001574
3,-0.50746405
4,-0.6253402
5,-0.48029184
6,-1.0026512
7,-1.1752939
8,0.5498735
9,0.8284803
