position,examination
0,0.800709
1,0.44608122
2,0.20252879
3,-0.33873063
4,-0.5004808
5,-0.3613261
6,-0.863355
7,-0.9396986
8,0.64069676
9,0.9085863
