position,examination
0,0.46919262
1,0.8412458
2,0.4296522
3,0.119644254
4,-0.10045777
5,-0.18315206
6,-0.2703033
7,-0.7593806
8,-0.40789634
9,-0.2008734
