position,examination
0,4.4691925
1,0.6299842
2,0.2042013
3,-0.14024517
4,-0.37665322
5,-0.45242906
6,-0.60030925
7,-1.1106186
8,-0.6986891
9,-0.43705776
