position,examination
0,2.4691925
1,0.72455436
2,0.29624882
3,-0.051156875
4,-0.29015052
5,-0.36465478
6,-0.5136749
7,-1.02513
8,-0.6125375
9,-0.35007232
