position,examination
0,3.4691925
1,0.7095625
2,0.2845674
3,-0.059333485
4,-0.29565805
5,-0.37134823
6,-0.51927763
7,-1.0295272
8,-0.61741054
9,-0.35590318
