position,examination
0,-0.5308074
1,0.91388446
2,0.50818753
3,0.17754152
4,-0.053481285
5,-0.12719373
6,-0.27107775
7,-0.77752846
8,-0.36974096
9,-0.111473605
