position,examination
0,-1.5308074
1,0.86755913
2,0.45131052
3,0.11244703
4,-0.1218028
5,-0.19711773
6,-0.34376356
7,-0.8531991
8,-0.4418869
9,-0.18132369
