position,examination
0,1.5117687
1,0.7941431
2,0.43408415
3,0.12462891
4,-0.09656396
5,-0.34575534
6,-0.51179457
7,-0.68207586
8,-0.71590626
9,-0.50854015
