position,examination
0,1.5091474
1,0.78638625
2,0.46469527
3,0.13946839
4,-0.06564014
5,-0.33422112
6,-0.49849576
7,-0.51202285
8,-0.77453
9,-0.71855164
