position,examination
0,4.511769
1,2.3285165
2,1.8227245
3,1.3413792
4,0.90048695
5,0.030086061
6,-1.0467961
7,-1.4745705
8,-4.4135466
9,-3.8787835
