position,examination
0,3.5117688
1,1.3836993
2,0.81617445
3,0.28239518
4,-0.14267614
5,-0.7105885
6,-1.0251005
7,-1.1863133
8,-1.4982414
9,-1.3190972
