position,examination
0,-0.4882313
1,0.8095847
2,0.49745828
3,0.26056173
4,0.09444882
5,-0.09217944
6,-0.20442495
7,-0.24216144
8,-0.3769864
9,-0.33051434
