position,examination
0,2.5117688
1,1.0075275
2,0.58878666
3,0.22137004
4,-0.030921655
5,-0.4345307
6,-0.7206833
7,-0.7659983
8,-1.2087086
9,-1.118259
