position,examination
0,0.5117687
1,0.76129735
2,0.43727207
3,0.17030627
4,0.0007561651
5,-0.20780335
6,-0.33091193
7,-0.37131488
8,-0.5299085
9,-0.48672137
