position,examination
0,-1.4882313
1,0.9062839
2,0.6033808
3,0.3780086
4,0.2104462
5,0.02129636
6,-0.095552415
7,-0.1548926
8,-0.2700287
9,-0.19560347
