position,examination
0,4.5281663
1,2.1276777
2,1.5606446
3,0.91930676
4,0.29272413
5,-0.82592916
6,-1.457351
7,-1.8388
8,-2.7123213
9,-2.4514904
