position,examination
0,0.5281662
1,0.8177766
2,0.4782212
3,0.2064857
4,0.01750226
5,-0.22431757
6,-0.33979645
7,-0.4259926
8,-0.5921825
9,-0.51125157
