position,examination
0,-1.4718338
1,0.98697114
2,0.6739438
3,0.419944
4,0.2393731
5,0.003776079
6,-0.10806173
7,-0.19874796
8,-0.35845384
9,-0.27523488
