position,examination
0,1.517997
1,0.81807107
2,0.45066762
3,0.16193901
4,-0.05207237
5,-0.37783343
6,-0.4851969
7,-0.5688301
8,-0.76226526
9,-0.7056101
