position,examination
0,1.5281662
1,0.81580234
2,0.43883836
3,0.13243963
4,-0.079605706
5,-0.34951144
6,-0.47869587
7,-0.58692175
8,-0.7616799
9,-0.6575274
