position,examination
0,-0.47183383
1,0.84817
2,0.5372303
3,0.294185
4,0.121315375
5,-0.10387847
6,-0.206398
7,-0.287232
8,-0.43862706
9,-0.36817232
