position,examination
0,3.5281663
1,1.3935585
2,0.8090294
3,0.26371652
4,-0.14357068
5,-0.6944654
6,-0.9700539
7,-1.1573623
8,-1.5265096
9,-1.3897424
