position,examination
0,2.5281663
1,0.9986907
2,0.55416274
3,0.1731324
4,-0.11371425
5,-0.5100152
6,-0.68587804
7,-0.81470984
8,-1.0829585
9,-0.9835399
