position,examination
0,0.0
1,2.3160334
2,1.8701421
3,1.6275238
4,1.3908865
5,1.1667633
6,1.0480543
7,0.8952615
8,0.82979584
9,1.1632088
