position,examination
0,0.0
1,-1.6839678
2,-2.1298594
3,-2.372478
4,-2.6091142
5,-2.8332376
6,-2.9519475
7,-3.1047392
8,-3.1702054
9,-2.8367925
