position,examination
0,0.0
1,1.3160332
2,0.8701421
3,0.6275238
4,0.39088655
5,0.1667633
6,0.048054338
7,-0.104738474
8,-0.17020416
9,0.16320884
