position,examination
0,0.0
1,0.31603324
2,-0.1298579
3,-0.37247622
4,-0.60911345
5,-0.8332367
6,-0.95194566
7,-1.1047385
8,-1.1702042
9,-0.83679116
