position,examination
0,0.0
1,-2.6839678
2,-3.1298594
3,-3.372478
4,-3.6091142
5,-3.8332376
6,-3.9519475
7,-4.104739
8,-4.170205
9,-3.8367925
