position,examination
0,0.0
1,-0.6839679
2,-1.1298594
3,-1.3724779
4,-1.6091143
5,-1.8332378
6,-1.9519475
7,-2.1047392
8,-2.1702054
9,-1.8367926
