position,examination
0,0.0
1,-0.68396676
2,-1.1298579
3,-1.3724762
4,-1.6091135
5,-1.8332367
6,-1.9519457
7,-2.1047385
8,-2.1702042
9,-1.8367912
