position,examination
0,0.0
1,-3.6839678
2,-4.1298594
3,-4.372478
4,-4.609114
5,-4.8332376
6,-4.951947
7,-5.104739
8,-5.170205
9,-4.8367925
