feature,relevance
0,-2.0011284
1,-3.8291323
