feature,relevance
0,-1.3908663
1,-1.9817094
