feature,relevance
0,-1.924873
1,-3.3265836
