feature,relevance
0,-1.9597937
1,-2.660656
