feature,relevance
0,-2.3883476
1,-4.073529
