feature,relevance
0,-1.6707249
1,-2.245451
