feature,relevance
0,-1.1444281
1,-1.8507612
