feature,relevance
0,-1.4562188
1,-2.0994787
