feature,relevance
0,-2.0011702
1,-3.8292491
