position,examination
0,0.0
1,1.2692866
2,0.90476036
3,0.59241784
4,0.32978845
5,0.18811214
6,0.08611679
7,-0.119529486
8,-0.22009516
9,-0.30449462
