position,examination
0,0.0
1,-2.7307134
2,-3.0952396
3,-3.4075823
4,-3.6702116
5,-3.8118877
6,-3.9138832
7,-4.1195297
8,-4.220095
9,-4.304495
