position,examination
0,0.0
1,-0.70437866
2,-1.12787
3,-1.4456496
4,-1.6152302
5,-1.7934788
6,-2.018839
7,-2.1060977
8,-2.2510834
9,-1.7955968
