position,examination
0,0.0
1,-0.7307349
2,-1.0952537
3,-1.407601
4,-1.6702468
5,-1.811921
6,-1.9139035
7,-2.1195695
8,-2.2201347
9,-2.3045354
