position,examination
0,0.0
1,2.2692866
2,1.9047604
3,1.5924178
4,1.3297884
5,1.1881121
6,1.0861168
7,0.8804705
8,0.77990484
9,0.6955054
