position,examination
0,0.0
1,-1.7307134
2,-2.0952396
3,-2.4075823
4,-2.6702116
5,-2.8118877
6,-2.9138832
7,-3.1195295
8,-3.2200952
9,-3.3044946
