position,examination
0,0.0
1,-0.73071337
2,-1.0952396
3,-1.4075822
4,-1.6702116
5,-1.8118879
6,-1.9138832
7,-2.1195295
8,-2.2200952
9,-2.3044946
