position,examination
0,0.0
1,-3.7307134
2,-4.0952396
3,-4.4075823
4,-4.670212
5,-4.8118877
6,-4.913883
7,-5.1195297
8,-5.220095
9,-5.304495
