position,examination
0,0.0
1,0.26928663
2,-0.09523964
3,-0.40758216
4,-0.67021155
5,-0.81188786
6,-0.9138832
7,-1.1195295
8,-1.2200952
9,-1.3044946
