feature,relevance
0,-1.3044636
1,-2.6031177
