feature,relevance
0,-0.73990923
1,-1.7444181
