feature,relevance
0,-2.2893233
1,-3.9229455
