feature,relevance
0,-2.3180182
1,-3.8364096
