feature,relevance
0,-2.3310275
1,-3.8289843
