feature,relevance
0,-0.8894482
1,-2.0280962
