feature,relevance
0,-2.2314212
1,-3.7527437
