feature,relevance
0,-1.822637
1,-3.334203
