feature,relevance
0,-1.2136011
1,-2.259203
