feature,relevance
0,-0.7233286
1,-1.8472302
