position,examination
0,0.0
1,1.3090116
2,0.8948977
3,0.6226033
4,0.37003517
5,0.17262304
6,-0.029336452
7,-0.082717896
8,-0.1841042
9,-0.2969327
