position,examination
0,0.0
1,-2.6909885
2,-3.1051023
3,-3.3773966
4,-3.6299648
5,-3.8273768
6,-4.0293365
7,-4.082718
8,-4.184104
9,-4.2969327
