position,examination
0,0.0
1,-0.6909884
2,-1.1051023
3,-1.3773967
4,-1.6299648
5,-1.827377
6,-2.0293365
7,-2.082718
8,-2.1841042
9,-2.2969327
