position,examination
0,0.0
1,2.3090115
2,1.8948977
3,1.6226033
4,1.3700352
5,1.172623
6,0.97066355
7,0.9172821
8,0.8158958
9,0.7030673
