position,examination
0,0.0
1,-3.6909885
2,-4.1051025
3,-4.3773966
4,-4.629965
5,-4.827377
6,-5.0293365
7,-5.082718
8,-5.184104
9,-5.2969327
