position,examination
0,0.0
1,0.30901158
2,-0.1051023
3,-0.3773967
4,-0.6299648
5,-0.82737696
6,-1.0293365
7,-1.0827179
8,-1.1841042
9,-1.2969327
