position,examination
0,0.0
1,-1.6909884
2,-2.1051023
3,-2.3773966
4,-2.6299648
5,-2.8273768
6,-3.0293365
7,-3.082718
8,-3.1841042
9,-3.2969327
