feature,relevance
0,-0.7289816
1,-1.8046544
