feature,relevance
0,-2.468346
1,-4.0929174
