feature,relevance
0,-1.0491643
1,-2.1821964
