feature,relevance
0,-5.9974923
1,-1.9635532
