feature,relevance
0,-1.7576729
1,-3.163635
