feature,relevance
0,-2.756062
1,-3.7769644
