feature,relevance
0,-0.6513529
1,-1.7695857
