feature,relevance
0,-1.2783877
1,-2.5698528
