position,examination
0,0.0
1,0.80981416
2,0.3546438
3,-0.5614852
4,-0.71275735
5,-0.30494884
6,-0.72625566
7,-1.6385127
8,-0.328601
9,1.6625689
