position,examination
0,0.0
1,-3.7798946
2,-4.337126
3,-4.876306
4,-4.53403
5,-4.872315
6,-5.192584
7,-4.11014
8,-3.169453
9,-3.2649598
