position,examination
0,0.0
1,-0.7798946
2,-1.337126
3,-1.876306
4,-1.5340301
5,-1.8723149
6,-2.192584
7,-1.1101397
8,-0.1694529
9,-0.26495987
