position,examination
0,0.0
1,-2.7798946
2,-3.337126
3,-3.876306
4,-3.53403
5,-3.872315
6,-4.192584
7,-3.1101398
8,-2.169453
9,-2.2649598
