position,examination
0,0.0
1,-1.7798946
2,-2.337126
3,-2.876306
4,-2.53403
5,-2.872315
6,-3.192584
7,-2.1101398
8,-1.1694529
9,-1.2649598
