feature,relevance
0,0.026643645
1,-3.8894174
