feature,relevance
0,-0.6678769
1,-3.4207456
