feature,relevance
0,0.08697519
1,-4.235133
