feature,relevance
0,-1.3944733
1,-4.527211
