feature,relevance
0,-0.37971464
1,-3.5906646
