position,examination
0,-0.8423226
1,-0.30638608
2,0.020474201
3,-0.114192635
4,-0.4234046
5,-0.275801
6,-0.16694136
7,0.30941522
8,0.8896409
9,0.90409195
