position,examination
0,4.1576777
1,0.40629882
2,-0.22406077
3,-0.72776514
4,-0.8453971
5,-0.82884294
6,-1.0261458
7,-0.7986982
8,-0.079088144
9,-0.008396366
