position,examination
0,1.22662
1,0.281989
2,-0.08704249
3,-0.46817574
4,-0.5933933
5,-0.6483976
6,-0.4812804
7,-0.16011247
8,0.43211022
9,0.49400353
