position,examination
0,0.15767741
1,-0.010642875
2,-0.12611605
3,-0.36056048
4,-0.6816269
5,-0.62454784
6,-0.4229051
7,0.19479436
8,0.8850006
9,0.9923776
