position,examination
0,1.1576774
1,0.34666386
2,0.05082263
3,-0.40726575
4,-0.6114037
5,-0.5326134
6,-0.63944644
7,-0.40378878
8,0.46364895
9,0.57623166
