position,examination
0,2.1576774
1,0.3882599
2,-0.049353097
3,-0.55452794
4,-0.7332017
5,-0.702556
6,-0.65722156
7,-0.3577711
8,0.21221489
9,0.31528702
