position,examination
0,3.1576774
1,0.48983547
2,-0.09598182
3,-0.62636083
4,-0.7714034
5,-0.754671
6,-0.9137196
7,-0.6775041
8,0.061894618
9,0.14213987
