position,examination
0,-1.8423226
1,-1.4898975
2,-0.28171623
3,-0.24154106
4,-0.29912007
5,0.0021629941
6,0.2792789
7,0.8533506
8,1.4709783
9,1.5505141
