position,examination
0,0.0
1,-0.64395416
2,-1.0153251
3,-1.2706285
4,-1.4836805
5,-1.6014631
6,-1.8090991
7,-1.9033344
8,-2.0136247
9,-2.098728
10,-2.1614459
11,-2.292482
12,-2.3743668
13,-2.427278
14,-2.4882364
15,-2.5612354
16,-2.6184845
17,-2.680134
18,-2.7329156
19,-2.7802975
20,-2.8095255
21,-2.839912
22,-2.8903513
23,-2.925036
24,-3.0035992
