position,examination
0,0.0
1,-4.0496697
2,-4.366991
3,-4.7422104
4,-5.075751
5,-5.0157294
6,-4.812537
7,-4.507444
8,-3.6703424
9,-3.172142
