position,examination
0,0.0
1,-3.0496697
2,-3.366991
3,-3.7422106
4,-4.075751
5,-4.0157294
6,-3.8125374
7,-3.507444
8,-2.6703424
9,-2.172142
