position,examination
0,0.0
1,1.9503303
2,1.6330091
3,1.2577894
4,0.9242492
5,0.9842706
6,1.1874626
7,1.492556
8,2.3296576
9,2.827858
