position,examination
0,0.0
1,-1.0496697
2,-1.3669909
3,-1.7422106
4,-2.0757508
5,-2.0157294
6,-1.8125374
7,-1.507444
8,-0.6703423
9,-0.17214203
