position,examination
0,0.0
1,-0.049669743
2,-0.36699092
3,-0.7422106
4,-1.0757508
5,-1.0157294
6,-0.81253743
7,-0.507444
8,0.32965767
9,0.827858
