position,examination
0,0.0
1,-2.0496697
2,-2.366991
3,-2.7422106
4,-3.0757508
5,-3.0157294
6,-2.8125374
7,-2.507444
8,-1.6703423
9,-1.172142
