position,examination
0,0.0
1,0.95033026
2,0.6330091
3,0.25778937
4,-0.07575083
5,-0.015729427
6,0.18746257
7,0.49255598
8,1.3296577
9,1.827858
