feature,relevance
0,-2.4107842
1,-3.6492186
