feature,relevance
0,-3.0381231
1,-4.7945304
