feature,relevance
0,-1.9205985
1,-3.500424
