feature,relevance
0,-2.3045888
1,-3.7854052
