feature,relevance
0,-1.9941249
1,-3.505609
