feature,relevance
0,-2.2857656
1,-3.7155883
