feature,relevance
0,-1.9889838
1,-3.3518443
