feature,relevance
0,-2.0349257
1,-3.7689397
