position,examination
0,0.0
1,-0.6913369
2,-1.1062776
3,-1.3929532
4,-1.6265821
5,-1.8122194
6,-1.9656985
7,-2.0821528
8,-2.215159
9,-2.3108401
