position,examination
0,4.495487
1,0.7955785
2,0.34532496
3,0.10586208
4,-0.1375193
5,-0.3449299
6,-0.44944647
7,-0.6011101
8,-0.7246481
9,-0.752943
