position,examination
0,-0.48577273
1,0.8146618
2,0.46906492
3,0.23519814
4,0.07779133
5,-0.026130069
6,-0.18827066
7,-0.25686726
8,-0.3272053
9,-0.38735196
