position,examination
0,1.5142273
1,0.8155251
2,0.40814683
3,0.105698176
4,-0.10539836
5,-0.23330852
6,-0.4647961
7,-0.5860324
8,-0.69548804
9,-0.75598514
