position,examination
0,1.5142273
1,0.81034267
2,0.41345823
3,0.0882331
4,-0.1130419
5,-0.24012342
6,-0.4757068
7,-0.6938018
8,-0.6973006
9,-0.6067313
