position,examination
0,1.5380104
1,0.8140632
2,0.41683885
3,0.10337569
4,-0.0744473
5,-0.27649894
6,-0.44149044
7,-0.5957286
8,-0.72485334
9,-0.75268495
