position,examination
0,3.5380104
1,0.633888
2,0.22942418
3,-0.085927
4,-0.26708776
5,-0.4700562
6,-0.63473266
7,-0.78899544
8,-0.9190257
9,-0.9485698
