position,examination
0,1.5380104
1,0.8504598
2,0.41491574
3,0.12800461
4,-0.1081395
5,-0.304166
6,-0.4298636
7,-0.59115845
8,-0.71920586
9,-0.79042643
