position,examination
0,2.5380104
1,0.7412936
2,0.31479102
3,-0.002796229
4,-0.19597483
5,-0.40064344
6,-0.5619513
7,-0.71856725
8,-0.8496123
9,-0.8845029
