position,examination
0,-0.46198964
1,0.9220507
2,0.52926743
3,0.21694736
4,0.039510217
5,-0.16217645
6,-0.32669735
7,-0.4805552
8,-0.6098615
9,-0.6380175
