position,examination
0,0.0
1,-0.7152368
2,-1.0874012
3,-1.3988973
4,-1.617942
5,-1.8365253
6,-1.9016745
7,-2.1240635
8,-2.1800563
9,-2.2524943
