feature,relevance
0,-0.29144233
1,-4.1186857
