position,examination
0,0.0
1,-0.72114044
2,-1.0901735
3,-1.3899027
4,-1.5976955
5,-1.79281
6,-1.9239233
7,-2.0411391
8,-2.1431417
9,-2.2723157
