feature,relevance
0,-0.8495385
1,-1.959472
