feature,relevance
0,-2.4552433
1,-4.210169
