feature,relevance
0,-2.5571015
1,-3.8090022
