feature,relevance
0,-1.2197027
1,-2.2925456
