feature,relevance
0,-1.4530295
1,-2.6238525
