feature,relevance
0,-1.7932402
1,-2.6591077
