feature,relevance
0,-0.7739753
1,-1.80771
