feature,relevance
0,-1.9603529
1,-3.4097574
