feature,relevance
0,-0.80316716
1,-1.829946
