position,examination
0,0.7832814
1,0.6503925
2,0.20284988
3,-0.413009
4,-0.486839
5,-0.34856212
6,-0.95899063
7,-1.0561955
8,0.65031743
9,0.9749849
