position,examination
0,-0.21671861
1,0.7073521
2,0.2606123
3,-0.35478628
4,-0.42905554
5,-0.29030716
6,-0.9001279
7,-0.9971328
8,0.7070424
9,1.0283961
