position,examination
0,-2.2167187
1,0.97426873
2,0.53402483
3,-0.0790464
4,-0.14895329
5,-0.01619336
6,-0.6411367
7,-0.7025868
8,0.9865389
9,1.2977365
