position,examination
0,1.7832813
1,0.51412356
2,0.072897784
3,-0.5203933
4,-0.61855286
5,-0.47576964
6,-1.0274901
7,-1.0946573
8,0.55255
9,0.8329115
