position,examination
0,-0.616506
1,0.36786765
2,0.044462677
3,-0.18864505
4,-0.22188906
5,-0.44914666
6,-1.1394192
7,0.2201997
8,0.98001325
9,1.0013534
