position,examination
0,3.3834941
1,0.27400044
2,-0.09133393
3,-0.46345112
4,-0.85513437
5,-0.5678426
6,-0.9132798
7,-1.332591
8,0.22291161
9,0.34358025
