position,examination
0,-1.616506
1,0.53582984
2,0.27151877
3,-0.07127192
4,-0.023951022
5,-0.14460121
6,-0.94074714
7,-0.32753786
8,1.1186057
9,1.1945313
