position,examination
0,1.383494
1,0.27403829
2,-0.10387959
3,-0.34684724
4,-0.7131927
5,-0.73136306
6,-0.58064693
7,-0.2952394
8,0.4299119
9,0.6873176
