position,examination
0,-2.6165059
1,0.98061305
2,0.6594757
3,-0.10796259
4,-0.107121535
5,0.12941885
6,-0.5863192
7,-0.75540996
8,0.871814
9,1.5303602
