position,examination
0,0.38349405
1,0.79375553
2,0.38951534
3,-0.48256198
4,-0.5469988
5,-0.18861242
6,-0.71547896
7,-1.4014778
8,0.30650857
9,1.4618431
