position,examination
0,0.9225829
1,0.5908361
2,0.218413
3,-0.39520118
4,-0.52397877
5,-0.41865772
6,-0.87198436
7,-0.60804
8,0.42723677
9,0.6551081
