position,examination
0,2.3834941
1,0.3748769
2,-0.048336323
3,-0.36582136
4,-0.8476387
5,-0.6687058
6,-0.5325829
7,-0.55108315
8,0.07634068
9,0.18474703
