position,examination
0,-1.4935844
1,1.0065321
2,0.60461974
3,0.29007125
4,0.11984654
5,-0.03941931
6,-0.27313298
7,-0.4823458
8,-0.46833876
9,-0.33971354
