position,examination
0,0.5064156
1,0.8342313
2,0.4671316
3,0.1951929
4,0.027559739
5,-0.14637469
6,-0.37496036
7,-0.56767386
8,-0.5629041
9,-0.45051432
