position,examination
0,1.5064156
1,0.7996404
2,0.3930223
3,0.07411484
4,-0.0956896
5,-0.2548082
6,-0.4883432
7,-0.6980414
8,-0.6838199
9,-0.5544593
