position,examination
0,4.5064154
1,0.5892035
2,0.18137231
3,-0.13626273
4,-0.30776352
5,-0.46770215
6,-0.70212203
7,-0.91205925
8,-0.89805984
9,-0.76917577
