position,examination
0,1.5064156
1,0.7416359
2,0.39915445
3,0.19862118
4,0.036667436
5,-0.26858056
6,-0.5393212
7,-0.65012467
8,-0.7180115
9,-0.7142867
