position,examination
0,-0.4935844
1,0.9725187
2,0.5785698
3,0.2701828
4,0.10030116
5,-0.059150554
6,-0.29257843
7,-0.50064975
8,-0.48711625
9,-0.35963932
