position,examination
0,2.5064156
1,0.77460885
2,0.357854
3,0.059013758
4,-0.13457823
5,-0.37874502
6,-0.6500725
7,-0.84920806
8,-0.8606553
9,-0.7607355
