position,examination
0,3.5064156
1,1.0098109
2,0.44261515
3,0.0832305
4,-0.16815914
5,-0.53840595
6,-0.89657426
7,-1.1097914
8,-1.1416492
9,-1.0561167
