position,examination
0,0.0
1,-0.69039345
2,-0.9924658
3,-1.3779004
4,-1.6004663
5,-1.7374046
6,-2.0469408
7,-2.1125643
8,-2.1854966
9,-2.099717
