feature,relevance
0,2.130029
1,-3.9678004
