position,examination
0,4.1222196
1,0.35518157
2,-0.12134484
3,-0.3178426
4,-0.5476204
5,-0.6343475
6,-0.6511874
7,-0.22260378
8,0.20104413
9,0.27874544
