position,examination
0,-0.87778056
1,0.5760734
2,0.0998363
3,-0.096614614
4,-0.32689452
5,-0.41295254
6,-0.42942253
7,-0.0012297416
8,0.42156962
9,0.50044745
