position,examination
0,0.0
1,-0.6403774
2,-0.9941566
3,-1.2579905
4,-1.4661503
5,-1.6571038
6,-1.7816316
7,-1.9275863
8,-1.9884005
9,-2.1091824
10,-2.1924014
11,-2.2746437
12,-2.3817825
13,-2.4176095
14,-2.5221045
15,-2.5660768
16,-2.6034856
17,-2.665119
18,-2.7045894
19,-2.7718115
20,-2.8033478
21,-2.872785
22,-2.8827167
23,-2.924191
24,-2.960454
