position,examination
0,-1.2167187
1,0.7094865
2,0.26209977
3,-0.3537089
4,-0.42767498
5,-0.28922647
6,-0.8994728
7,-0.9965957
8,0.7093616
9,1.0333568
