position,examination
0,2.7832813
1,0.43280923
2,-0.018534347
3,-0.62933964
4,-0.7150639
5,-0.573105
6,-1.159952
7,-1.2445236
8,0.4307594
9,0.7245663
