position,examination
0,3.7832813
1,0.5908819
2,0.14328207
3,-0.47258762
4,-0.5464894
5,-0.40809137
6,-1.0184346
7,-1.1155428
8,0.59073764
9,0.9155479
