position,examination
0,0.7832814
1,0.53440845
2,0.12961538
3,-0.3829709
4,-0.5629447
5,-0.44208512
6,-0.8177869
7,-0.8098104
8,0.6499208
9,0.92866665
