position,examination
0,-0.48959172
1,0.85587335
2,0.47987935
3,0.12704584
4,-0.0454642
5,-0.28561357
6,-0.38207817
7,-0.60676134
8,-0.6223528
9,-0.60362756
