position,examination
0,2.5104084
1,0.7854839
2,0.40897608
3,0.05570392
4,-0.11689558
5,-0.3570955
6,-0.4535281
7,-0.6782656
8,-0.6938201
9,-0.675136
