position,examination
0,4.5104084
1,0.79091424
2,0.41454622
3,0.0615205
4,-0.11104072
5,-0.35118717
6,-0.44773954
7,-0.6723762
8,-0.6879268
9,-0.6692382
