position,examination
0,1.5104083
1,0.8015577
2,0.43034315
3,0.078496814
4,-0.07845348
5,-0.35524613
6,-0.40221527
7,-0.67773783
8,-0.69361657
9,-0.6742957
