position,examination
0,-1.4895917
1,0.82062066
2,0.4443599
3,0.09142321
4,-0.0811196
5,-0.32124937
6,-0.41780353
7,-0.64243275
8,-0.6579837
9,-0.6392917
