position,examination
0,0.5104083
1,0.8260283
2,0.45007536
3,0.09726765
4,-0.075228974
5,-0.31536996
6,-0.41185927
7,-0.63651913
8,-0.652086
9,-0.633377
