position,examination
0,3.5104084
1,0.76752853
2,0.39108196
3,0.03786993
4,-0.13471723
5,-0.37492242
6,-0.4713852
7,-0.6960943
8,-0.7116447
9,-0.6929632
