position,examination
0,4.5312014
1,2.2540295
2,1.6809083
3,1.0877376
4,0.6331198
5,-0.400164
6,-1.2429147
7,-2.0211346
8,-3.0360947
9,-3.3715801
