position,examination
0,1.5312014
1,0.78384537
2,0.41863188
3,0.1006425
4,-0.08218673
5,-0.30602017
6,-0.4472958
7,-0.63149613
8,-0.7160758
9,-0.64993185
