position,examination
0,2.5312014
1,0.9855859
2,0.55388737
3,0.120717704
4,-0.12958929
5,-0.42691958
6,-0.64650077
7,-0.81016904
8,-1.0517125
9,-1.0728533
