position,examination
0,-1.4687986
1,0.9638464
2,0.66169095
3,0.39164028
4,0.23481932
5,0.04654475
6,-0.08147294
7,-0.22410186
8,-0.3255797
9,-0.29032964
