position,examination
0,3.5312014
1,1.3968046
2,0.8672118
3,0.2924501
4,-0.06949968
5,-0.5817279
6,-0.9059744
7,-1.215557
8,-1.562625
9,-1.6271297
