position,examination
0,-0.46879864
1,0.8271597
2,0.52861065
3,0.2635538
4,0.11147619
5,-0.059225976
6,-0.18244374
7,-0.29892528
8,-0.41149598
9,-0.395963
