position,examination
0,1.5302881
1,0.7976933
2,0.44623756
3,0.1053652
4,-0.10496626
5,-0.28703183
6,-0.4541776
7,-0.5126882
8,-0.73029745
9,-0.7855303
