position,examination
0,0.53120136
1,0.75235695
2,0.43775198
3,0.14824434
4,-0.019619284
5,-0.17351386
6,-0.30218294
7,-0.37486225
8,-0.5191984
9,-0.53837806
