position,examination
0,0.0
1,-0.7594492
2,-1.0716677
3,-1.4017595
4,-1.615682
5,-1.841135
6,-1.9526255
7,-2.0880322
8,-2.179138
9,-2.2145474
