feature,relevance
0,7.4123583
1,-2.7435207
