position,examination
0,1.5050492
1,0.83517116
2,0.4323285
3,0.12804253
4,-0.09788194
5,-0.2707237
6,-0.4436709
7,-0.60340476
8,-0.71337956
9,-0.76493746
