position,examination
0,0.0
1,-0.6634091
2,-1.0694321
3,-1.3257287
4,-1.5372615
5,-1.7323335
6,-1.8593664
7,-1.9927516
8,-2.110395
9,-2.1990662
10,-2.2944856
11,-2.4056847
12,-2.4804184
13,-2.5426283
14,-2.6269689
15,-2.6691642
16,-2.7156072
17,-2.768935
18,-2.8317113
19,-2.868016
20,-2.949172
21,-3.0051377
22,-3.0426497
23,-3.074933
24,-3.152666
