position,examination
0,0.0
1,-0.6659808
2,-1.1559684
3,-1.2864826
4,-1.5618432
5,-1.7413849
6,-1.695743
7,-1.8086375
8,-1.813397
9,-1.751631
