position,examination
0,0.0
1,-2.6659808
2,-3.1559684
3,-3.2864826
4,-3.5618432
5,-3.741385
6,-3.695743
7,-3.8086376
8,-3.813397
9,-3.751631
