position,examination
0,0.0
1,-1.6659808
2,-2.1559684
3,-2.2864826
4,-2.5618432
5,-2.741385
6,-2.695743
7,-2.8086376
8,-2.813397
9,-2.751631
