position,examination
0,0.0
1,2.3340192
2,1.8440316
3,1.7135174
4,1.4381568
5,1.2586151
6,1.304257
7,1.1913625
8,1.186603
9,1.248369
