position,examination
0,0.0
1,1.3340192
2,0.8440316
3,0.7135174
4,0.43815684
5,0.25861514
6,0.30425704
7,0.1913625
8,0.18660295
9,0.24836898
