position,examination
0,0.0
1,0.33401918
2,-0.15596843
3,-0.28648257
4,-0.56184316
5,-0.74138486
6,-0.69574296
7,-0.8086375
8,-0.81339705
9,-0.751631
