position,examination
0,0.0
1,-3.6659808
2,-4.1559687
3,-4.286483
4,-4.561843
5,-4.741385
6,-4.695743
7,-4.8086376
8,-4.813397
9,-4.751631
