feature,relevance
0,-1.9510117
1,-4.392899
