feature,relevance
0,-0.5592136
1,-2.513488
