feature,relevance
0,-0.55984795
1,-2.5015588
