feature,relevance
0,-0.6076119
1,-2.750493
