feature,relevance
0,-1.405031
1,-2.5540261
