feature,relevance
0,-0.55915385
1,-2.542321
