feature,relevance
0,-0.566075
1,-2.6097736
