feature,relevance
0,-0.8889136
1,-2.7104228
