position,examination
0,0.0
1,-0.69658816
2,-1.095763
3,-1.3497453
4,-1.6006275
5,-1.7793626
6,-1.9188458
7,-2.09093
8,-2.183433
9,-2.2817807
