position,examination
0,0.0
1,-0.69658935
2,-1.095763
3,-1.3497522
4,-1.6006317
5,-1.7793647
6,-1.9188442
7,-2.0909357
8,-2.1834369
9,-2.281784
