position,examination
0,0.0
1,-0.6965858
2,-1.0957642
3,-1.3497515
4,-1.6006306
5,-1.7793636
6,-1.9188453
7,-2.0909328
8,-2.1834354
9,-2.281782
