position,examination
0,0.08271408
1,0.16076578
2,-0.07639331
3,-0.322056
4,-0.5406973
5,-0.6834929
6,-0.38617656
7,0.27828526
8,0.7174177
9,0.7532536
