position,examination
0,3.082714
1,0.58052516
2,0.0020018094
3,-0.40609387
4,-0.724931
5,-0.8092559
6,-0.8772126
7,-0.62891287
8,-0.1651649
9,-0.03176594
