position,examination
0,4.082714
1,1.3714027
2,0.34535766
3,-0.17040144
4,-0.7063883
5,-0.9979738
6,-1.3461314
7,-1.0712422
8,-0.76803774
9,-0.7250084
