position,examination
0,-0.9172859
1,-0.77752143
2,-0.6866601
3,-0.6133644
4,-0.47955912
5,-0.3894386
6,0.26048872
7,1.0290774
8,1.2722489
9,1.295832
