position,examination
0,0.0
1,-0.6965858
2,-1.0957619
3,-1.3497481
4,-1.6006279
5,-1.7793626
6,-1.9188428
7,-2.090935
8,-2.1834354
9,-2.2817817
