position,examination
0,4.1576777
1,0.3167448
2,0.020892043
3,-0.4372016
4,-0.6413398
5,-0.56254494
6,-0.66937864
7,-0.43371585
8,0.43375197
9,0.5463414
