position,examination
0,3.1576777
1,0.3287048
2,0.032854035
3,-0.42523885
4,-0.62937707
5,-0.55058366
6,-0.65741664
7,-0.42175412
8,0.44572696
9,0.5583453
