position,examination
0,-0.84232235
1,0.3765556
2,0.08071159
3,-0.3773649
4,-0.581493
5,-0.50269544
6,-0.60952264
7,-0.3738958
8,0.49271694
9,0.6056778
