position,examination
0,1.1576777
1,0.38165426
2,0.023419686
3,-0.42759058
4,-0.6261116
5,-0.49663234
6,-0.6567513
7,-0.42698333
8,0.43833137
9,0.5964929
