position,examination
0,-1.8423223
1,0.37659547
2,0.080754675
3,-0.3773266
4,-0.5814586
5,-0.50266576
6,-0.6094936
7,-0.3738466
8,0.4933096
9,0.60601956
