position,examination
0,0.15767765
1,0.37642118
2,0.08054446
3,-0.37750903
4,-0.58162403
5,-0.502794
6,-0.60962594
7,-0.37407792
8,0.48779014
9,0.60264486
