position,examination
0,2.1576777
1,0.3287675
2,0.032891627
3,-0.4252072
4,-0.6293464
5,-0.5505394
6,-0.6573835
7,-0.42171884
8,0.44579032
9,0.5585355
