position,examination
0,1.1576777
1,0.3466638
2,0.0508224
3,-0.4072659
4,-0.61140376
5,-0.53261364
6,-0.63944656
7,-0.40378824
8,0.4636489
9,0.5762319
