position,examination
0,-1.8423223
1,0.39442587
2,0.0985624
3,-0.35949722
4,-0.5636082
5,-0.4848025
6,-0.5916855
7,-0.35600862
8,0.5108629
9,0.6237015
