position,examination
0,2.1576777
1,0.31108227
2,0.01515133
3,-0.44296414
4,-0.647051
5,-0.5681931
6,-0.67514324
7,-0.43937993
8,0.42843774
9,0.54194194
