feature,relevance
0,1.2494358
1,0.2904371
