feature,relevance
0,0.903162
1,0.34212717
