feature,relevance
0,0.8203775
1,0.32691085
