feature,relevance
0,1.253403
1,0.34363607
