feature,relevance
0,-0.6209603
1,-1.4535313
