position,examination
0,0.0
1,2.068363
2,1.6828921
3,1.2437663
4,1.0954659
5,1.1041
6,1.2180624
7,1.5010501
8,2.4001904
9,2.7169871
