position,examination
0,0.0
1,-0.93163705
2,-1.3171079
3,-1.7562337
4,-1.9045341
5,-1.8959
6,-1.7819376
7,-1.4989499
8,-0.59980977
9,-0.28301275
