position,examination
0,0.0
1,0.06836295
2,-0.31710792
3,-0.7562337
4,-0.9045341
5,-0.8959
6,-0.7819376
7,-0.4989499
8,0.40019023
9,0.71698725
