position,examination
0,0.0
1,1.068363
2,0.6828921
3,0.24376631
4,0.0954659
5,0.10409999
6,0.2180624
7,0.5010501
8,1.4001902
9,1.7169873
