feature,relevance
0,-1.9465432
1,-3.2962792
