feature,relevance
0,-1.944425
1,-3.2752166
