feature,relevance
0,-1.932658
1,-3.3467417
