feature,relevance
0,-2.8546278
1,-4.7440095
