position,examination
0,0.0
1,-0.71086884
2,-1.0267541
3,-1.3752475
4,-1.6001896
5,-1.8572228
6,-1.9660426
7,-2.1222432
8,-2.1382303
9,-2.2036722
