feature,relevance
0,8.394634
1,-3.7017117
