position,examination
0,0.0
1,-0.8335251
2,-1.283646
3,-1.48346
4,-1.5939817
5,-2.0446653
6,-1.6494259
7,-1.4392909
8,-0.810213
9,-0.5570457
