position,examination
0,0.0
1,1.1664748
2,0.716354
3,0.51654005
4,0.40601826
5,-0.044665337
6,0.35057414
7,0.5607091
8,1.1897869
9,1.4429543
