position,examination
0,0.0
1,0.16647488
2,-0.283646
3,-0.48345995
4,-0.59398174
5,-1.0446653
6,-0.64942586
7,-0.43929088
8,0.18978697
9,0.4429543
