position,examination
0,0.0
1,-3.8335252
2,-4.283646
3,-4.48346
4,-4.5939817
5,-5.0446653
6,-4.649426
7,-4.439291
8,-3.810213
9,-3.5570457
