position,examination
0,0.0
1,2.1664748
2,1.716354
3,1.51654
4,1.4060183
5,0.95533466
6,1.3505741
7,1.5607091
8,2.189787
9,2.4429543
