position,examination
0,0.0
1,-2.8335252
2,-3.283646
3,-3.48346
4,-3.5939817
5,-4.0446653
6,-3.649426
7,-3.439291
8,-2.810213
9,-2.5570457
