position,examination
0,0.0
1,-1.8335252
2,-2.283646
3,-2.48346
4,-2.5939817
5,-3.0446653
6,-2.649426
7,-2.439291
8,-1.8102131
9,-1.5570457
