feature,relevance
0,-2.8119626
1,-3.4470673
