feature,relevance
0,-1.6636956
1,-3.3357825
