feature,relevance
0,-1.413186
1,-3.4921048
