feature,relevance
0,-1.8093851
1,-3.191534
