feature,relevance
0,-2.442851
1,-3.388245
