feature,relevance
0,-1.7759806
1,-3.239643
