feature,relevance
0,-1.8151689
1,-3.1719987
