feature,relevance
0,-2.7961302
1,-4.6382904
