position,examination
0,2.5380104
1,0.80238765
2,0.4051692
3,0.091744
4,-0.086148426
5,-0.28845882
6,-0.45333984
7,-0.6077052
8,-0.7367943
9,-0.7646529
