position,examination
0,-1.4619896
1,0.8255207
2,0.42858154
3,0.11526562
4,-0.062539905
5,-0.26460502
6,-0.4295428
7,-0.5838062
8,-0.71290076
9,-0.7407416
