position,examination
0,-0.46198964
1,0.8247258
2,0.4282236
3,0.115127206
4,-0.06264862
5,-0.2647127
6,-0.4295981
7,-0.5838901
8,-0.71294963
9,-0.7407984
