position,examination
0,4.5380106
1,0.7094912
2,0.3120168
3,-0.0016481834
4,-0.1796231
5,-0.38170508
6,-0.5468658
7,-0.7012212
8,-0.8303984
9,-0.85816634
