position,examination
0,3.5380104
1,0.732885
2,0.3354175
3,0.021838887
4,-0.15608747
5,-0.35825408
6,-0.5234114
7,-0.67783
8,-0.8069807
9,-0.8347581
