position,examination
0,1.5380104
1,0.82004064
2,0.40980586
3,0.09133198
4,-0.08206919
5,-0.24669385
6,-0.4585374
7,-0.6176043
8,-0.7555232
9,-0.74877584
