position,examination
0,0.53801036
1,0.8210774
2,0.42582962
3,0.11399668
4,-0.063460805
5,-0.26528537
6,-0.42998496
7,-0.5844301
8,-0.71327627
9,-0.7411382
