feature,relevance
0,-0.07064165
1,0.50417495
