feature,relevance
0,0.22093539
1,0.34861225
