position,examination
0,-0.5161612
1,0.72927254
2,0.42485663
3,0.17652482
4,0.041892473
5,-0.027136078
6,-0.18256873
7,-0.31277236
8,-0.22525287
9,-0.20775159
