position,examination
0,2.4913688
1,1.0908359
2,0.63475776
3,0.31514978
4,-0.0072950996
5,-0.22420688
6,-0.6524729
7,-1.0413766
8,-1.1152227
9,-1.455346
