position,examination
0,2.97725
1,3.8089662
2,1.7327462
3,1.4625783
4,1.0441267
5,0.8243984
6,0.16003476
7,-0.8315779
8,-0.7643501
9,-10.337427
