position,examination
0,1.489066
1,0.8392018
2,-0.56876105
3,0.16556117
4,-0.026528277
5,-0.14730483
6,-0.35728848
7,-0.4764288
8,-0.45059147
9,-0.4925408
