position,examination
0,4.483839
1,2.5300522
2,2.124127
3,1.6741478
4,1.2771839
5,0.8048175
6,0.16920757
7,0.478013
8,-1.3748052
9,-12.102845
