position,examination
0,1.4318622
1,-1.1910338
2,0.49745715
3,0.20317343
4,0.10269822
5,-0.0688898
6,-0.19308156
7,-0.24754901
8,-0.3285667
9,-0.26053923
