position,examination
0,2.7867541
1,3.8055801
2,1.5532317
3,1.1248775
4,0.72432464
5,0.15213619
6,-0.58509094
7,-0.082049936
8,-2.14516
9,-7.2686024
