position,examination
0,1.4913689
1,0.8089661
2,0.4323949
3,0.122034505
4,-0.07908317
5,-0.2745091
6,-0.5242942
7,-0.6572567
8,-0.73837787
9,-0.58716345
