position,examination
0,1.8193675
1,1.0854034
2,2.432395
3,0.31970438
4,-0.13330762
5,-0.34865883
6,-0.88804656
7,-1.3030636
8,-1.3644637
9,-1.5606079
