position,examination
0,1.4247104
1,-0.1910339
2,0.4496158
3,0.14127737
4,0.0018055745
5,-0.17918691
6,-0.3280432
7,-0.41209862
8,-0.49846777
9,-0.4485815
