position,examination
0,1.515052
1,0.90101576
2,-1.5676051
3,0.24630141
4,0.11904675
5,-0.0589726
6,-0.21836108
7,-0.2883586
8,-0.36633378
9,-0.3176532
