position,examination
0,1.5964817
1,0.9102187
2,1.4323949
3,0.18262418
4,-0.11208641
5,-0.30664447
6,-0.6379344
7,-0.9075648
8,-0.9880855
9,-1.1512983
