position,examination
0,1.4838388
1,0.80558014
2,0.43123895
3,0.10817908
4,-0.13340886
5,-0.3100413
6,-0.55895936
7,-0.6445588
8,-0.6660336
9,-0.5164919
