position,examination
0,-0.5086311
1,0.7022925
2,0.40581256
3,0.12878305
4,0.050041035
5,-0.097792275
6,-0.16374677
7,-0.18590781
8,-0.2549429
9,-0.1745899
