position,examination
0,0.4838388
1,0.7406682
2,0.399975
3,0.1093622
4,-0.0551899
5,-0.14821386
6,-0.32612506
7,-0.46603045
8,-0.3908647
9,-0.40062967
