position,examination
0,1.6608577
1,1.8089662
2,0.5295308
3,0.23220296
4,-0.083418734
5,-0.2792791
6,-0.6417602
7,-0.9452888
8,-1.0196619
9,-1.2396675
