position,examination
0,1.4970098
1,-2.1910338
2,0.58748853
3,0.30308017
4,0.22002472
5,0.053624302
6,-0.07246174
7,-0.12935501
8,-0.20716251
9,-0.1282913
