position,examination
0,2.0123096
1,2.8055801
2,0.79878265
3,0.39194247
4,0.009070929
5,-0.47388172
6,-0.99638426
7,-0.7507705
8,-1.4421823
9,-2.3004842
