position,examination
0,-1.5086311
1,0.71971905
2,0.4612803
3,0.21702777
4,0.15729098
5,0.004909752
6,-0.04314207
7,-0.03900064
8,-0.105433285
9,-0.026719939
