position,examination
0,1.9011749
1,1.1278435
2,2.431239
3,0.30255005
4,-0.05650209
5,-0.49134484
6,-0.9613198
7,-0.763403
8,-1.3464893
9,-2.0935915
