position,examination
0,2.4838388
1,1.0386585
2,0.6250827
3,0.22286084
4,-0.09389471
5,-0.39561784
6,-0.7631885
7,-0.7250496
8,-1.0181463
9,-1.3491403
