position,examination
0,1.4734864
1,0.848937
2,-0.56760514
3,0.16938746
4,0.011435931
5,-0.17180483
6,-0.3427842
7,-0.43852228
8,-0.52231026
9,-0.49227652
