position,examination
0,4.491369
1,2.6568286
2,2.190368
3,1.8619338
4,1.4398779
5,1.1869162
6,0.5309932
7,-0.7590337
8,-0.5568854
9,-12.974663
