position,examination
0,2.581986
1,1.8043239
2,3.431239
3,0.94529885
4,0.5598183
5,0.011450861
6,-0.64300615
7,-0.2072021
8,-1.8336868
9,-6.5762496
