position,examination
0,3.4913688
1,1.535498
2,1.0521926
3,0.7242822
4,0.25244716
5,-0.016662437
6,-0.85967773
7,-1.7779691
8,-1.7905658
9,-2.5291388
