position,examination
0,1.4702681
1,-1.1944199
2,0.52599794
3,0.23453194
4,0.069014534
5,-0.023480555
6,-0.21933864
7,-0.33864748
8,-0.2981325
9,-0.27712497
