position,examination
0,1.6190997
1,0.8983569
2,1.4312389
3,0.12866935
4,-0.14688177
5,-0.4045014
6,-0.7201047
7,-0.7256573
8,-0.9140302
9,-1.1462077
