position,examination
0,-1.5161612
1,0.79911137
2,0.51770324
3,0.2904843
4,0.15781961
5,0.08195493
6,-0.0755145
7,-0.18844011
8,-0.12299986
9,-0.0856967
