position,examination
0,1.5460964
1,-2.1944199
2,0.6356996
3,0.35579225
4,0.18731576
5,0.086330235
6,-0.116456605
7,-0.2233173
8,-0.20167845
9,-0.14413999
