position,examination
0,0.4913689
1,0.7258249
2,0.38724265
3,0.08935708
4,-0.03621674
5,-0.2035499
6,-0.3128778
7,-0.3713327
8,-0.4509602
9,-0.38002008
