position,examination
0,1.5260006
1,0.89178216
2,-1.5687611
3,0.26004142
4,0.08230365
5,-0.029858302
6,-0.23591974
7,-0.34640783
8,-0.31668976
9,-0.30036783
