position,examination
0,1.4581845
1,-0.19441986
2,0.46513525
3,0.1499947
4,-0.03353049
5,-0.14306962
6,-0.34675086
7,-0.47454968
8,-0.43770686
9,-0.46832547
