position,examination
0,1.520545
1,0.8415102
2,0.46456683
3,0.12016501
4,-0.10360174
5,-0.27092022
6,-0.51635593
7,-0.60934865
8,-0.6592681
9,-0.7862064
