position,examination
0,1.6174253
1,0.9952744
2,-2.568761
3,0.3832778
4,0.20151906
5,0.07857115
6,-0.13551393
7,-0.23565738
8,-0.22157301
9,-0.16452543
