position,examination
0,1.9535171
1,2.8089662
2,0.7032967
3,0.42306107
4,-0.080264375
5,-0.30066723
6,-0.920385
7,-1.3924938
8,-1.4458758
9,-1.6902661
