position,examination
0,1.4912081
1,0.84147555
2,0.44727138
3,0.13590495
4,-0.07368822
5,-0.2623032
6,-0.48225635
7,-0.6391526
8,-0.7261315
9,-0.7470697
