position,examination
0,2.638383
1,1.9142592
2,3.432395
3,1.123737
4,0.6855732
5,0.43126073
6,-0.2183199
7,-1.3926301
8,-1.2793595
9,-7.2661695
