position,examination
0,1.6015795
1,0.9913958
2,-2.567605
3,0.35395986
4,0.23942187
5,0.063320205
6,-0.103818536
7,-0.17836273
8,-0.25390172
9,-0.18781643
