position,examination
0,1.6658868
1,1.8055801
2,0.5390667
3,0.15969566
4,-0.13100424
5,-0.40452564
6,-0.7347784
7,-0.7230906
8,-0.94134367
9,-1.2041675
