position,examination
0,3.4838388
1,1.4732877
2,1.0097789
3,0.57040685
4,0.13641796
5,-0.41592413
6,-1.0686913
7,-0.7135297
8,-1.6772068
9,-2.7312443
