position,examination
0,0.0
1,-0.7082042
2,-1.13034
3,-1.3998585
4,-1.66145
5,-1.8003641
6,-2.0255623
7,-2.0226555
8,-1.9862192
9,-1.8395422
