feature,relevance
0,1.8115253
1,-3.8662515
