position,examination
0,0.0
1,-0.7394694
2,-1.1432188
3,-1.3993593
4,-1.6424339
5,-1.808531
6,-1.9698478
7,-2.0835774
8,-2.2162728
9,-2.3086772
