feature,relevance
0,-2.0958982
1,-1.703241
