feature,relevance
0,0.15812594
1,0.13960859
