feature,relevance
0,-0.19069916
1,0.16118747
