feature,relevance
0,-0.4912184
1,0.086365655
