feature,relevance
0,0.7861234
1,0.13051644
