feature,relevance
0,-1.093189
1,0.38281474
