feature,relevance
0,-1.0873368
1,0.34026545
