feature,relevance
0,0.05776023
1,0.2687104
