position,examination
0,0.0
1,-0.2520347
2,-0.36821803
3,-1.2302144
4,-1.4499393
5,-1.101063
6,-1.3801689
7,-1.7024097
8,0.3377694
9,0.45130837
