position,examination
0,0.0
1,2.7479653
2,2.631782
3,1.7697856
4,1.5500607
5,1.898937
6,1.6198311
7,1.2975903
8,3.3377695
9,3.4513083
