position,examination
0,0.0
1,-0.25202778
2,-0.36824948
3,-1.2302384
4,-1.4499152
5,-1.101061
6,-1.380188
7,-1.7025238
8,0.33770585
9,0.45130986
