position,examination
0,0.0
1,1.7479653
2,1.6317819
3,0.76978564
4,0.55006075
5,0.898937
6,0.6198311
7,0.29759026
8,2.3377695
9,2.4513083
