position,examination
0,0.0
1,-1.2520278
2,-1.3682494
3,-2.2302384
4,-2.4499152
5,-2.1010609
6,-2.380188
7,-2.7025237
8,-0.66229415
9,-0.54869014
