position,examination
0,0.0
1,-3.2520278
2,-3.3682494
3,-4.2302384
4,-4.449915
5,-4.101061
6,-4.380188
7,-4.7025237
8,-2.6622941
9,-2.54869
