position,examination
0,0.0
1,-2.2520278
2,-2.3682494
3,-3.2302384
4,-3.4499152
5,-3.1010609
6,-3.380188
7,-3.7025237
8,-1.6622941
9,-1.5486901
