position,examination
0,0.0
1,0.74796534
2,0.63178194
3,-0.23021436
4,-0.44993925
5,-0.10106301
6,-0.3801689
7,-0.70240974
8,1.3377694
9,1.4513084
