position,examination
0,0.0
1,-0.2527144
2,-0.36841944
3,-1.2304382
4,-1.4501047
5,-1.1017969
6,-1.3808769
7,-1.7007079
8,0.33759725
9,0.45064282
