feature,relevance
0,30.711836
1,-3.2514753
