feature,relevance
0,18.052647
1,-3.089485
