feature,relevance
0,78.42143
1,-3.1810138
