feature,relevance
0,5.083127
1,-3.8321252
