feature,relevance
0,41.74417
1,-3.3558578
