feature,relevance
0,36.544548
1,-3.1201575
