feature,relevance
0,34.784824
1,-3.3218358
