feature,relevance
0,5.0815325
1,-3.8315575
