feature,relevance
0,5.065715
1,-3.834888
