feature,relevance
0,32.67244
1,-3.4313745
