position,examination
0,0.0
1,-0.7020542
2,-1.003545
3,-1.402237
4,-1.6260668
5,-1.7501731
6,-2.0039968
7,-2.1337843
8,-2.161398
9,-2.0671272
