feature,relevance
0,1.5838704
1,-4.075608
