feature,relevance
0,-1.1074469
1,0.5838789
