feature,relevance
0,-0.92463046
1,0.62086976
