feature,relevance
0,-1.243084
1,0.5621789
