feature,relevance
0,-1.1347665
1,0.780111
