position,examination
0,0.0
1,-0.6752431
2,-0.9777301
3,-1.2489436
4,-1.4856923
5,-1.0527731
6,-1.4883099
7,-2.6648135
8,-1.0404584
9,1.0443926
