feature,relevance
0,-0.45069918
1,-0.6861456
