feature,relevance
0,0.26048434
1,0.021494154
