feature,relevance
0,0.23808265
1,0.00086820126
