feature,relevance
0,0.5825823
1,0.05135057
