feature,relevance
0,0.30118886
1,0.07274267
