feature,relevance
0,0.3873566
1,0.06863569
