feature,relevance
0,0.6307264
1,0.08586654
