position,examination
0,3.493147
1,0.69223547
2,0.24964769
3,0.003211507
4,-0.19545443
5,-0.42368588
6,-0.56233907
7,-0.75933
8,-0.80914295
9,-0.71279156
