position,examination
0,1.493147
1,0.80332327
2,0.36305562
3,0.11640076
4,-0.08164548
5,-0.30982447
6,-0.44881496
7,-0.64505535
8,-0.6947735
9,-0.59851795
