position,examination
0,-0.506853
1,0.88304275
2,0.4485701
3,0.20240687
4,0.0052823876
5,-0.22247985
6,-0.36060444
7,-0.5573456
8,-0.6070463
9,-0.51065826
