position,examination
0,0.49314702
1,0.8450001
2,0.4156584
3,0.16987196
4,-0.026136467
5,-0.2533474
6,-0.38992837
7,-0.5869269
8,-0.6366803
9,-0.540387
