position,examination
0,2.493147
1,0.7785078
2,0.33792058
3,0.09104591
4,-0.10712825
5,-0.33544993
6,-0.4740107
7,-0.6706708
8,-0.7205423
9,-0.6241229
