position,examination
0,0.0
1,-0.67313063
2,-1.0713054
3,-1.3693943
4,-1.6732612
5,-1.8430535
6,-2.0085623
7,-2.0338755
8,-2.1581237
9,-1.9103962
