feature,relevance
0,0.46389186
1,-3.8244565
