position,examination
0,-0.6795043
1,0.4622827
2,0.18320848
3,0.07467745
4,-0.052372605
5,-0.09311029
6,0.064620234
7,0.022872979
8,0.022490272
9,-0.023256566
