position,examination
0,0.32049572
1,0.56212205
2,0.17018424
3,0.0567966
4,-0.11004524
5,-0.22108132
6,-0.13709927
7,-0.21061713
8,-0.22134073
9,-0.23568256
