position,examination
0,1.3204957
1,0.5886605
2,0.10583187
3,-0.13856913
4,-0.29885924
5,-0.3263333
6,-0.23172541
7,-0.3305377
8,-0.3448658
9,-0.34618524
