position,examination
0,0.0
1,-0.70781606
2,-1.0830956
3,-1.4221953
4,-1.6145073
5,-1.8117518
6,-1.9497498
7,-2.1154852
8,-2.2209895
9,-2.2864199
