position,examination
0,0.0
1,1.2921839
2,0.91690445
3,0.5778047
4,0.38549268
5,0.18824816
6,0.050250173
7,-0.11548519
8,-0.22098947
9,-0.28641987
