position,examination
0,0.0
1,-2.7078161
2,-3.0830956
3,-3.4221954
4,-3.6145072
5,-3.8117518
6,-3.94975
7,-4.115485
8,-4.220989
9,-4.28642
