position,examination
0,0.0
1,2.2921839
2,1.9169044
3,1.5778047
4,1.3854927
5,1.1882482
6,1.0502502
7,0.8845148
8,0.77901053
9,0.71358013
