position,examination
0,0.0
1,-3.7078161
2,-4.0830956
3,-4.4221954
4,-4.614507
5,-4.811752
6,-4.94975
7,-5.115485
8,-5.220989
9,-5.28642
