position,examination
0,0.0
1,-1.7078161
2,-2.0830956
3,-2.4221954
4,-2.6145072
5,-2.8117518
6,-2.94975
7,-3.1154852
8,-3.2209895
9,-3.2864199
