position,examination
0,0.0
1,0.29218394
2,-0.08309555
3,-0.42219532
4,-0.6145073
5,-0.81175184
6,-0.9497498
7,-1.1154852
8,-1.2209895
9,-1.2864199
