feature,relevance
0,-22.04687
1,-1.280123
