feature,relevance
0,-0.73487014
1,-2.1085405
