feature,relevance
0,-0.6280361
1,-1.1914444
