feature,relevance
0,1.821693
1,-1.4698399
