feature,relevance
0,-1.1955823
1,-1.9867822
