feature,relevance
0,9.085619
1,-3.2887683
