feature,relevance
0,6.361125
1,-2.6070225
