position,examination
0,0.0
1,-0.69935215
2,-1.1144559
3,-1.3898876
4,-1.6103095
5,-1.7792931
6,-1.988966
7,-2.072178
8,-2.222809
9,-2.3143022
