position,examination
0,0.0
1,-0.6993536
2,-1.1144569
3,-1.389888
4,-1.6103103
5,-1.7792932
6,-1.9889655
7,-2.0721784
8,-2.2228093
9,-2.3143027
