position,examination
0,0.0
1,-0.6993532
2,-1.1144571
3,-1.3898894
4,-1.6103109
5,-1.7792947
6,-1.9889672
7,-2.072179
8,-2.222811
9,-2.3143022
