position,examination
0,-0.28664616
1,3.8762553
2,0.09559986
3,-0.7821797
4,-0.8407252
5,-0.4103457
6,-0.78679425
7,-1.8397675
8,-0.41159174
9,1.389573
