position,examination
0,0.052516393
1,1.8768961
2,0.337799
3,-0.5298978
4,-0.6214843
5,-0.22305313
6,-0.59114426
7,-1.5671052
8,-0.24192992
9,1.52354
