position,examination
0,-0.14164542
1,0.6279729
2,2.4419315
3,-0.6557104
4,-0.7307343
5,-0.30894417
6,-0.6826997
7,-1.730361
8,-0.310083
9,1.4829968
