position,examination
0,-0.117012925
1,2.8768961
2,0.22004852
3,-0.6682329
4,-0.74258405
5,-0.3163836
6,-0.68469465
7,-1.7205215
8,-0.32200882
9,1.4803989
