position,examination
0,-0.28613132
1,0.52242184
2,3.4419315
3,-0.7807735
4,-0.8404616
5,-0.41104737
6,-0.7870028
7,-1.8394712
8,-0.41181976
9,1.3888828
