position,examination
0,0.1367432
1,0.8462707
2,0.4040867
3,-0.36106637
4,-0.47255516
5,-0.097475365
6,-0.44981974
7,-1.3813246
8,-0.10324653
9,1.4867387
