position,examination
0,0.9903647
1,0.752561
2,0.3174853
3,-0.484111
4,-0.5897051
5,-0.18960099
6,-0.55851096
7,-1.5848466
8,-0.198138
9,1.55275
