position,examination
0,0.9837271
1,0.7564416
2,0.37412432
3,-0.4559336
4,-0.59986466
5,-0.23047481
6,-0.55961317
7,-1.4831159
8,-0.22546226
9,1.4427401
