position,examination
0,0.20711015
1,0.9534132
2,-0.5580685
3,-0.2899548
4,-0.38798997
5,0.016507382
6,-0.35242838
7,-1.380817
8,0.012068951
9,1.7769551
