position,examination
0,1.9837271
1,0.6607859
2,0.26404777
3,-0.60698646
4,-0.7225175
5,-0.32164136
6,-0.672677
7,-1.669505
8,-0.32263997
9,1.4156259
