position,examination
0,0.28584936
1,-1.1231039
2,0.66000515
3,-0.22355808
4,-0.29497272
5,0.13533169
6,-0.23167597
7,-1.267886
8,0.13065593
9,1.9329226
