position,examination
0,0.29873016
1,0.9260115
2,-0.54897606
3,-0.27636018
4,-0.414447
5,-0.023806013
6,-0.35385978
7,-1.2998819
8,-0.010270054
9,1.6980972
