position,examination
0,0.36179197
1,1.19446
2,-2.5580685
3,-0.10980089
4,-0.1696534
5,0.25820357
6,-0.11884264
7,-1.1707833
8,0.2553719
9,2.0540628
