position,examination
0,0.3630237
1,-0.12374467
2,0.4732342
3,-0.20998389
4,-0.40373388
5,-0.00657837
6,-0.3563988
7,-1.3301904
8,-0.017739527
9,1.6347449
