position,examination
0,-3.0096354
1,1.2007322
2,0.7740886
3,-0.10200158
4,-0.16527261
5,0.26308492
6,-0.11413694
7,-1.1680157
8,0.25971696
9,2.0594022
