position,examination
0,0.11596391
1,0.72829485
2,1.4510239
3,-0.48796457
4,-0.63064784
5,-0.25421906
6,-0.5871773
7,-1.5300045
8,-0.25002775
9,1.4402592
