position,examination
0,2.9903646
1,0.5360201
2,0.106735855
3,-0.76849395
4,-0.83074164
5,-0.4029679
6,-0.7797714
7,-1.8313403
8,-0.40663192
9,1.3855677
