position,examination
0,0.35305256
1,-2.1231039
2,0.7801934
3,-0.12626712
4,-0.1782742
5,0.25453222
6,-0.1110764
7,-1.1699046
8,0.2571912
9,2.0639465
