position,examination
0,-2.0096354
1,1.0801866
2,0.65743136
3,-0.20699683
4,-0.27207825
5,0.14967576
6,-0.22319952
7,-1.2727869
8,0.1497548
9,1.9462465
