position,examination
0,-1.0096353
1,0.95667386
2,0.527558
3,-0.29033712
4,-0.37227526
5,0.033386316
6,-0.330562
7,-1.3638815
8,0.036605578
9,1.815314
