position,examination
0,-0.016272886
1,0.8768962
2,0.45102394
3,-0.45446527
4,-0.5135077
5,-0.071130775
6,-0.43702468
7,-1.5076246
8,-0.069930345
9,1.7422062
