position,examination
0,-3.0162728
1,1.1831646
2,0.7837182
3,-0.09679908
4,-0.17784022
5,0.25592977
6,-0.10162608
7,-1.1508455
8,0.2613515
9,2.059507
