position,examination
0,0.27809453
1,1.0738819
2,-1.5580685
3,-0.2097343
4,-0.28156808
5,0.13957338
6,-0.2348273
7,-1.2810676
8,0.13766997
9,1.9299043
