position,examination
0,-1.0162729
1,0.9567036
2,0.5575655
3,-0.31031388
4,-0.38693064
5,0.029873189
6,-0.33661816
7,-1.330952
8,0.022394538
9,1.8123723
