position,examination
0,-2.0162728
1,1.0789291
2,0.6772747
3,-0.22934586
4,-0.2795369
5,0.14686055
6,-0.21744847
7,-1.2678075
8,0.15153305
9,1.9555563
