position,examination
0,1.9903647
1,0.6557148
2,0.23454121
3,-0.55277395
4,-0.7055739
5,-0.2832759
6,-0.68013954
7,-1.7089626
8,-0.33156836
9,1.3894541
