position,examination
0,-0.14029086
1,2.8762553
2,0.20186597
3,-0.6563347
4,-0.7304978
5,-0.3072593
6,-0.6818943
7,-1.7305231
8,-0.30979124
9,1.4834378
