position,examination
0,-0.009635352
1,0.87625533
2,0.44193146
3,-0.45460704
4,-0.50171894
5,-0.06513916
6,-0.44616336
7,-1.5031468
8,-0.07044486
9,1.7329406
