position,examination
0,-0.12549348
1,0.6420174
2,2.451024
3,-0.666764
4,-0.7394997
5,-0.3141289
6,-0.6815021
7,-1.7174293
8,-0.31899717
9,1.4814763
