position,examination
0,-0.2385332
1,0.5191191
2,3.451024
3,-0.7746782
4,-0.8602254
5,-0.4289519
6,-0.78710145
7,-1.8334855
8,-0.42393574
9,1.3731197
