position,examination
0,2.9837272
1,0.55307144
2,0.1425096
3,-0.7485877
4,-0.842551
5,-0.4198451
6,-0.77958727
7,-1.8155746
8,-0.42126358
9,1.3506743
