position,examination
0,0.37582603
1,-2.1237447
2,0.75454164
3,-0.10352667
4,-0.17382477
5,0.25870332
6,-0.12511042
7,-1.1668792
8,0.2517636
9,2.0469363
