position,examination
0,-0.27366772
1,3.8768961
2,0.1078651
3,-0.7877616
4,-0.8537008
5,-0.41680366
6,-0.78473085
7,-1.8401544
8,-0.41791877
9,1.3927047
