position,examination
0,0.014954801
1,0.7324745
2,1.4419315
3,-0.50914866
4,-0.61424696
5,-0.21097834
6,-0.57947725
7,-1.6110004
8,-0.21636418
9,1.5483451
