position,examination
0,0.3052701
1,-1.1237447
2,0.62781584
3,-0.19490568
4,-0.28778595
5,0.14161178
6,-0.24593583
7,-1.2738407
8,0.12996975
9,1.9143277
