position,examination
0,0.29585892
1,-0.1231038
2,0.54309547
3,-0.2852829
4,-0.42175508
5,-0.0316397
6,-0.36115965
7,-1.3075707
8,-0.017160753
9,1.6893196
