position,examination
0,0.36706433
1,1.1927985
2,-2.548976
3,-0.115547426
4,-0.18261993
5,0.25513196
6,-0.11288041
7,-1.1657625
8,0.25234294
9,2.0614784
