position,examination
0,0.27059877
1,0.83560437
2,0.4526008
3,-0.3254863
4,-0.45881587
5,-0.15009096
6,-0.45147938
7,-1.2816812
8,-0.13863245
9,1.2257566
