position,examination
0,0.016144363
1,1.8762553
2,0.30315998
3,-0.5063633
4,-0.6116943
5,-0.20804025
6,-0.5769983
7,-1.6092447
8,-0.21526478
9,1.5484635
