position,examination
0,0.29262975
1,1.0729877
2,-1.5489761
3,-0.22092219
4,-0.29440552
5,0.13715449
6,-0.23067407
7,-1.2652544
8,0.13173865
9,1.9345356
