position,examination
0,0.51720357
1,0.8188488
2,0.44743922
3,0.15634054
4,-0.06952845
5,-0.34021285
6,-0.4912365
7,-0.54032403
8,-0.7447309
9,-0.655468
