position,examination
0,2.5172036
1,0.7708835
2,0.39763197
3,0.103617765
4,-0.12205027
5,-0.39281148
6,-0.5439876
7,-0.5931013
8,-0.79777914
9,-0.70829093
