position,examination
0,4.5172033
1,0.7916922
2,0.42016187
3,0.12714086
4,-0.098851174
5,-0.37004048
6,-0.5205068
7,-0.56999373
8,-0.774268
9,-0.6852523
