position,examination
0,-1.4827964
1,0.82125276
2,0.44985467
3,0.15700471
4,-0.068970926
5,-0.34010875
6,-0.49060655
7,-0.54007834
8,-0.74434584
9,-0.6553177
