position,examination
0,-0.48279643
1,0.82084113
2,0.4495344
3,0.15690376
4,-0.0690565
5,-0.34013376
6,-0.49068543
7,-0.5401226
8,-0.74439895
9,-0.6553465
