position,examination
0,3.5172036
1,0.7976728
2,0.426143
3,0.13312696
4,-0.0928631
5,-0.3640515
6,-0.5145182
7,-0.564006
8,-0.76827896
9,-0.6792635
