position,examination
0,1.5172036
1,0.81222194
2,0.41584164
3,0.11955915
4,-0.08355432
5,-0.3226442
6,-0.5296562
7,-0.533069
8,-0.78378576
9,-0.6418012
