position,examination
0,0.13972473
1,-0.15592363
2,-0.39761886
3,-0.58493805
4,-0.90566826
5,-0.9511346
6,-0.21870449
7,0.8468667
8,1.0923514
9,1.1181248
