position,examination
0,-0.86027527
1,-0.954303
2,-0.8654325
3,-0.7722697
4,-0.77899873
5,-0.6254208
6,0.18369587
7,1.3347276
8,1.6485581
9,1.6714424
