position,examination
0,3.1397247
1,1.81085
2,1.1303927
3,0.6747167
4,0.23645154
5,-0.29159746
6,-1.4776691
7,-1.7561537
8,-1.7457123
9,-1.7121279
