position,examination
0,-1.8602753
1,-1.7190166
2,-1.4715337
3,-1.2485236
4,-0.83588535
5,-0.38801366
6,0.7935278
7,2.0018332
8,2.3400705
9,2.386671
