position,examination
0,0.0
1,0.94628406
2,0.48169458
3,-0.55036414
4,-0.6048354
5,-0.09135346
6,-0.52587116
7,-1.6999289
8,-0.079038724
9,2.0019395
