feature,relevance
0,5.484562
1,-4.9030623
