feature,relevance
0,3.0626297
1,0.061550632
