feature,relevance
0,6.017285
1,-3.9520633
