feature,relevance
0,3.7377534
1,-1.9489369
