feature,relevance
0,3.2388065
1,-0.94747025
