feature,relevance
0,3.2150335
1,1.0942411
