feature,relevance
0,4.9151354
1,-2.952157
