feature,relevance
0,3.6094897
1,-1.6704406
