position,examination
0,0.0
1,-0.690259
2,-1.0594108
3,-1.363697
4,-1.603099
5,-1.8120263
6,-1.8914853
7,-2.1017232
8,-2.1606925
9,-2.1920168
