feature,relevance
0,-0.5018891
1,-3.9233456
