position,examination
0,0.0
1,-0.755697
2,-1.2148882
3,-1.454418
4,-1.5814825
5,-1.6836473
6,-1.5268571
7,-1.5839466
8,-1.570935
9,-1.564057
