feature,relevance
0,-0.5960791
1,-4.1493845
