position,examination
0,-0.51919127
1,0.89272815
2,0.5719604
3,0.30759367
4,0.12570469
5,-0.017296366
6,-0.2255493
7,-0.4471087
8,-0.41911644
9,-0.355188
