position,examination
0,-1.5191913
1,1.0892675
2,0.730853
3,0.39837164
4,0.2235358
5,0.0721129
6,-0.15912549
7,-0.43011835
8,-0.3487957
9,-0.24679202
