position,examination
0,2.4808087
1,0.80684155
2,0.3664949
3,0.04824936
4,-0.18105829
5,-0.37565336
6,-0.6136523
7,-0.86094606
8,-0.8414638
9,-0.76952803
