position,examination
0,1.4808087
1,0.77758795
2,0.41183728
3,0.1160472
4,-0.084231
5,-0.25735337
6,-0.45856807
7,-0.65998465
8,-0.6879767
9,-0.64207053
