position,examination
0,2.437719
1,1.2018021
2,0.7742665
3,0.30206144
4,-0.12601992
5,-0.5377756
6,-0.7913816
7,-1.0010284
8,-1.1181915
9,-1.1391332
