position,examination
0,4.4377193
1,2.5522885
2,1.5157114
3,0.3993574
4,-0.5110211
5,-1.1660848
6,-1.509906
7,-1.771135
8,-1.9275794
9,-2.0121882
