position,examination
0,0.4377191
1,0.24663487
2,0.1079153
3,-0.045433503
4,-0.0851583
5,-0.07183604
6,-0.055217642
7,-0.13208342
8,-0.20439477
9,-0.21225858
