position,examination
0,-0.5622809
1,-0.37564608
2,-0.22919483
3,-0.13230452
4,0.047456827
5,0.22708127
6,0.32316965
7,0.27304626
8,0.21115148
9,0.20266101
