position,examination
0,3.437719
1,1.8670292
2,1.1335676
3,0.33326396
4,-0.3341886
5,-0.8632924
6,-1.1496061
7,-1.3735888
8,-1.5024377
9,-1.5311936
