position,examination
0,-1.5622809
1,-0.8156022
2,-0.49211255
3,-0.2066902
4,0.12506115
5,0.45497194
6,0.6536785
7,0.6421739
8,0.5923422
9,0.5956703
