position,examination
0,1.4584774
1,0.6599959
2,0.36539006
3,0.065028064
4,-0.11644502
5,-0.268885
6,-0.3743729
7,-0.51902026
8,-0.622272
9,-0.6499148
