position,examination
0,1.4377191
1,0.7260637
2,0.39705333
3,0.00890854
4,-0.09476201
5,-0.256532
6,-0.41997597
7,-0.51887923
8,-0.5928878
9,-0.68008506
