position,examination
0,0.0
1,-0.77594006
2,-1.1698259
3,-1.4563125
4,-1.756539
5,-1.8496165
6,-1.7124786
7,-1.1616964
8,-0.40187925
9,-0.06994504
