feature,relevance
0,-0.5286135
1,-4.7551856
