position,examination
0,0.0
1,-0.72154725
2,-1.1473775
3,-1.3401175
4,-1.5769646
5,-1.7924402
6,-1.9734964
7,-2.010339
8,-2.1586225
9,-2.214828
