feature,relevance
0,-1.1812668
1,-4.085146
