position,examination
0,0.0
1,-0.73400056
2,-1.141686
3,-1.2418865
4,-1.4107791
5,-1.5460137
6,-1.6685333
7,-1.885217
8,-1.094452
9,0.55238473
