feature,relevance
0,-4.649622
1,-0.880034
