feature,relevance
0,-4.40232
1,-0.04495026
