feature,relevance
0,-3.7655966
1,-0.08818376
