feature,relevance
0,-3.7713768
1,-0.051830325
