feature,relevance
0,-3.162424
1,-0.101105586
