feature,relevance
0,-4.822291
1,-0.0764666
