feature,relevance
0,-5.2798824
1,-0.033311166
