feature,relevance
0,-3.502587
1,-0.11759521
