position,examination
0,0.0
1,-0.6705302
2,-1.0905994
3,-1.3793687
4,-1.6225094
5,-1.7894542
6,-1.9455705
7,-2.0907857
8,-2.2085104
9,-2.30097
