feature,relevance
0,-1.5212394
1,-1.646952
