feature,relevance
0,0.24864462
1,-0.054108
