feature,relevance
0,0.47198293
1,0.06458053
