feature,relevance
0,0.677667
1,0.3476649
