feature,relevance
0,0.5912469
1,0.20662129
