feature,relevance
0,-0.25944594
1,-0.11117659
