feature,relevance
0,0.68565196
1,0.506057
