feature,relevance
0,0.62602407
1,0.44633108
