position,examination
0,0.0
1,-2.7129397
2,-3.120453
3,-3.4223719
4,-3.6118503
5,-3.761867
6,-3.9999514
7,-4.0815125
8,-4.230696
9,-4.1242723
