position,examination
0,0.0
1,2.2870603
2,1.8795471
3,1.5776283
4,1.3881499
5,1.2381328
6,1.0000488
7,0.91848755
8,0.7693038
9,0.8757279
