position,examination
0,0.0
1,-1.7129399
2,-2.120453
3,-2.4223719
4,-2.6118503
5,-2.761867
6,-2.9999514
7,-3.0815125
8,-3.2306962
9,-3.124272
