position,examination
0,0.0
1,-3.7129397
2,-4.120453
3,-4.422372
4,-4.6118503
5,-4.761867
6,-4.9999514
7,-5.0815125
8,-5.230696
9,-5.1242723
