position,examination
0,0.0
1,1.2870601
2,0.8795471
3,0.57762825
4,0.38814986
5,0.23813283
6,4.87566e-05
7,-0.08151245
8,-0.2306962
9,-0.12427211
