position,examination
0,0.0
1,0.28706014
2,-0.12045288
3,-0.42237175
4,-0.61185014
5,-0.76186717
6,-0.99995124
7,-1.0815125
8,-1.2306962
9,-1.1242721
