position,examination
0,0.0
1,-0.71294105
2,-1.1204526
3,-1.4223707
4,-1.6118501
5,-1.7618668
6,-1.9999508
7,-2.081513
8,-2.2306962
9,-2.1242728
