feature,relevance
0,-2.2823448
1,-3.1750689
