feature,relevance
0,-2.2341425
1,-3.9886165
