feature,relevance
0,-1.5415995
1,-2.1469634
