feature,relevance
0,-1.4009178
1,-1.9194808
