feature,relevance
0,-2.79427
1,-3.9651465
