feature,relevance
0,-1.3416247
1,-1.8146627
