feature,relevance
0,-1.86356
1,-2.5458562
