feature,relevance
0,-2.2339787
1,-3.988506
