feature,relevance
0,-1.3181897
1,-1.7713603
