position,examination
0,4.5014544
1,0.66987574
2,0.3057684
3,-0.020956457
4,-0.23265247
5,-0.38000014
6,-0.567257
7,-0.8267619
8,-0.7765563
9,-0.7174375
