position,examination
0,-1.4985459
1,0.9923863
2,0.6338021
3,0.309641
4,0.099561304
5,-0.049019292
6,-0.23485076
7,-0.49318525
8,-0.44399416
9,-0.38492286
