position,examination
0,3.501454
1,0.6730955
2,0.30872843
3,-0.018514002
4,-0.23038279
5,-0.37749293
6,-0.5648188
7,-0.8243412
8,-0.7743372
9,-0.71511936
