position,examination
0,-0.49854589
1,0.9358163
2,0.6153119
3,0.3116319
4,0.101497635
5,-0.04820897
6,-0.2363232
7,-0.45778435
8,-0.41880676
9,-0.3883493
