position,examination
0,0.5014541
1,0.85554373
2,0.51741236
3,0.21055393
4,0.009743024
5,-0.14688376
6,-0.32159156
7,-0.5605799
8,-0.5208957
9,-0.46989274
