position,examination
0,2.501454
1,0.8533096
2,0.44704613
3,0.07179792
4,-0.2166599
5,-0.4132767
6,-0.66787356
7,-0.8320774
8,-0.81903684
9,-0.8603822
