position,examination
0,1.5014541
1,0.78412515
2,0.44047952
3,0.1294539
4,-0.10056862
5,-0.2820038
6,-0.51530313
7,-0.62935525
8,-0.6250998
9,-0.70553505
