position,examination
0,-0.48279643
1,0.8552646
2,0.48395914
3,0.19166821
4,-0.033530097
5,-0.30436227
6,-0.45496482
7,-0.5045886
8,-0.7086632
9,-0.6198336
