position,examination
0,1.5172036
1,0.7903023
2,0.43303987
3,0.10203835
4,-0.02046742
5,-0.32548454
6,-0.46521398
7,-0.6088408
8,-0.77362025
9,-0.6620024
