position,examination
0,3.5172036
1,0.7398245
2,0.3676928
3,0.074482866
4,-0.15130375
5,-0.4225535
6,-0.57320523
7,-0.6227918
8,-0.8270119
9,-0.7380391
