position,examination
0,4.423752
1,1.8812606
2,0.6615129
3,-0.015594611
4,-0.56808096
5,-0.8911476
6,-1.185625
7,-1.3176943
8,-1.4527966
9,-1.5110663
