position,examination
0,-1.5762479
1,0.34278843
2,0.00045494654
3,-0.118021615
4,-0.051118407
5,0.021684283
6,0.1988954
7,0.40472978
8,0.3924225
9,0.354683
