position,examination
0,1.4237521
1,0.7101158
2,0.3274532
3,0.019515889
4,-0.1772239
5,-0.25848475
6,-0.3699575
7,-0.45689458
8,-0.5891961
9,-0.633845
