position,examination
0,3.423752
1,1.9261293
2,1.1139939
3,0.31981245
4,-0.41199955
5,-0.8216205
6,-1.1950238
7,-1.2912661
8,-1.4687012
9,-1.5786399
