position,examination
0,2.423752
1,1.2467145
2,0.6839894
3,0.2326074
4,-0.1808068
5,-0.4597
6,-0.7752725
7,-0.903699
8,-1.0738993
9,-1.1853899
