position,examination
0,-0.57624793
1,-0.30034852
2,-0.34354937
3,-0.21252926
4,0.026139632
5,0.17446862
6,0.3639747
7,0.39535782
8,0.23634855
9,0.2300066
