position,examination
0,1.4007084
1,0.7357032
2,0.29380372
3,0.056751598
4,-0.1867549
5,-0.22520348
6,-0.4069699
7,-0.45732513
8,-0.5785853
9,-0.6296686
