position,examination
0,0.42375207
1,0.47152963
2,0.11209042
3,0.043673158
4,-0.18724969
5,-0.1657705
6,-0.15652291
7,-0.12492287
8,-0.187613
9,-0.2508105
