position,examination
0,0.0
1,-0.6963804
2,-1.0707216
3,-1.279882
4,-1.4951025
5,-1.6486458
6,-1.7899394
7,-1.9294429
8,-2.0419214
9,-2.1290982
