position,examination
0,0.0
1,-0.6957849
2,-1.0702353
3,-1.2793463
4,-1.4944658
5,-1.6487217
6,-1.7900195
7,-1.9288241
8,-2.0416286
9,-2.1287742
