position,examination
0,0.0
1,-0.6957905
2,-1.0702579
3,-1.2793796
4,-1.4945077
5,-1.648762
6,-1.7900755
7,-1.9288282
8,-2.041651
9,-2.1288328
