feature,relevance
0,0.19975764
1,0.12163783
