feature,relevance
0,0.1917308
1,0.22943681
