feature,relevance
0,-1.0067203
1,-1.5615369
