feature,relevance
0,0.735281
1,0.19248034
