feature,relevance
0,0.07531095
1,0.22737563
