feature,relevance
0,0.20381163
1,0.22799502
