feature,relevance
0,1.2632413
1,0.1647756
