feature,relevance
0,0.74773735
1,0.23157716
