feature,relevance
0,1.2619897
1,0.16384584
