feature,relevance
0,-1.0048536
1,-1.5612215
