feature,relevance
0,1.198029
1,0.18478608
