feature,relevance
0,0.19977473
1,0.12172012
