feature,relevance
0,-1.0050313
1,-1.5606216
