feature,relevance
0,0.0320199
1,0.22738223
