feature,relevance
0,0.7314261
1,0.19345845
