feature,relevance
0,1.2126503
1,0.18618482
