feature,relevance
0,0.74788916
1,0.23134105
