position,examination
0,2.270941
1,0.4712809
2,0.15251414
3,-0.29447737
4,-0.46082753
5,-0.2901702
6,-0.49521556
7,-0.24891058
8,-0.2798502
9,0.013857782
