position,examination
0,-1.729059
1,0.5423317
2,0.22395383
3,-0.22286987
4,-0.38919324
5,-0.21859512
6,-0.42354882
7,-0.17738847
8,-0.20824869
9,0.08552184
