position,examination
0,1.270941
1,0.4900713
2,0.15505594
3,-0.29187977
4,-0.45824245
5,-0.27183622
6,-0.47807992
7,-0.23287784
8,-0.27680725
9,0.033609703
