position,examination
0,0.27094102
1,0.544053
2,0.2249346
3,-0.21947947
4,-0.38542762
5,-0.21445112
6,-0.41890302
7,-0.1735172
8,-0.2041295
9,0.09043812
