position,examination
0,4.270941
1,0.43522838
2,0.11671093
3,-0.33022672
4,-0.4965688
5,-0.32595873
6,-0.53095
7,-0.28476608
8,-0.31566453
9,-0.02202269
