position,examination
0,3.270941
1,0.46487695
2,0.14640686
3,-0.30052078
4,-0.46686035
5,-0.2962693
6,-0.5012757
7,-0.255052
8,-0.28594568
9,0.007822127
