position,examination
0,-0.729059
1,0.5299387
2,0.21165805
3,-0.2349657
4,-0.4012536
5,-0.23066363
6,-0.43556854
7,-0.18946733
8,-0.22030021
9,0.07351301
