position,examination
0,3.5056148
1,0.8095321
2,0.35156062
3,0.10352434
4,-0.14040673
5,-0.34686765
6,-0.46489823
7,-0.59633183
8,-0.7466789
9,-0.7439205
