position,examination
0,2.5056148
1,0.7877256
2,0.32676226
3,0.077201664
4,-0.16774943
5,-0.37409526
6,-0.49152422
7,-0.6241338
8,-0.7747124
9,-0.7722065
