position,examination
0,0.0
1,-0.6924088
2,-1.0940206
3,-1.4034425
4,-1.6281469
5,-1.7952559
6,-1.9615799
7,-2.098349
8,-2.2007124
9,-2.3192506
