feature,relevance
0,1.0281973
1,0.564798
