feature,relevance
0,-1.0032266
1,-1.5879623
