feature,relevance
0,0.9967793
1,0.42953372
