feature,relevance
0,0.8513349
1,0.13490097
