position,examination
0,0.0
1,-0.10283744
2,-0.38580835
3,-1.5442494
4,-0.78226435
5,-1.2156075
6,-1.3052334
7,-2.2366977
8,-1.0876683
9,-0.23731506
