position,examination
0,1.4986709
1,0.82727504
2,0.38032028
3,0.06239407
4,-0.17276713
5,-0.26445353
6,-0.4556189
7,-0.88702834
8,-0.5830125
9,-0.40599245
