position,examination
0,0.49867094
1,0.76989543
2,0.42434245
3,0.16162579
4,-0.023587082
5,-0.15796262
6,-0.25121385
7,-0.45673144
8,-0.5104245
9,-0.5020914
