{"relevance_17":0.004761307034641504,"relevance_47":-0.12458281219005585,"relevance_87":-0.03538639843463898,"relevance_68":0.0028477320447564125,"relevance_71":0.053943950682878494,"relevance_5":-0.22480590641498566,"relevance_42":0.02480010688304901,"relevance_60":0.021068517118692398,"relevance_14":-2.2356338500976562,"relevance_19":-1.067392110824585,"relevance_6":-0.15139207243919373,"relevance_10":-0.12215138226747513,"relevance_49":0.751157283782959,"relevance_73":-0.14211849868297577,"relevance_80":-0.10533589124679565,"relevance_37":-0.038765959441661835,"relevance_75":0.029062528163194656,"relevance_61":-0.15567514300346375,"relevance_86":0.02006119303405285,"relevance_8":0.15932227671146393,"relevance_98":0.07510549575090408,"relevance_79":0.8987529277801514,"relevance_62":-0.031326718628406525,"relevance_36":0.004776684567332268,"relevance_4":0.022494949400424957,"relevance_82":-0.012950406409800053,"relevance_44":2.762915849685669,"relevance_7":-0.07662146538496017,"_runtime":731,"relevance_58":0.14810635149478912,"relevance_72":-0.0337773896753788,"relevance_13":-0.051440175622701645,"relevance_94":-1.7427616119384766,"relevance_11":-0.01628776825964451,"relevance_30":-0.07563799619674683,"_step":18,"train_loss":0.2866394817829132,"relevance_16":-0.07328931242227554,"relevance_85":0.06229163706302643,"epoch":16,"relevance_48":0.21837590634822845,"relevance_22":0.10912590473890305,"relevance_64":-2.969397783279419,"test/nll":0.28635263442993164,"relevance_91":0.0857098326086998,"relevance_20":-0.16441592574119568,"relevance_81":-0.10877417773008347,"_timestamp":1.758534006183341e+09,"relevance_50":0.010158945806324482,"relevance_28":0.10063675791025162,"relevance_2":-0.024852236732840538,"relevance_90":-0.0269099622964859,"relevance_31":-0.06123945489525795,"relevance_99":0.4805629253387451,"relevance_66":0.08965586125850677,"relevance_0":-0.05325445905327797,"relevance_43":-0.179503932595253,"relevance_35":0.14485837519168854,"relevance_15":0.17931434512138367,"relevance_65":0.06309888511896133,"relevance_83":-0.015910828486084938,"relevance_45":-0.1298709660768509,"relevance_9":-2.999993324279785,"relevance_88":0.08760999888181686,"val_loss":0.2866345942020416,"relevance_18":0.09625057876110077,"relevance_89":-0.04590652510523796,"relevance_46":0.0422326996922493,"relevance_84":0.5924434065818787,"relevance_53":0.018064480274915695,"relevance_92":0.08285263925790787,"relevance_23":0.10542067885398865,"relevance_59":1.4579942226409912,"relevance_67":0.015561960637569427,"train/loss":0.2866394817829132,"relevance_93":0.07798455655574799,"relevance_40":-0.05566521733999252,"relevance_69":3.2384235858917236,"relevance_41":0.074062779545784,"relevance_96":0.02644694223999977,"relevance_29":-3.0248334407806396,"relevance_54":1.0188912153244019,"relevance_97":-0.0476270467042923,"relevance_77":0.05591902136802673,"test/loss":0.28635263442993164,"relevance_38":0.07091614603996277,"relevance_76":-0.08209056407213211,"relevance_3":0.08825794607400894,"relevance_27":0.20024269819259644,"relevance_56":0.0692739263176918,"relevance_34":-2.808487892150879,"relevance_39":-1.0033620595932007,"relevance_52":-0.01705513708293438,"relevance_32":0.12966759502887726,"relevance_70":0.16992713510990143,"relevance_74":-0.7307811379432678,"val/loss":0.2866345942020416,"relevance_33":-0.05034982040524483,"relevance_51":-0.13102661073207855,"relevance_95":0.004818165209144354,"relevance_21":-0.02021350897848606,"relevance_1":0.1106414720416069,"relevance_24":-0.6864868998527527,"relevance_55":-0.09751218557357788,"relevance_63":0.162227064371109,"relevance_78":-0.10738139599561691,"relevance_57":0.030502138659358025,"relevance_26":0.150726318359375,"val/nll":0.2866345942020416,"relevance_12":0.1974163055419922,"_wandb":{"runtime":731},"train/nll":0.28664344549179077,"relevance_25":-0.10365240275859833}