position,examination
0,1.0133408
1,0.5147027
2,0.1625405
3,-0.39709777
4,-0.5312377
5,-0.26305732
6,-0.3509305
7,-0.52352345
8,0.049972102
9,0.32629365
