position,examination
0,-0.98665917
1,0.6058611
2,0.26421496
3,-0.27039602
4,-0.39963806
5,-0.13374057
6,-0.21489243
7,-0.38342512
8,0.18867807
9,0.46511823
