position,examination
0,2.013341
1,0.43177652
2,0.07989131
3,-0.48074687
4,-0.61514014
5,-0.34618846
6,-0.43411407
7,-0.6062933
8,-0.030903054
9,0.24699037
