position,examination
0,3.013341
1,0.3356953
2,-0.016500158
3,-0.57680017
4,-0.7112971
5,-0.44201633
6,-0.53060097
7,-0.7023989
8,-0.13042523
9,0.14283341
