position,examination
0,4.013341
1,0.37130243
2,0.019080792
3,-0.54074687
4,-0.674919
5,-0.40652314
6,-0.49463364
7,-0.66701776
8,-0.09385146
9,0.18166673
