position,examination
0,0.0
1,-0.7798939
2,-1.3371305
3,-1.8763092
4,-1.5340302
5,-1.8723172
6,-2.1925855
7,-1.1101403
8,-0.1694594
9,-0.26496744
