position,examination
0,0.0
1,2.2201061
2,1.6628695
3,1.1236908
4,1.4659698
5,1.1276828
6,0.80741453
7,1.8898597
8,2.8305407
9,2.7350326
