position,examination
0,0.0
1,0.22010612
2,-0.33713055
3,-0.87630916
4,-0.5340302
5,-0.8723172
6,-1.1925855
7,-0.11014032
8,0.8305406
9,0.73503256
