position,examination
0,0.0
1,1.2201061
2,0.66286945
3,0.12369084
4,0.4659698
5,0.1276828
6,-0.19258547
7,0.8898597
8,1.8305407
9,1.7350326
