feature,relevance
0,-1.3949857
1,-4.527338
