feature,relevance
0,-0.9461868
1,-3.243175
