feature,relevance
0,-0.5481776
1,-3.5111241
