feature,relevance
0,-0.86058426
1,-3.3002834
