position,examination
0,0.0
1,-0.7449505
2,-1.1504943
3,-1.454432
4,-1.6869605
5,-1.8674062
6,-1.8273575
7,-1.6729292
8,-1.6571512
9,-1.7425437
