position,examination
0,0.0
1,-0.7551196
2,-1.2017841
3,-1.5064596
4,-1.7492294
5,-1.8751516
6,-1.7548168
7,-1.6413541
8,-1.6238918
9,-1.6435869
