feature,relevance
0,-1.5770812
1,-2.662698
