feature,relevance
0,-1.6867201
1,-2.7362342
