feature,relevance
0,-1.525602
1,-2.8590534
