feature,relevance
0,177.89311
1,-2.5667465
