feature,relevance
0,-3.1009374
1,-4.1709805
