feature,relevance
0,-1.3996153
1,-2.5726395
