feature,relevance
0,-1.6329014
1,-2.7483518
