feature,relevance
0,-1.8376147
1,-2.6450655
