feature,relevance
0,-3.3131013
1,-4.3213606
