position,examination
0,0.0
1,1.2130558
2,0.7059934
3,0.58685756
4,0.40661907
5,0.31553483
6,0.47907817
7,0.4093821
8,0.40250134
9,0.43118393
