position,examination
0,0.0
1,-1.7869442
2,-2.2940066
3,-2.4131424
4,-2.593381
5,-2.6844652
6,-2.5209217
7,-2.590618
8,-2.5974987
9,-2.5688162
