position,examination
0,0.0
1,-5.7868686
2,-6.293912
3,-6.4131336
4,-6.5933714
5,-6.684416
6,-6.5208607
7,-6.5904775
8,-6.5973644
9,-6.5686603
