position,examination
0,0.0
1,6.2131314
2,5.706088
3,5.5868664
4,5.4066286
5,5.315584
6,5.4791393
7,5.4095225
8,5.4026356
9,5.4313397
