position,examination
0,0.0
1,3.2131314
2,2.7060878
3,2.5868664
4,2.4066284
5,2.315584
6,2.4791396
7,2.4095225
8,2.4026356
9,2.4313397
