position,examination
0,0.0
1,-3.7869442
2,-4.2940063
3,-4.413142
4,-4.593381
5,-4.6844654
6,-4.5209217
7,-4.590618
8,-4.597499
9,-4.568816
