position,examination
0,0.0
1,-6.7868686
2,-7.293912
3,-7.4131336
4,-7.5933714
5,-7.684416
6,-7.5208607
7,-7.5904775
8,-7.5973644
9,-7.5686603
