position,examination
0,0.0
1,-8.786868
2,-9.293912
3,-9.413134
4,-9.593371
5,-9.684416
6,-9.520861
7,-9.590478
8,-9.597364
9,-9.568661
