position,examination
0,0.0
1,0.21305591
2,-0.2940066
3,-0.41314244
4,-0.5933809
5,-0.68446517
6,-0.5209218
7,-0.5906179
8,-0.59749866
9,-0.56881607
