position,examination
0,0.0
1,-7.7868686
2,-8.293912
3,-8.413134
4,-8.593371
5,-8.684416
6,-8.520861
7,-8.590478
8,-8.597364
9,-8.568661
