position,examination
0,0.0
1,-2.7869442
2,-3.2940066
3,-3.4131424
4,-3.593381
5,-3.6844652
6,-3.5209217
7,-3.590618
8,-3.5974987
9,-3.5688162
