position,examination
0,0.0
1,-0.7869441
2,-1.2940066
3,-1.4131424
4,-1.5933809
5,-1.6844652
6,-1.5209218
7,-1.5906179
8,-1.5974987
9,-1.5688161
