position,examination
0,0.0
1,4.2131314
2,3.7060878
3,3.5868664
4,3.4066284
5,3.315584
6,3.4791396
7,3.4095225
8,3.4026356
9,3.4313397
