position,examination
0,0.0
1,-4.7868686
2,-5.293912
3,-5.4131336
4,-5.5933714
5,-5.684416
6,-5.5208607
7,-5.5904775
8,-5.5973644
9,-5.5686603
