position,examination
0,0.0
1,7.2131314
2,6.706088
3,6.5868664
4,6.4066286
5,6.315584
6,6.4791393
7,6.4095225
8,6.4026356
9,6.4313397
