position,examination
0,0.0
1,2.2130558
2,1.7059934
3,1.5868576
4,1.4066191
5,1.3155348
6,1.4790782
7,1.4093821
8,1.4025013
9,1.4311839
