position,examination
0,0.0
1,5.2131314
2,4.706088
3,4.5868664
4,4.4066286
5,4.315584
6,4.4791393
7,4.4095225
8,4.4026356
9,4.4313397
