position,examination
0,0.0
1,-0.7868685
2,-1.2939122
3,-1.4131335
4,-1.5933716
5,-1.684416
6,-1.5208604
7,-1.5904776
8,-1.5973644
9,-1.5686603
