feature,relevance
0,-1.7980994
1,-2.8784492
