feature,relevance
0,-1.8587787
1,-2.811376
