feature,relevance
0,-0.98629904
1,-2.857535
