feature,relevance
0,-1.6465371
1,-2.9622388
