feature,relevance
0,-1.6294403
1,-2.8679867
