feature,relevance
0,-1.5271729
1,-2.6608067
