feature,relevance
0,-1.6949449
1,-2.788244
