feature,relevance
0,-1.7791591
1,-2.9036474
