feature,relevance
0,-1.7311039
1,-2.7213948
