feature,relevance
0,-0.973325
1,-4.2098823
