feature,relevance
0,-0.98799783
1,-4.209898
