feature,relevance
0,-1.7802044
1,-2.9688156
