feature,relevance
0,-1.8216182
1,-2.9076676
