feature,relevance
0,1.395081
1,-3.0241098
