feature,relevance
0,-1.8980393
1,-2.839276
