feature,relevance
0,-1.672151
1,-2.7798557
