feature,relevance
0,-1.2340643
1,-2.9030025
