feature,relevance
0,-1.6646392
1,-2.7739995
