feature,relevance
0,-1.4957213
1,-2.582768
