position,examination
0,2.0111046
1,0.21886192
2,-0.24061982
3,-0.46182236
4,-0.9537713
5,-1.091385
6,0.15711795
7,-0.028157838
8,0.19136728
9,0.19917674
