position,examination
0,-0.9888954
1,0.4431956
2,0.05919448
3,-0.16489415
4,-0.38855067
5,-0.44582558
6,-0.21493454
7,0.35133168
8,0.67782485
9,0.6739326
