position,examination
0,1.0111046
1,0.18839702
2,-0.17931314
3,-0.511358
4,-0.7492692
5,-0.90665054
6,-0.4323243
7,0.015342153
8,0.6964417
9,0.8506026
