position,examination
0,3.0111046
1,1.5292847
2,1.127405
3,1.1150401
4,0.64189285
5,0.68141943
6,-0.57158947
7,-2.3066428
8,-2.6017177
9,-2.6234689
