position,examination
0,0.0
1,-0.6183492
2,-0.9768691
3,-1.2525773
4,-1.4527249
5,-1.6533854
6,-1.7688521
7,-1.8871183
8,-2.0099466
9,-2.1232388
10,-2.1766257
11,-2.28675
12,-2.348306
13,-2.4300694
14,-2.4722445
15,-2.5584407
16,-2.6288254
17,-2.673903
18,-2.7024279
19,-2.745998
20,-2.7945485
21,-2.842897
22,-2.8704154
23,-2.9372878
24,-2.9812245
