position,examination
0,0.0
1,0.20728701
2,-0.15604448
3,-0.46990228
4,-0.59602845
5,-0.92145634
6,-0.5783987
7,-0.1320473
8,0.5070519
9,0.6772293
