position,examination
0,0.0
1,-0.792609
2,-1.1558853
3,-1.4698687
4,-1.5961163
5,-1.921336
6,-1.5784831
7,-1.1317458
8,-0.49264622
9,-0.3226484
