position,examination
0,0.0
1,-1.7927141
2,-2.156041
3,-2.469903
4,-2.5960288
5,-2.9214551
6,-2.5784166
7,-2.1320052
8,-1.4929237
9,-1.3227847
