position,examination
0,0.0
1,-3.792714
2,-4.156041
3,-4.469903
4,-4.596029
5,-4.9214554
6,-4.578417
7,-4.132005
8,-3.4929237
9,-3.3227847
