position,examination
0,0.0
1,1.2072871
2,0.8439555
3,0.5300977
4,0.40397155
5,0.07854366
6,0.4216013
7,0.8679527
8,1.507052
9,1.6772293
