position,examination
0,0.0
1,2.207287
2,1.8439555
3,1.5300977
4,1.4039716
5,1.0785437
6,1.4216013
7,1.8679527
8,2.507052
9,2.6772294
