position,examination
0,0.0
1,-2.792714
2,-3.156041
3,-3.469903
4,-3.5960288
5,-3.9214551
6,-3.5784166
7,-3.1320052
8,-2.4929237
9,-2.3227847
