position,examination
0,0.0
1,-0.792713
2,-1.1560445
3,-1.4699023
4,-1.5960284
5,-1.9214563
6,-1.5783987
7,-1.1320473
8,-0.4929481
9,-0.3227707
