position,examination
0,0.0
1,-0.7927142
2,-1.1560409
3,-1.4699031
4,-1.5960288
5,-1.9214551
6,-1.5784166
7,-1.1320051
8,-0.49292374
9,-0.32278472
