feature,relevance
0,8.730955
1,-3.921814
