feature,relevance
0,-2.6973815
1,-4.112484
