feature,relevance
0,14.786751
1,-3.8840451
