feature,relevance
0,10.082896
1,-3.9551578
