feature,relevance
0,7.548699
1,-4.7945075
