feature,relevance
0,7.5769634
1,-4.794217
