feature,relevance
0,10.357609
1,-4.121285
