feature,relevance
0,13.043008
1,-4.011627
