feature,relevance
0,7.546651
1,-4.794538
