feature,relevance
0,17.835075
1,-4.3288245
