position,examination
0,0.0
1,-0.6839665
2,-1.1298581
3,-1.3724763
4,-1.6091136
5,-1.8332366
6,-1.9519455
7,-2.1047382
8,-2.1702042
9,-1.836792
