position,examination
0,0.0
1,0.31603348
2,-0.12985814
3,-0.37247634
4,-0.6091136
5,-0.8332366
6,-0.95194554
7,-1.1047382
8,-1.1702042
9,-0.836792
