position,examination
0,0.0
1,2.3160334
2,1.8701419
3,1.6275237
4,1.3908864
5,1.1667634
6,1.0480545
7,0.89526176
8,0.82979584
9,1.163208
