position,examination
0,0.0
1,-2.6839666
2,-3.129858
3,-3.3724763
4,-3.6091137
5,-3.8332367
6,-3.9519455
7,-4.104738
8,-4.170204
9,-3.836792
