position,examination
0,0.0
1,1.3160335
2,0.87014186
3,0.62752366
4,0.39088643
5,0.16676342
6,0.048054457
7,-0.104738235
8,-0.17020416
9,0.16320801
