position,examination
0,0.0
1,-1.6839665
2,-2.129858
3,-2.3724763
4,-2.6091137
5,-2.8332367
6,-2.9519455
7,-3.1047382
8,-3.1702042
9,-2.836792
