position,examination
0,0.0
1,-3.6839666
2,-4.129858
3,-4.3724766
4,-4.6091137
5,-4.8332367
6,-4.9519453
7,-5.104738
8,-5.170204
9,-4.836792
