feature,relevance
0,-1.3908528
1,-1.9819897
