feature,relevance
0,-2.0011582
1,-3.829142
