feature,relevance
0,-1.989381
1,-3.3085885
