feature,relevance
0,-1.9594576
1,-2.6609898
