feature,relevance
0,-1.6721188
1,-2.2459238
