feature,relevance
0,-2.4663382
1,-4.065869
