feature,relevance
0,-1.144382
1,-1.8506262
