feature,relevance
0,-1.4563332
1,-2.099219
