position,examination
0,0.0
1,-2.967254
2,-3.3569057
3,-3.719387
4,-3.944756
5,-4.0538626
6,-3.632019
7,-3.3702188
8,-2.5765193
9,-2.0580776
