position,examination
0,0.0
1,-1.9672539
2,-2.3569057
3,-2.719387
4,-2.944756
5,-3.0538623
6,-2.632019
7,-2.3702188
8,-1.5765193
9,-1.0580776
