position,examination
0,0.0
1,-3.967254
2,-4.356906
3,-4.719387
4,-4.944756
5,-5.0538626
6,-4.632019
7,-4.3702188
8,-3.5765193
9,-3.0580776
