position,examination
0,0.0
1,-0.9672539
2,-1.3569057
3,-1.719387
4,-1.9447559
5,-2.0538623
6,-1.6320192
7,-1.3702186
8,-0.5765192
9,-0.058077574
