feature,relevance
0,-2.0590947
1,-3.8562624
