feature,relevance
0,-2.7813137
1,-3.666962
