feature,relevance
0,-2.229849
1,-3.642854
