feature,relevance
0,-2.2744281
1,-3.6279297
