feature,relevance
0,-3.0940335
1,-4.7722673
