position,examination
0,0.0
1,1.2896203
2,0.8795093
3,0.59653974
4,0.3114016
5,0.16407228
6,0.055709362
7,-0.083131075
8,-0.16075325
9,-0.20152426
