position,examination
0,0.0
1,2.2896204
2,1.8795093
3,1.5965397
4,1.3114016
5,1.1640723
6,1.0557094
7,0.9168689
8,0.83924675
9,0.79847574
