position,examination
0,0.0
1,-3.7103796
2,-4.1204906
3,-4.4034605
4,-4.6885986
5,-4.835928
6,-4.9442906
7,-5.083131
8,-5.1607533
9,-5.2015243
