position,examination
0,0.0
1,0.28962028
2,-0.12049067
3,-0.40346026
4,-0.6885984
5,-0.8359277
6,-0.94429064
7,-1.0831311
8,-1.1607533
9,-1.2015243
