position,examination
0,0.0
1,-0.7103797
2,-1.1204907
3,-1.4034603
4,-1.6885984
5,-1.8359277
6,-1.9442906
7,-2.083131
8,-2.1607533
9,-2.2015243
