position,examination
0,0.0
1,-2.7103796
2,-3.1204906
3,-3.4034603
4,-3.6885984
5,-3.8359277
6,-3.9442906
7,-4.083131
8,-4.1607533
9,-4.2015243
