position,examination
0,0.0
1,-1.7103797
2,-2.1204906
3,-2.4034603
4,-2.6885984
5,-2.8359277
6,-2.9442906
7,-3.083131
8,-3.1607533
9,-3.2015243
