feature,relevance
0,2.6855476
1,-3.0580614
