feature,relevance
0,3.463015
1,-3.9056618
