feature,relevance
0,2.1279967
1,-2.1231787
