feature,relevance
0,2.1569805
1,-1.7558258
