feature,relevance
0,2.2841985
1,-2.500522
