feature,relevance
0,2.1211154
1,-1.9088652
