feature,relevance
0,2.1808558
1,-1.7139896
