feature,relevance
0,1.3194919
1,-3.8949459
