position,examination
0,4.0111046
1,1.2617025
2,0.75077504
3,0.36782497
4,-0.052709673
5,-0.34452048
6,0.25795797
7,-1.9154756
8,-2.1561308
9,-2.1717114
