position,examination
0,0.011104584
1,0.35560393
2,-0.01961867
3,-0.35149914
4,-0.55260134
5,-0.68919474
6,-0.695728
7,0.51743937
8,0.68322206
9,0.7491518
