position,examination
0,-1.9888954
1,0.42248794
2,0.14811155
3,-0.19976144
4,-0.17689112
5,-0.45829722
6,-0.8230621
7,0.60377765
8,1.2093024
9,1.2526025
