position,examination
0,4.498671
1,1.1352166
2,0.37878022
3,-0.14196433
4,-0.49814543
5,-0.68816715
6,-0.91529584
7,-1.3909016
8,-1.1836711
9,-1.0325967
