position,examination
0,1.4986709
1,0.8039203
2,0.41682574
3,0.11502105
4,-0.108728774
5,-0.27506122
6,-0.38608947
7,-0.5913011
8,-0.7391509
9,-0.73793876
