position,examination
0,3.498671
1,1.2071824
2,0.5546922
3,0.035320427
4,-0.34103584
5,-0.57587117
6,-0.8020788
7,-1.2653966
8,-1.1596956
9,-1.0424882
