position,examination
0,-1.5013291
1,0.9809139
2,0.64234424
3,0.3769673
4,0.18474941
5,0.075303294
6,-0.06468573
7,-0.40199888
8,-0.239172
9,-0.13624729
