position,examination
0,-0.50132906
1,0.81155664
2,0.48060265
3,0.23858066
4,0.078120366
5,-0.04795482
6,-0.1210189
7,-0.27689096
8,-0.37485412
9,-0.37353212
