position,examination
0,2.498671
1,0.9800888
2,0.5121506
3,0.12239721
4,-0.17949207
5,-0.40760598
6,-0.5799741
7,-0.9502228
8,-0.9942691
9,-0.94499487
