position,examination
0,1.1397247
1,0.499391
2,0.09496631
3,-0.15860455
4,-0.3348882
5,-0.6013085
6,-0.408695
7,-0.22984914
8,-0.01606202
9,0.015892597
