position,examination
0,4.1397247
1,2.7229216
2,1.8441404
3,1.0550358
4,0.30794394
5,-0.3273814
6,-2.130764
7,-2.465369
8,-2.550451
9,-2.5921273
