position,examination
0,2.1397247
1,1.19031
2,0.71264964
3,0.38974744
4,0.10177753
5,-0.09685696
6,-0.72739315
7,-1.1246904
8,-1.2424175
9,-1.3304394
