position,examination
0,0.0
1,-0.4636116
2,-0.71961653
3,-0.85167646
4,-0.924613
5,-1.0493608
6,-1.1026174
7,-1.169898
8,-1.1625788
9,-1.2245677
10,-1.2486267
11,-1.2571241
12,-1.2633508
13,-1.232034
14,-1.238829
15,-1.2384101
16,-1.192686
17,-1.1700213
18,-1.1449119
19,-1.101827
20,-1.0728798
21,-1.0151553
22,-0.97144043
23,-0.95403993
24,-0.8990174
