position,examination
0,-1.8313593
1,0.5191528
2,0.21365991
3,-0.15575394
4,-0.377431
5,-0.4118496
6,-0.36952218
7,-0.13826804
8,0.46806324
9,0.6112227
