position,examination
0,0.0
1,-0.67925614
2,-1.0000793
3,-1.3851684
4,-1.585787
5,-1.7051227
6,-1.9436201
7,-2.101784
8,-2.1608627
9,-2.1153622
