feature,relevance
0,0.794166
1,-3.8617218
