position,examination
0,-2.0894198
1,0.78882265
2,0.4577482
3,-0.117581
4,-0.082741566
5,-0.1431434
6,-0.66650075
7,-0.29201624
8,0.87807816
9,1.263484
