position,examination
0,0.91058004
1,0.2325447
2,-0.072219856
3,-0.37366375
4,-0.57556885
5,-0.7360246
6,-0.5186317
7,-0.17515911
8,0.45364383
9,0.85240847
