position,examination
0,2.9105802
1,0.326645
2,-0.057715278
3,-0.46889815
4,-0.70571864
5,-0.68750435
6,-1.0903976
7,-0.81542706
8,0.13557017
9,0.45352945
