position,examination
0,-1.08942
1,0.59770095
2,0.3295063
3,-0.1548505
4,-0.11462319
5,-0.21543165
6,-0.93496704
7,-0.2072159
8,0.7539183
9,1.032972
