position,examination
0,-0.08941996
1,0.5916409
2,0.24281697
3,-0.3176457
4,-0.3145408
5,-0.4105106
6,-0.8204386
7,-0.50139886
8,0.57722646
9,1.0260712
