position,examination
0,3.9105802
1,0.28724885
2,-0.14580418
3,-0.7227955
4,-0.8205909
5,-0.8010068
6,-1.2375277
7,-1.1166123
8,0.1454629
9,0.5019508
