position,examination
0,1.91058
1,0.19883834
2,-0.1469042
3,-0.32595047
4,-0.77537745
5,-0.8663964
6,-0.26805574
7,-0.17224653
8,0.183949
9,0.28499436
