position,examination
0,0.0
1,0.8098031
2,0.35460344
3,-0.5614947
4,-0.71281195
5,-0.30493346
6,-0.72629124
7,-1.638539
8,-0.3286067
9,1.6625594
