position,examination
0,2.5142274
1,0.72920734
2,0.33781305
3,0.018834706
4,-0.20334135
5,-0.34835038
6,-0.5933396
7,-0.80666596
8,-0.8197264
9,-0.7240271
