position,examination
0,0.5142273
1,0.83570606
2,0.48525035
3,0.2052285
4,0.0012308563
5,-0.13303524
6,-0.3612084
7,-0.5641958
8,-0.57523805
9,-0.48424506
