position,examination
0,-0.48577273
1,0.90884584
2,0.52070814
3,0.20144574
4,0.0003684131
5,-0.12685007
6,-0.36119774
7,-0.57865477
8,-0.5823137
9,-0.49231339
