position,examination
0,1.5142273
1,0.78856087
2,0.41428247
3,0.11403399
4,-0.09258873
5,-0.24047953
6,-0.49271655
7,-0.6839421
8,-0.72840923
9,-0.5948332
