position,examination
0,4.5142274
1,0.6937586
2,0.29752433
3,-0.02720713
4,-0.2291492
5,-0.35663247
6,-0.59224415
7,-0.81023395
8,-0.81390935
9,-0.7236018
