position,examination
0,3.5142274
1,0.69565266
2,0.30023512
3,-0.024102496
4,-0.22658183
5,-0.35438797
6,-0.58997405
7,-0.8078038
8,-0.811681
9,-0.72153556
