position,examination
0,-1.4857727
1,0.9207039
2,0.52784
3,0.20507464
4,0.003674597
5,-0.123590425
6,-0.35873076
7,-0.5765749
8,-0.5801721
9,-0.48991773
