position,examination
0,0.0
1,2.1816058
2,1.7712686
3,1.5492867
4,1.2479545
5,1.1015387
6,1.3718491
7,1.8795749
8,2.3555746
9,2.5070546
