position,examination
0,0.0
1,1.1816059
2,0.7712686
3,0.5492867
4,0.24795449
5,0.10153866
6,0.37184906
7,0.8795749
8,1.3555745
9,1.5070546
