position,examination
0,0.0
1,-3.8183942
2,-4.228731
3,-4.450713
4,-4.7520456
5,-4.8984613
6,-4.628151
7,-4.120425
8,-3.6444254
9,-3.4929454
