position,examination
0,0.0
1,-0.81839406
2,-1.2287314
3,-1.4507133
4,-1.7520455
5,-1.8984613
6,-1.6281509
7,-1.1204251
8,-0.6444255
9,-0.4929455
