position,examination
0,0.0
1,-2.8183942
2,-3.2287314
3,-3.4507132
4,-3.7520456
5,-3.8984613
6,-3.628151
7,-3.1204252
8,-2.6444254
9,-2.4929454
