position,examination
0,0.0
1,0.18160594
2,-0.2287314
3,-0.45071328
4,-0.7520455
5,-0.89846134
6,-0.62815094
7,-0.120425105
8,0.3555745
9,0.5070545
