position,examination
0,0.0
1,-0.818106
2,-1.2283958
3,-1.450464
4,-1.7518001
5,-1.8981116
6,-1.6278124
7,-1.1196162
8,-0.6437042
9,-0.4924308
