position,examination
0,0.0
1,-1.8183941
2,-2.2287314
3,-2.4507132
4,-2.7520456
5,-2.8984613
6,-2.628151
7,-2.1204252
8,-1.6444255
9,-1.4929454
