feature,relevance
0,8.638105
1,-3.6812072
