feature,relevance
0,2.2442434
1,-3.6574721
