feature,relevance
0,-2.5932612
1,-3.5382063
