feature,relevance
0,3.6916697
1,-3.4387102
