feature,relevance
0,-2.691574
1,-3.6769128
