feature,relevance
0,-2.8762503
1,-3.6637516
