feature,relevance
0,-1.6192011
1,-4.6067867
