feature,relevance
0,-1.5656818
1,-4.6074305
