feature,relevance
0,-2.7272818
1,-3.5152478
