position,examination
0,4.5012474
1,0.7545076
2,0.43140936
3,0.07052233
4,-0.14966582
5,-0.37175906
6,-0.54501754
7,-0.8444679
8,-0.6846874
9,-0.42695373
