position,examination
0,-0.49875283
1,0.7812701
2,0.45809212
3,0.09768641
4,-0.12119134
5,-0.34115112
6,-0.5155031
7,-0.8135817
8,-0.6550933
9,-0.39671773
