position,examination
0,2.5012472
1,0.7648627
2,0.44129467
3,0.080428556
4,-0.13954996
5,-0.36127263
6,-0.53494185
7,-0.8343585
8,-0.6747114
9,-0.4167691
