position,examination
0,3.5012472
1,0.76057434
2,0.43741417
3,0.076493785
4,-0.14369287
5,-0.36578327
6,-0.53904206
7,-0.83849114
8,-0.6787128
9,-0.42097458
