position,examination
0,-1.4987528
1,0.7848339
2,0.4619359
3,0.10180843
4,-0.11676671
5,-0.33636713
6,-0.5103892
7,-0.8077663
8,-0.6495838
9,-0.39154482
