position,examination
0,0.50124717
1,0.77818435
2,0.4548322
3,0.094233625
4,-0.1250281
5,-0.3455832
6,-0.51999605
7,-0.8188375
8,-0.6598702
9,-0.4013889
