position,examination
0,1.5012472
1,0.7760826
2,0.44064915
3,0.08002366
4,-0.1275389
5,-0.3485969
6,-0.522883
7,-0.8221293
8,-0.67479646
9,-0.40445083
